sequence,simulation_time,control_step,event_type,key,motor,applied,effectiveness_before_1,effectiveness_before_2,effectiveness_before_3,effectiveness_before_4,effectiveness_after_1,effectiveness_after_2,effectiveness_after_3,effectiveness_after_4,target_before_1,target_before_2,target_before_3,target_after_1,target_after_2,target_after_3
0,0.07000000000000005,7,pause,Space,,True,1.0,1.0,1.0,1.0,1.0,1.0,1.0,1.0,0.0,0.0,1.0,0.0,0.0,1.0
26,0.07000000000000005,7,resume,Space,,True,1.0,1.0,1.0,1.0,1.0,1.0,1.0,1.0,0.0,0.0,1.0,0.0,0.0,1.0
1,0.07000000000000005,7,degrade,1,1,True,1.0,1.0,1.0,1.0,0.98,1.0,1.0,1.0,0.0,0.0,1.0,0.0,0.0,1.0
2,0.07000000000000005,7,degrade,1,1,True,0.98,1.0,1.0,1.0,0.96,1.0,1.0,1.0,0.0,0.0,1.0,0.0,0.0,1.0
3,0.07000000000000005,7,degrade,1,1,True,0.96,1.0,1.0,1.0,0.94,1.0,1.0,1.0,0.0,0.0,1.0,0.0,0.0,1.0
4,0.07000000000000005,7,degrade,1,1,True,0.94,1.0,1.0,1.0,0.92,1.0,1.0,1.0,0.0,0.0,1.0,0.0,0.0,1.0
5,0.07000000000000005,7,degrade,1,1,True,0.92,1.0,1.0,1.0,0.9,1.0,1.0,1.0,0.0,0.0,1.0,0.0,0.0,1.0
6,0.07000000000000005,7,degrade,1,1,True,0.9,1.0,1.0,1.0,0.88,1.0,1.0,1.0,0.0,0.0,1.0,0.0,0.0,1.0
7,0.07000000000000005,7,degrade,1,1,True,0.88,1.0,1.0,1.0,0.86,1.0,1.0,1.0,0.0,0.0,1.0,0.0,0.0,1.0
8,0.07000000000000005,7,degrade,1,1,True,0.86,1.0,1.0,1.0,0.84,1.0,1.0,1.0,0.0,0.0,1.0,0.0,0.0,1.0
9,0.07000000000000005,7,degrade,1,1,True,0.84,1.0,1.0,1.0,0.82,1.0,1.0,1.0,0.0,0.0,1.0,0.0,0.0,1.0
10,0.07000000000000005,7,degrade,1,1,True,0.82,1.0,1.0,1.0,0.8,1.0,1.0,1.0,0.0,0.0,1.0,0.0,0.0,1.0
11,0.07000000000000005,7,degrade,1,1,True,0.8,1.0,1.0,1.0,0.78,1.0,1.0,1.0,0.0,0.0,1.0,0.0,0.0,1.0
12,0.07000000000000005,7,degrade,1,1,True,0.78,1.0,1.0,1.0,0.76,1.0,1.0,1.0,0.0,0.0,1.0,0.0,0.0,1.0
13,0.07000000000000005,7,degrade,1,1,True,0.76,1.0,1.0,1.0,0.74,1.0,1.0,1.0,0.0,0.0,1.0,0.0,0.0,1.0
14,0.07000000000000005,7,degrade,1,1,True,0.74,1.0,1.0,1.0,0.72,1.0,1.0,1.0,0.0,0.0,1.0,0.0,0.0,1.0
15,0.07000000000000005,7,degrade,1,1,True,0.72,1.0,1.0,1.0,0.7,1.0,1.0,1.0,0.0,0.0,1.0,0.0,0.0,1.0
16,0.07000000000000005,7,degrade,2,2,True,0.7,1.0,1.0,1.0,0.7,0.98,1.0,1.0,0.0,0.0,1.0,0.0,0.0,1.0
17,0.07000000000000005,7,degrade,3,3,True,0.7,0.98,1.0,1.0,0.7,0.98,0.98,1.0,0.0,0.0,1.0,0.0,0.0,1.0
18,0.07000000000000005,7,degrade,4,4,True,0.7,0.98,0.98,1.0,0.7,0.98,0.98,0.98,0.0,0.0,1.0,0.0,0.0,1.0
19,0.07000000000000005,7,target,W,,True,0.7,0.98,0.98,0.98,0.7,0.98,0.98,0.98,0.0,0.0,1.0,0.02,0.0,1.0
20,0.07000000000000005,7,target,S,,True,0.7,0.98,0.98,0.98,0.7,0.98,0.98,0.98,0.02,0.0,1.0,0.0,0.0,1.0
21,0.07000000000000005,7,target,D,,True,0.7,0.98,0.98,0.98,0.7,0.98,0.98,0.98,0.0,0.0,1.0,0.0,0.02,1.0
22,0.07000000000000005,7,target,A,,True,0.7,0.98,0.98,0.98,0.7,0.98,0.98,0.98,0.0,0.02,1.0,0.0,0.0,1.0
23,0.07000000000000005,7,target,R,,True,0.7,0.98,0.98,0.98,0.7,0.98,0.98,0.98,0.0,0.0,1.0,0.0,0.0,1.02
24,0.07000000000000005,7,target,F,,True,0.7,0.98,0.98,0.98,0.7,0.98,0.98,0.98,0.0,0.0,1.02,0.0,0.0,1.0
25,0.07000000000000005,7,restore,0,,True,0.7,0.98,0.98,0.98,1.0,1.0,1.0,1.0,0.0,0.0,1.0,0.0,0.0,1.0
27,0.18000000000000013,18,target,W,,True,1.0,1.0,1.0,1.0,1.0,1.0,1.0,1.0,0.0,0.0,1.0,0.02,0.0,1.0
28,0.22000000000000017,22,degrade,1,1,True,1.0,1.0,1.0,1.0,0.98,1.0,1.0,1.0,0.02,0.0,1.0,0.02,0.0,1.0
29,0.2700000000000002,27,restore,0,,True,0.98,1.0,1.0,1.0,1.0,1.0,1.0,1.0,0.02,0.0,1.0,0.02,0.0,1.0
30,0.3100000000000002,31,quit,Q,,True,1.0,1.0,1.0,1.0,1.0,1.0,1.0,1.0,0.02,0.0,1.0,0.02,0.0,1.0
