key,period_s,label,variant,completed,duration_s,termination_reasons,prefault__samples,prefault__observed_start_time,prefault__observed_end_time,prefault__position_rmse_xy,prefault__position_rmse_z,prefault__position_rmse_3d,prefault__max_xy_error_m,prefault__max_abs_z_error_m,prefault__velocity_reference_error_rms_xy,prefault__velocity_reference_error_rms_z,prefault__mean_error_xyz_m,prefault__mean_xy_offset_m,prefault__mean_z_error_m,prefault__roll_rms_deg,prefault__pitch_rms_deg,prefault__tilt_max_deg,prefault__yaw_max_abs_deg,prefault__omega_max_rad_s,prefault__radial_error_mean_m,prefault__radial_error_rms_m,prefault__tangential_error_mean_m,prefault__tangential_error_rms_m,prefault__clipping__duration_s_per_channel,prefault__clipping__longest_continuous_s_per_channel,prefault__clipping__duration_any_s,prefault__clipping__longest_continuous_any_s,prefault__esc_boundary__duration_s_per_channel,prefault__esc_boundary__longest_continuous_s_per_channel,prefault__esc_boundary__duration_any_s,prefault__esc_boundary__longest_continuous_any_s,prefault__action_boundary__duration_s_per_channel,prefault__action_boundary__longest_continuous_s_per_channel,prefault__action_boundary__duration_any_s,prefault__action_boundary__longest_continuous_any_s,prefault__integral_freeze__duration_s_per_channel,prefault__integral_freeze__longest_continuous_s_per_channel,prefault__integral_freeze__duration_any_s,prefault__integral_freeze__longest_continuous_any_s,prefault__physics_allocation_residual_xml_rms,prefault__physics_actuator_response_residual_xml_rms,post__samples,post__observed_start_time,post__observed_end_time,post__position_rmse_xy,post__position_rmse_z,post__position_rmse_3d,post__max_xy_error_m,post__max_abs_z_error_m,post__velocity_reference_error_rms_xy,post__velocity_reference_error_rms_z,post__mean_error_xyz_m,post__mean_xy_offset_m,post__mean_z_error_m,post__roll_rms_deg,post__pitch_rms_deg,post__tilt_max_deg,post__yaw_max_abs_deg,post__omega_max_rad_s,post__radial_error_mean_m,post__radial_error_rms_m,post__tangential_error_mean_m,post__tangential_error_rms_m,post__clipping__duration_s_per_channel,post__clipping__longest_continuous_s_per_channel,post__clipping__duration_any_s,post__clipping__longest_continuous_any_s,post__esc_boundary__duration_s_per_channel,post__esc_boundary__longest_continuous_s_per_channel,post__esc_boundary__duration_any_s,post__esc_boundary__longest_continuous_any_s,post__action_boundary__duration_s_per_channel,post__action_boundary__longest_continuous_s_per_channel,post__action_boundary__duration_any_s,post__action_boundary__longest_continuous_any_s,post__integral_freeze__duration_s_per_channel,post__integral_freeze__longest_continuous_s_per_channel,post__integral_freeze__duration_any_s,post__integral_freeze__longest_continuous_any_s,post__physics_allocation_residual_xml_rms,post__physics_actuator_response_residual_xml_rms,last_lap__samples,last_lap__observed_start_time,last_lap__observed_end_time,last_lap__position_rmse_xy,last_lap__position_rmse_z,last_lap__position_rmse_3d,last_lap__max_xy_error_m,last_lap__max_abs_z_error_m,last_lap__velocity_reference_error_rms_xy,last_lap__velocity_reference_error_rms_z,last_lap__mean_error_xyz_m,last_lap__mean_xy_offset_m,last_lap__mean_z_error_m,last_lap__roll_rms_deg,last_lap__pitch_rms_deg,last_lap__tilt_max_deg,last_lap__yaw_max_abs_deg,last_lap__omega_max_rad_s,last_lap__radial_error_mean_m,last_lap__radial_error_rms_m,last_lap__tangential_error_mean_m,last_lap__tangential_error_rms_m,last_lap__clipping__duration_s_per_channel,last_lap__clipping__longest_continuous_s_per_channel,last_lap__clipping__duration_any_s,last_lap__clipping__longest_continuous_any_s,last_lap__esc_boundary__duration_s_per_channel,last_lap__esc_boundary__longest_continuous_s_per_channel,last_lap__esc_boundary__duration_any_s,last_lap__esc_boundary__longest_continuous_any_s,last_lap__action_boundary__duration_s_per_channel,last_lap__action_boundary__longest_continuous_s_per_channel,last_lap__action_boundary__duration_any_s,last_lap__action_boundary__longest_continuous_any_s,last_lap__integral_freeze__duration_s_per_channel,last_lap__integral_freeze__longest_continuous_s_per_channel,last_lap__integral_freeze__duration_any_s,last_lap__integral_freeze__longest_continuous_any_s,last_lap__physics_allocation_residual_xml_rms,last_lap__physics_actuator_response_residual_xml_rms,observed_partial_post,estimation__confirmed_detection_time,estimation__detection_delay_s,estimation__first_compensation_time,estimation__first_compensation_delay_s,estimation__false_positive_episodes,estimation__false_positive_seconds,estimation__misidentification_seconds,estimation__uncertain_seconds,estimation__insufficient_data_seconds,estimation__detection_null_reason,estimation__compensation_null_reason,estimation__runtime_ms__median,estimation__runtime_ms__p95,estimation__runtime_ms__max,estimation__runtime_ms__over_10ms_count,estimation__efficiency_windows__post_first_05s__full__mae,estimation__efficiency_windows__post_first_05s__full__rmse,estimation__efficiency_windows__post_first_05s__full__samples,estimation__efficiency_windows__post_first_05s__partial,estimation__efficiency_windows__post_first_1s__full__mae,estimation__efficiency_windows__post_first_1s__full__rmse,estimation__efficiency_windows__post_first_1s__full__samples,estimation__efficiency_windows__post_first_1s__partial,estimation__efficiency_windows__post_all__full__mae,estimation__efficiency_windows__post_all__full__rmse,estimation__efficiency_windows__post_all__full__samples,estimation__efficiency_windows__post_all__partial,estimation__efficiency_windows__last_lap__full__mae,estimation__efficiency_windows__last_lap__full__rmse,estimation__efficiency_windows__last_lap__full__samples,estimation__efficiency_windows__last_lap__partial
T10-PID-healthy,10.0,PID,healthy,True,56.0,[],1000,16.0,26.0,0.15295322119257038,4.3860948750633276e-07,0.15295322119319926,0.1530843721764285,9.895196350084845e-07,0.09647020162089505,1.0357758261987901e-07,"[0.00011229164329542063, 4.659151793144545e-05, -3.612884944612649e-07]",0.00012157377470960663,-3.612884944612649e-07,1.646022366567539,1.6450032423708276,2.3270690379867855,0.047194879628076045,0.02546965104660722,-0.0018275210912386505,0.0018312276180702492,-0.1529422385021519,0.15294225864225422,"[0.0, 0.0, 0.0, 0.0]","[0.0, 0.0, 0.0, 0.0]",0.0,0.0,"[0.0, 0.0, 0.0, 0.0]","[0.0, 0.0, 0.0, 0.0]",0.0,0.0,"[0.0, 0.0, 0.0, 0.0]","[0.0, 0.0, 0.0, 0.0]",0.0,0.0,[0.0],[0.0],0.0,0.0,"[2.781309162173332e-09, 2.782415893895181e-09, 2.010749140854904e-19, 3.952612263917331e-17]","[1.9268856695089742e-05, 1.927649716767895e-05, 5.047943626883299e-07, 7.3193778004711076e-06]",3000,26.0,56.0,0.15292226442927062,2.2070225163115193e-08,0.1529222644292722,0.15293484957524753,8.996591538412702e-08,0.09647780103450504,1.2476200048587383e-08,"[3.384555443793717e-06, 1.4042919950514783e-06, -1.0886558342101023e-08]",3.6643214323363263e-06,-1.0886558342101023e-08,1.6460297390665084,1.6450135705505406,2.327042688205931,0.047194245766589586,0.0254696310721945,-0.0018576716476855232,0.0018576804550936687,-0.15291098052718416,0.15291098057857888,"[0.0, 0.0, 0.0, 0.0]","[0.0, 0.0, 0.0, 0.0]",0.0,0.0,"[0.0, 0.0, 0.0, 0.0]","[0.0, 0.0, 0.0, 0.0]",0.0,0.0,"[0.0, 0.0, 0.0, 0.0]","[0.0, 0.0, 0.0, 0.0]",0.0,0.0,[0.0],[0.0],0.0,0.0,"[2.781309122248684e-09, 2.7824158678840575e-09, 2.0398608818172509e-19, 3.9265393390956675e-17]","[1.9268856428223843e-05, 1.927649698804921e-05, 5.047970804579329e-07, 7.319611092821215e-06]",1000,46.0,56.0,0.15292132249110918,5.202729462515259e-09,0.15292132249110926,0.1529214570709756,1.0454120236147446e-08,0.09647803290928772,1.30267962308312e-08,"[6.413137044092299e-08, 2.660888907338177e-08, -2.0257851673921578e-10]",6.94324538839758e-08,-2.0257851673921578e-10,1.6460299634930748,1.6450138840301283,2.3270407198601633,0.04719418882434417,0.02546961573664297,-0.0018585909022941583,0.001858590904184904,-0.15291002750726893,0.15291002750729166,"[0.0, 0.0, 0.0, 0.0]","[0.0, 0.0, 0.0, 0.0]",0.0,0.0,"[0.0, 0.0, 0.0, 0.0]","[0.0, 0.0, 0.0, 0.0]",0.0,0.0,"[0.0, 0.0, 0.0, 0.0]","[0.0, 0.0, 0.0, 0.0]",0.0,0.0,[0.0],[0.0],0.0,0.0,"[2.781309121052667e-09, 2.7824158670809673e-09, 2.0467436626997327e-19, 3.952612263917326e-17]","[1.92688564200943e-05, 1.927649698256496e-05, 5.047971627697306e-07, 7.319618194501963e-06]",,,,,,0,0.0,0.0,0.04000000000000001,0.19000000000000003,not_applicable,blind_by_design,0.502081,0.7473647000000004,2.188214,0,,,,,,,,,,,,,,,,
T10-PID-blind_fault,10.0,PID,blind_fault,True,56.0,[],1000,16.0,26.0,0.15295322119257038,4.3860948750633276e-07,0.15295322119319926,0.1530843721764285,9.895196350084845e-07,0.09647020162089505,1.0357758261987901e-07,"[0.00011229164329542063, 4.659151793144545e-05, -3.612884944612649e-07]",0.00012157377470960663,-3.612884944612649e-07,1.646022366567539,1.6450032423708276,2.3270690379867855,0.047194879628076045,0.02546965104660722,-0.0018275210912386505,0.0018312276180702492,-0.1529422385021519,0.15294225864225422,"[0.0, 0.0, 0.0, 0.0]","[0.0, 0.0, 0.0, 0.0]",0.0,0.0,"[0.0, 0.0, 0.0, 0.0]","[0.0, 0.0, 0.0, 0.0]",0.0,0.0,"[0.0, 0.0, 0.0, 0.0]","[0.0, 0.0, 0.0, 0.0]",0.0,0.0,[0.0],[0.0],0.0,0.0,"[2.781309162173332e-09, 2.782415893895181e-09, 2.010749140854904e-19, 3.952612263917331e-17]","[1.9268856695089742e-05, 1.927649716767895e-05, 5.047943626883299e-07, 7.3193778004711076e-06]",3000,26.0,56.0,0.16436787318996535,0.01847008026389898,0.16540236274596382,0.2706403913105048,0.08817293941411308,0.12734170779277618,0.03803670152731648,"[0.01741315842764526, 0.015000151769204266, -0.008962364152180631]",0.022983094646401192,-0.008962364152180605,2.1815990390173803,2.090315460893772,15.69393691002069,6.049470573668145,3.1132860600938925,0.007947317825025672,0.03999870917773715,-0.15763796019137677,0.15942678884399364,"[0.0, 0.0, 0.0, 0.0]","[0.0, 0.0, 0.0, 0.0]",0.0,0.0,"[0.0, 0.0, 0.0, 0.0]","[0.0, 0.0, 0.0, 0.0]",0.0,0.0,"[0.0, 0.0, 0.0, 0.0]","[0.0, 0.0, 0.0, 0.0]",0.0,0.0,[0.0],[0.0],0.0,0.0,"[0.0016155949498149746, 0.001615594943583796, 0.0002714364672274573, 0.04569637495411745]","[8.09148191817762e-05, 8.184935386741128e-05, 1.2124252677279244e-05, 0.002219608009572514]",1000,46.0,56.0,0.15398194304794816,0.004431435212144911,0.1540456958271181,0.15937638346993158,0.00646620917403018,0.09713043986418758,0.0028326545847132427,"[0.0034087867254571345, 0.0002932079999261169, -0.00017220110491505126]",0.0034213736818525754,-0.00017220110491505248,1.6501783030491095,1.6490302466314144,2.3870941605610114,3.4313888422422876,0.028449221077743624,0.0005489596540998439,0.0022057594644487462,-0.15393813735794498,0.15396614371350134,"[0.0, 0.0, 0.0, 0.0]","[0.0, 0.0, 0.0, 0.0]",0.0,0.0,"[0.0, 0.0, 0.0, 0.0]","[0.0, 0.0, 0.0, 0.0]",0.0,0.0,"[0.0, 0.0, 0.0, 0.0]","[0.0, 0.0, 0.0, 0.0]",0.0,0.0,[0.0],[0.0],0.0,0.0,"[0.0016135112434245901, 0.0016135112435048855, 0.0002710863184741763, 0.04563742735255494]","[1.59088434330736e-05, 1.563815815739892e-05, 1.7594740432240633e-06, 3.0779153054761584e-05]",,26.080000000000002,0.08000000000000185,,,0,0.0,0.0,0.11000000000000029,0.19000000000000003,,blind_by_design,0.49680250000000004,0.6612433000000001,2.190977,0,0.050438071967755745,0.11439634025390265,50,,0.025219082140461667,0.0808904279365106,100,,0.000840637410655827,0.014768504022359711,3000,,1.4016788663084867e-10,1.6261135308971562e-10,1000,
T10-A_best-healthy,10.0,A_best,healthy,True,56.0,[],1000,16.0,26.0,0.38062256824713714,0.14352161354886991,0.4067824885792378,0.39768170970392186,0.20411799116639617,0.24106753368620487,0.09063690904300263,"[-0.006834547550221708, -0.0023141502988781788, -0.0011810500197868637]",0.007215700369474852,-0.001181050019786923,1.7434854502334447,1.7080530058991004,2.482831045549955,7.607553563957474,0.08985584599154772,-0.014157121730385929,0.019788947279796434,-0.3799166909251645,0.3801077965848688,"[0.0, 0.0, 0.0, 0.0]","[0.0, 0.0, 0.0, 0.0]",0.0,0.0,"[0.0, 0.0, 0.0, 0.0]","[0.0, 0.0, 0.0, 0.0]",0.0,0.0,"[0.0, 0.0, 0.0, 0.0]","[0.0, 0.0, 0.0, 0.0]",0.0,0.0,[0.0],[0.0],0.0,0.0,"[4.2106253015042304e-11, 3.981626874736703e-11, 1.8585792102074907e-19, 4.5335994933939463e-17]","[1.7277714690960422e-08, 1.5197805666168072e-08, 3.7654080417600326e-08, 7.676348837125794e-05]",3000,26.0,56.0,0.38232038061515117,0.14420931884087926,0.40861375536595,0.3989919633237297,0.2062640179377737,0.24068248849821014,0.09063557555196489,"[-0.00024415285491458783, -8.042472070355069e-05, -1.720558950202622e-05]",0.00025705787726344417,-1.7205589502050126e-05,1.743004200560738,1.707635628960064,2.482383315226121,7.627604487043876,0.08995332009810802,-0.012637121585373732,0.01675819136709048,-0.38180351655795886,0.3819529243975205,"[0.0, 0.0, 0.0, 0.0]","[0.0, 0.0, 0.0, 0.0]",0.0,0.0,"[0.0, 0.0, 0.0, 0.0]","[0.0, 0.0, 0.0, 0.0]",0.0,0.0,"[0.0, 0.0, 0.0, 0.0]","[0.0, 0.0, 0.0, 0.0]",0.0,0.0,[0.0],[0.0],0.0,0.0,"[4.142942801080255e-11, 4.00187086078426e-11, 1.828590081342944e-19, 4.468561475844796e-17]","[9.438468918688853e-09, 9.23232530545267e-09, 3.7670991547444905e-08, 7.661424798483969e-05]",1000,46.0,56.0,0.3823852908335863,0.14422269235658897,0.4086792087156743,0.3989919633237297,0.2062640179377737,0.24066889516207704,0.09063542558029457,"[-6.098603557839088e-06, -2.0082986382806146e-06, 6.969744651432741e-07]",6.420765435382869e-06,6.969744651357246e-07,1.7429896301876848,1.7076148398412154,2.482184507728476,7.627604487043876,0.08995332009810802,-0.012582892511055573,0.016685680473908202,-0.38187224040344697,0.3820210710327495,"[0.0, 0.0, 0.0, 0.0]","[0.0, 0.0, 0.0, 0.0]",0.0,0.0,"[0.0, 0.0, 0.0, 0.0]","[0.0, 0.0, 0.0, 0.0]",0.0,0.0,"[0.0, 0.0, 0.0, 0.0]","[0.0, 0.0, 0.0, 0.0]",0.0,0.0,[0.0],[0.0],0.0,0.0,"[4.1431491996936415e-11, 4.001206952542024e-11, 1.8177519530749004e-19, 4.4857681682135996e-17]","[9.436317154723534e-09, 9.230777977024172e-09, 3.7670983234607015e-08, 7.661495391518809e-05]",,,,,,0,0.0,0.0,0.04000000000000001,0.19000000000000003,not_applicable,blind_by_design,0.48752300000000004,0.6700185500000001,3.002284,0,,,,,,,,,,,,,,,,
T10-A_best-blind_fault,10.0,A_best,blind_fault,True,56.0,[],1000,16.0,26.0,0.38062256824713714,0.14352161354886991,0.4067824885792378,0.39768170970392186,0.20411799116639617,0.24106753368620487,0.09063690904300263,"[-0.006834547550221708, -0.0023141502988781788, -0.0011810500197868637]",0.007215700369474852,-0.001181050019786923,1.7434854502334447,1.7080530058991004,2.482831045549955,7.607553563957474,0.08985584599154772,-0.014157121730385929,0.019788947279796434,-0.3799166909251645,0.3801077965848688,"[0.0, 0.0, 0.0, 0.0]","[0.0, 0.0, 0.0, 0.0]",0.0,0.0,"[0.0, 0.0, 0.0, 0.0]","[0.0, 0.0, 0.0, 0.0]",0.0,0.0,"[0.0, 0.0, 0.0, 0.0]","[0.0, 0.0, 0.0, 0.0]",0.0,0.0,[0.0],[0.0],0.0,0.0,"[4.2106253015042304e-11, 3.981626874736703e-11, 1.8585792102074907e-19, 4.5335994933939463e-17]","[1.7277714690960422e-08, 1.5197805666168072e-08, 3.7654080417600326e-08, 7.676348837125794e-05]",3000,26.0,56.0,0.3901975072052465,0.13923157449837126,0.41429400908833325,0.4808092761412654,0.21636048654137163,0.24888656851996654,0.08829022433750267,"[0.01643894802164182, 0.010676081811411185, -0.009154396084243064]",0.019601472773804172,-0.009154396084243047,2.2903083522923504,1.9359469119322965,8.538566095140245,14.101690416313724,1.901285500724375,-0.008900135549803694,0.03052427793074192,-0.3880717718998876,0.38900175203460874,"[0.0, 0.0, 0.0, 0.0]","[0.0, 0.0, 0.0, 0.0]",0.0,0.0,"[0.0, 0.0, 0.0, 0.0]","[0.0, 0.0, 0.0, 0.0]",0.0,0.0,"[0.0, 0.0, 0.0, 0.0]","[0.0, 0.0, 0.0, 0.0]",0.0,0.0,[0.0],[0.0],0.0,0.0,"[0.0016153869436898705, 0.001615386939211713, 0.0002714015202972966, 0.04569049163254165]","[0.0001329303363779114, 0.00014962596607461675, 7.77647219465323e-06, 0.004745211341997612]",1000,46.0,56.0,0.3833268551121622,0.14256049684003574,0.4089779616427497,0.40138722153893913,0.20195787766793383,0.2411478951343142,0.08966256136351576,"[0.0004441054916314728, 0.0003160350817868407, -0.00026472646078703723]",0.0005450760136139246,-0.0002647264607869886,1.7467960729619996,1.7071770431530813,2.523573442899905,14.087567852321191,0.09121169220958567,-0.01171024434865026,0.01697804501115914,-0.3827648556262624,0.3829506806858811,"[0.0, 0.0, 0.0, 0.0]","[0.0, 0.0, 0.0, 0.0]",0.0,0.0,"[0.0, 0.0, 0.0, 0.0]","[0.0, 0.0, 0.0, 0.0]",0.0,0.0,"[0.0, 0.0, 0.0, 0.0]","[0.0, 0.0, 0.0, 0.0]",0.0,0.0,[0.0],[0.0],0.0,0.0,"[0.0016136648144975407, 0.0016136648150504422, 0.0002711121196500666, 0.0456417709848597]","[1.5557799149798423e-07, 1.0690310086542029e-07, 3.976417008107028e-08, 7.760102263346116e-05]",,26.080000000000002,0.08000000000000185,,,0,0.0,0.0,0.11000000000000029,0.19000000000000003,,blind_by_design,0.489456,0.6916549500000001,1.833548,0,0.05004014962316809,0.11415329572077436,50,,0.02502013125632403,0.08071856949900134,100,,0.0008340274733521838,0.014737127108153275,3000,,1.2124973223226476e-09,1.4163832402992853e-09,1000,
T10-A_best-oracle_fault,10.0,A_best,oracle_fault,True,56.0,[],1000,16.0,26.0,0.38062256824713714,0.14352161354886991,0.4067824885792378,0.39768170970392186,0.20411799116639617,0.24106753368620487,0.09063690904300263,"[-0.006834547550221708, -0.0023141502988781788, -0.0011810500197868637]",0.007215700369474852,-0.001181050019786923,1.7434854502334447,1.7080530058991004,2.482831045549955,7.607553563957474,0.08985584599154772,-0.014157121730385929,0.019788947279796434,-0.3799166909251645,0.3801077965848688,"[0.0, 0.0, 0.0, 0.0]","[0.0, 0.0, 0.0, 0.0]",0.0,0.0,"[0.0, 0.0, 0.0, 0.0]","[0.0, 0.0, 0.0, 0.0]",0.0,0.0,"[0.0, 0.0, 0.0, 0.0]","[0.0, 0.0, 0.0, 0.0]",0.0,0.0,[0.0],[0.0],0.0,0.0,"[4.2106253015042304e-11, 3.981626874736703e-11, 1.8585792102074907e-19, 4.5335994933939463e-17]","[1.7277714690960422e-08, 1.5197805666168072e-08, 3.7654080417600326e-08, 7.676348837125794e-05]",3000,26.0,56.0,0.38229447590338367,0.14412688120418032,0.4085604290577915,0.3989879851563253,0.20659571766817053,0.2407170308300372,0.09062235575290359,"[-0.00024399446367000255, -8.03400411641296e-05, -1.7399544982050984e-05]",0.00025688094619077186,-1.7399544982052837e-05,1.7537178633057142,1.7136071272496183,4.007990115503903,7.628401903061651,1.3802347701323971,-0.01250937581667851,0.016572347674982287,-0.3817875575630333,0.3819351039100521,"[0.0, 0.0, 0.0, 0.0]","[0.0, 0.0, 0.0, 0.0]",0.0,0.0,"[0.0, 0.0, 0.0, 0.0]","[0.0, 0.0, 0.0, 0.0]",0.0,0.0,"[0.0, 0.0, 0.0, 0.0]","[0.0, 0.0, 0.0, 0.0]",0.0,0.0,[0.0],[0.0],0.0,0.0,"[2.986497471891462e-08, 3.282594131706167e-08, 3.0737290518064587e-18, 9.232223763470619e-17]","[0.00019595263911689208, 0.00021449702446836854, 1.1659141850991668e-05, 0.003592289205203819]",1000,46.0,56.0,0.3823838495901806,0.14422498436124145,0.40867866905602773,0.3989879851563253,0.20627213175887538,0.24066932997565238,0.09063535965624228,"[-1.0920631613141607e-05, -4.032959258010671e-06, 5.577252783835807e-06]",1.1641518595386165e-05,5.577252783801612e-06,1.742978647993698,1.7076435064566289,2.482692774895189,7.627617093609673,0.08995885067792837,-0.01258410969421054,0.016687115767907892,-0.38187072952973133,0.38201956572243034,"[0.0, 0.0, 0.0, 0.0]","[0.0, 0.0, 0.0, 0.0]",0.0,0.0,"[0.0, 0.0, 0.0, 0.0]","[0.0, 0.0, 0.0, 0.0]",0.0,0.0,"[0.0, 0.0, 0.0, 0.0]","[0.0, 0.0, 0.0, 0.0]",0.0,0.0,[0.0],[0.0],0.0,0.0,"[4.14151048507448e-11, 4.010900643699397e-11, 3.074590027938194e-18, 9.225545843057814e-17]","[9.730956273212726e-09, 9.47374775428069e-09, 3.766485290932359e-08, 7.660735093809074e-05]",,26.07,0.07000000000000028,26.0,0.0,0,0.0,0.0,0.10000000000000228,0.19000000000000003,,,0.48624049999999996,0.6635178,4.753296,0,0.04401275086128839,0.10579956867258081,50,,0.022006390294116045,0.0748115924549982,100,,0.0007335484693082892,0.013658665583495924,3000,,9.477130780144449e-10,1.0623495594350597e-09,1000,
T10-A_best-estimated_fault,10.0,A_best,estimated_fault,True,56.0,[],1000,16.0,26.0,0.38062256824713714,0.14352161354886991,0.4067824885792378,0.39768170970392186,0.20411799116639617,0.24106753368620487,0.09063690904300263,"[-0.006834547550221708, -0.0023141502988781788, -0.0011810500197868637]",0.007215700369474852,-0.001181050019786923,1.7434854502334447,1.7080530058991004,2.482831045549955,7.607553563957474,0.08985584599154772,-0.014157121730385929,0.019788947279796434,-0.3799166909251645,0.3801077965848688,"[0.0, 0.0, 0.0, 0.0]","[0.0, 0.0, 0.0, 0.0]",0.0,0.0,"[0.0, 0.0, 0.0, 0.0]","[0.0, 0.0, 0.0, 0.0]",0.0,0.0,"[0.0, 0.0, 0.0, 0.0]","[0.0, 0.0, 0.0, 0.0]",0.0,0.0,[0.0],[0.0],0.0,0.0,"[4.2106253015042304e-11, 3.981626874736703e-11, 1.8585792102074907e-19, 4.5335994933939463e-17]","[1.7277714690960422e-08, 1.5197805666168072e-08, 3.7654080417600326e-08, 7.676348837125794e-05]",3000,26.0,56.0,0.38212476948705115,0.14395017378066366,0.40833930987233547,0.4001633675190782,0.2078324871982733,0.24148266972552168,0.09086412824998949,"[-0.00024359342716534822, -7.994653273836481e-05, -1.7797630559377664e-05]",0.0002563770774758271,-1.779763055937167e-05,1.8938051434816905,1.7658420691470824,7.384694239873184,7.632604653576752,1.901285500724375,-0.012143191344512512,0.0162940039913632,-0.3816282453951344,0.38177721892415395,"[0.0, 0.0, 0.0, 0.0]","[0.0, 0.0, 0.0, 0.0]",0.0,0.0,"[0.0, 0.0, 0.0, 0.0]","[0.0, 0.0, 0.0, 0.0]",0.0,0.0,"[0.0, 0.0, 0.0, 0.0]","[0.0, 0.0, 0.0, 0.0]",0.0,0.0,[0.0],[0.0],0.0,0.0,"[8.239225201669459e-05, 8.239199788583862e-05, 1.384416285979865e-05, 0.002330667148114246]","[0.00017936852267278898, 0.0002000188334985066, 1.191169067996018e-05, 0.0063619154224355875]",1000,46.0,56.0,0.3823807327086268,0.14423016196047023,0.4086775799648542,0.3989756881268855,0.20629069698459035,0.24067165600752682,0.09063481517439853,"[-2.316049548870236e-05, -1.4085922233898762e-05, 1.6333580712437624e-05]",2.7107595918148957e-05,1.6333580712412755e-05,1.7429498400832575,1.707722803048829,2.4846479973967153,7.627590300055867,0.08998402324847421,-0.01258881245745173,0.016691831326029884,-0.38186743454629707,0.3820162398560691,"[0.0, 0.0, 0.0, 0.0]","[0.0, 0.0, 0.0, 0.0]",0.0,0.0,"[0.0, 0.0, 0.0, 0.0]","[0.0, 0.0, 0.0, 0.0]",0.0,0.0,"[0.0, 0.0, 0.0, 0.0]","[0.0, 0.0, 0.0, 0.0]",0.0,0.0,[0.0],[0.0],0.0,0.0,"[4.244186871147412e-11, 3.98832437779292e-11, 9.595299250788574e-13, 1.615370180215791e-10]","[1.427981387254605e-08, 1.2880743616537938e-08, 3.768794411634379e-08, 7.655967189106486e-05]",,26.080000000000002,0.08000000000000185,26.080000000000002,0.08000000000000185,0,0.0,0.0,0.11000000000000029,0.19000000000000003,,,0.4858505,0.6636795000000001,6.067254,0,0.04959232061999016,0.11404447355922943,50,,0.024796184114755905,0.08064162061059184,100,,0.0008265452749495864,0.014723078227404672,3000,,9.464947177129091e-10,1.0619244795408336e-09,1000,
T10-B_best-healthy,10.0,B_best,healthy,True,56.0,[],1000,16.0,26.0,0.480132964705332,0.09960697966798526,0.490356211539438,0.5716602279960015,0.14070818061245172,0.3036014414128081,0.0627842517187636,"[-0.007525746951363239, -0.0015260877943447599, -0.0003902592725445262]",0.007678919919624188,-0.00039025927254451176,1.4691824419611306,1.7337977477454274,2.458753622392828,5.250519954896917,0.05685018068395375,-0.13170287053938634,0.1469909388237402,-0.45228829303541673,0.4570791263013955,"[0.0, 0.0, 0.0, 0.0]","[0.0, 0.0, 0.0, 0.0]",0.0,0.0,"[0.0, 0.0, 0.0, 0.0]","[0.0, 0.0, 0.0, 0.0]",0.0,0.0,"[0.0, 0.0, 0.0, 0.0]","[0.0, 0.0, 0.0, 0.0]",0.0,0.0,[0.0],[0.0],0.0,0.0,"[3.466304543458904e-11, 4.087292301262443e-11, 1.876338084953076e-19, 4.577566798522373e-17]","[7.876237758229603e-09, 9.616091323680938e-09, 2.279466353900748e-08, 5.3528711371691506e-05]",3000,26.0,56.0,0.48205475793533825,0.09989960252177561,0.49229739003178385,0.5700662470166412,0.14060216912110068,0.30332898820088966,0.06277853139361794,"[-0.0002481916699007134, -9.571609994611668e-05, 4.545854678324949e-06]",0.00026600879082654333,4.545854678309998e-06,1.4692403517885775,1.7329289007307456,2.453450846455295,5.265432007035303,0.05676354756959022,-0.1304643851200891,0.14596011134289882,-0.454669706636442,0.4594262025014096,"[0.0, 0.0, 0.0, 0.0]","[0.0, 0.0, 0.0, 0.0]",0.0,0.0,"[0.0, 0.0, 0.0, 0.0]","[0.0, 0.0, 0.0, 0.0]",0.0,0.0,"[0.0, 0.0, 0.0, 0.0]","[0.0, 0.0, 0.0, 0.0]",0.0,0.0,[0.0],[0.0],0.0,0.0,"[3.466187396031068e-11, 4.0890485540113484e-11, 1.9129031825060016e-19, 4.5741997022233717e-17]","[7.89399104717446e-09, 9.587510927404569e-09, 2.2792204910676576e-08, 5.354539447133817e-05]",1000,46.0,56.0,0.48210862499183627,0.09989999812113211,0.492350216732075,0.5699644369474807,0.14060216912110068,0.3033170602087412,0.06277821631619337,"[-5.384608627623799e-06, -3.520046710378144e-06, 5.320353781663733e-07]",6.433097148024786e-06,5.320353781357312e-07,1.4692365222965984,1.7329001401624167,2.452966614308007,5.265432007035303,0.056754565339272,-0.13040731361550592,0.14591352014087644,-0.45474324101181307,0.45949752004947436,"[0.0, 0.0, 0.0, 0.0]","[0.0, 0.0, 0.0, 0.0]",0.0,0.0,"[0.0, 0.0, 0.0, 0.0]","[0.0, 0.0, 0.0, 0.0]",0.0,0.0,"[0.0, 0.0, 0.0, 0.0]","[0.0, 0.0, 0.0, 0.0]",0.0,0.0,[0.0],[0.0],0.0,0.0,"[3.4662048928775665e-11, 4.0891069648538374e-11, 1.9005074358776505e-19, 4.53019971826751e-17]","[7.891945242123112e-09, 9.588054379452131e-09, 2.2792041231568693e-08, 5.3545877161684565e-05]",,,,,,0,0.0,0.0,0.04000000000000001,0.19000000000000003,not_applicable,blind_by_design,0.4888225,0.6603653,2.141053,0,,,,,,,,,,,,,,,,
T10-B_best-blind_fault,10.0,B_best,blind_fault,True,56.0,[],1000,16.0,26.0,0.480132964705332,0.09960697966798526,0.490356211539438,0.5716602279960015,0.14070818061245172,0.3036014414128081,0.0627842517187636,"[-0.007525746951363239, -0.0015260877943447599, -0.0003902592725445262]",0.007678919919624188,-0.00039025927254451176,1.4691824419611306,1.7337977477454274,2.458753622392828,5.250519954896917,0.05685018068395375,-0.13170287053938634,0.1469909388237402,-0.45228829303541673,0.4570791263013955,"[0.0, 0.0, 0.0, 0.0]","[0.0, 0.0, 0.0, 0.0]",0.0,0.0,"[0.0, 0.0, 0.0, 0.0]","[0.0, 0.0, 0.0, 0.0]",0.0,0.0,"[0.0, 0.0, 0.0, 0.0]","[0.0, 0.0, 0.0, 0.0]",0.0,0.0,[0.0],[0.0],0.0,0.0,"[3.466304543458904e-11, 4.087292301262443e-11, 1.876338084953076e-19, 4.577566798522373e-17]","[7.876237758229603e-09, 9.616091323680938e-09, 2.279466353900748e-08, 5.3528711371691506e-05]",3000,26.0,56.0,0.4838892010678958,0.09774995199969151,0.4936636628576874,0.5740918233968095,0.1424963709036845,0.30563775138138405,0.061906837248222164,"[0.018992806922160977, 0.01742194795045048, -0.0020878648483043543]",0.02577306705013378,-0.002087864848304342,1.7899401730834459,1.8201328807329082,9.229725826418465,10.518281186839467,2.1789025300022273,-0.12281215294419139,0.14101525001396764,-0.45796384944859037,0.4628860099134825,"[0.0, 0.0, 0.0, 0.0]","[0.0, 0.0, 0.0, 0.0]",0.0,0.0,"[0.0, 0.0, 0.0, 0.0]","[0.0, 0.0, 0.0, 0.0]",0.0,0.0,"[0.0, 0.0, 0.0, 0.0]","[0.0, 0.0, 0.0, 0.0]",0.0,0.0,[0.0],[0.0],0.0,0.0,"[0.0016147683948424273, 0.0016147684972359867, 0.0002712976066530714, 0.04567299775304244]","[0.0001192146989370893, 9.142388031881567e-05, 9.360387020358978e-06, 0.0019528109514837576]",1000,46.0,56.0,0.47885826405338056,0.09887979033989885,0.4889605812229443,0.5677390358717588,0.1399227299865945,0.30122309411113846,0.062156022584999096,"[0.0005105231428446377, 0.0004923305559116102, -2.088000149360414e-05]",0.0007092413239964247,-2.0880001493573274e-05,1.4578882278334517,1.7453747362522447,2.463050026812173,10.518281186839467,0.0562841758810095,-0.12766686174485423,0.14338035098118287,-0.4521395146750054,0.4568887304418111,"[0.0, 0.0, 0.0, 0.0]","[0.0, 0.0, 0.0, 0.0]",0.0,0.0,"[0.0, 0.0, 0.0, 0.0]","[0.0, 0.0, 0.0, 0.0]",0.0,0.0,"[0.0, 0.0, 0.0, 0.0]","[0.0, 0.0, 0.0, 0.0]",0.0,0.0,[0.0],[0.0],0.0,0.0,"[0.0016134610774526472, 0.001613461077466532, 0.00027107789007599283, 0.04563600843030179]","[7.573413365911897e-09, 9.809590142785202e-09, 2.265290807997714e-08, 5.293967553408403e-05]",,26.07,0.07000000000000028,,,0,0.0,0.0,0.10000000000000228,0.19000000000000003,,blind_by_design,0.4852395,0.6601182000000003,2.074827,0,0.04518373098549171,0.1065901610634288,50,,0.022591928902718342,0.07537062569583317,100,,0.0007530677851045043,0.013760730622301511,3000,,5.241913902942485e-10,5.839120776579662e-10,1000,
T10-B_best-oracle_fault,10.0,B_best,oracle_fault,True,56.0,[],1000,16.0,26.0,0.480132964705332,0.09960697966798526,0.490356211539438,0.5716602279960015,0.14070818061245172,0.3036014414128081,0.0627842517187636,"[-0.007525746951363239, -0.0015260877943447599, -0.0003902592725445262]",0.007678919919624188,-0.00039025927254451176,1.4691824419611306,1.7337977477454274,2.458753622392828,5.250519954896917,0.05685018068395375,-0.13170287053938634,0.1469909388237402,-0.45228829303541673,0.4570791263013955,"[0.0, 0.0, 0.0, 0.0]","[0.0, 0.0, 0.0, 0.0]",0.0,0.0,"[0.0, 0.0, 0.0, 0.0]","[0.0, 0.0, 0.0, 0.0]",0.0,0.0,"[0.0, 0.0, 0.0, 0.0]","[0.0, 0.0, 0.0, 0.0]",0.0,0.0,[0.0],[0.0],0.0,0.0,"[3.466304543458904e-11, 4.087292301262443e-11, 1.876338084953076e-19, 4.577566798522373e-17]","[7.876237758229603e-09, 9.616091323680938e-09, 2.279466353900748e-08, 5.3528711371691506e-05]",3000,26.0,56.0,0.481934962812535,0.09985407931028663,0.4921708499454478,0.570078729822033,0.14060107881988293,0.3033002827467604,0.06276150603451564,"[-0.000248026743641981, -9.553813410625296e-05, 4.473825951158749e-06]",0.0002657908964395683,4.47382595119213e-06,1.4810811067707275,1.7391052391540573,3.9122975733999765,5.275539505084294,1.368125420328975,-0.13029960822554493,0.14590263775965753,-0.4545591156346503,0.45931876586516,"[0.0, 0.0, 0.0, 0.0]","[0.0, 0.0, 0.0, 0.0]",0.0,0.0,"[0.0, 0.0, 0.0, 0.0]","[0.0, 0.0, 0.0, 0.0]",0.0,0.0,"[0.0, 0.0, 0.0, 0.0]","[0.0, 0.0, 0.0, 0.0]",0.0,0.0,[0.0],[0.0],0.0,0.0,"[2.5194727411283982e-08, 2.9229788886342475e-08, 3.089873647153706e-18, 9.831378547401295e-17]","[0.00016460440054215006, 0.00019182172229158286, 1.2662895212517514e-05, 0.0016819781999801292]",1000,46.0,56.0,0.4821082856321741,0.09990101154556544,0.4923500900609455,0.5699639201445011,0.14060107881988293,0.3033175255115429,0.06277824324724415,"[-1.0691524657143404e-05, -8.51330040846765e-06, 2.5982883549380277e-06]",1.366693028222215e-05,2.59828835500997e-06,1.4692369812488515,1.7329007608789413,2.452968978153893,5.265425761428007,0.05675475960781821,-0.13040961759235944,0.14591568836552532,-0.45474201902107375,0.4594964754641855,"[0.0, 0.0, 0.0, 0.0]","[0.0, 0.0, 0.0, 0.0]",0.0,0.0,"[0.0, 0.0, 0.0, 0.0]","[0.0, 0.0, 0.0, 0.0]",0.0,0.0,"[0.0, 0.0, 0.0, 0.0]","[0.0, 0.0, 0.0, 0.0]",0.0,0.0,[0.0],[0.0],0.0,0.0,"[3.466212227633323e-11, 4.089138909259707e-11, 3.096383684086026e-18, 9.891270958520568e-17]","[7.893912189833407e-09, 9.577583027149533e-09, 2.2791810140316244e-08, 5.354576049435998e-05]",,26.07,0.07000000000000028,26.0,0.0,0,0.0,0.0,0.10000000000000228,0.19000000000000003,,,0.4878745,0.6614014500000002,1.633956,0,0.0436321573035714,0.10561622531411083,50,,0.021816189742073618,0.07468194912317265,100,,0.0007272098504969164,0.01363499605774728,3000,,5.359176759034412e-10,5.961668268203649e-10,1000,
T10-B_best-estimated_fault,10.0,B_best,estimated_fault,True,56.0,[],1000,16.0,26.0,0.480132964705332,0.09960697966798526,0.490356211539438,0.5716602279960015,0.14070818061245172,0.3036014414128081,0.0627842517187636,"[-0.007525746951363239, -0.0015260877943447599, -0.0003902592725445262]",0.007678919919624188,-0.00039025927254451176,1.4691824419611306,1.7337977477454274,2.458753622392828,5.250519954896917,0.05685018068395375,-0.13170287053938634,0.1469909388237402,-0.45228829303541673,0.4570791263013955,"[0.0, 0.0, 0.0, 0.0]","[0.0, 0.0, 0.0, 0.0]",0.0,0.0,"[0.0, 0.0, 0.0, 0.0]","[0.0, 0.0, 0.0, 0.0]",0.0,0.0,"[0.0, 0.0, 0.0, 0.0]","[0.0, 0.0, 0.0, 0.0]",0.0,0.0,[0.0],[0.0],0.0,0.0,"[3.466304543458904e-11, 4.087292301262443e-11, 1.876338084953076e-19, 4.577566798522373e-17]","[7.876237758229603e-09, 9.616091323680938e-09, 2.279466353900748e-08, 5.3528711371691506e-05]",3000,26.0,56.0,0.481616411969383,0.09974277333462567,0.4918363438286611,0.5699994264476027,0.14143486632866353,0.30375034048355615,0.06281111540771624,"[-0.0002476505813829068, -9.508895165195957e-05, 4.335221125341423e-06]",0.0002652785690280322,4.335221125340164e-06,1.622507873173964,1.785151552314505,8.325737597300801,5.311629337983407,2.5071505158400407,-0.1299146987085605,0.14580709895605132,-0.45424629243829245,0.459014877942189,"[0.0, 0.0, 0.0, 0.0]","[0.0, 0.0, 0.0, 0.0]",0.0,0.0,"[0.0, 0.0, 0.0, 0.0]","[0.0, 0.0, 0.0, 0.0]",0.0,0.0,"[0.0, 0.0, 0.0, 0.0]","[0.0, 0.0, 0.0, 0.0]",0.0,0.0,[0.0],[0.0],0.0,0.0,"[8.352135930362154e-05, 8.351943902002888e-05, 1.403360470165477e-05, 0.002362559714083287]","[0.0002150908828651184, 0.00019743853182764193, 1.6235752098632447e-05, 0.0026685430512133975]",1000,46.0,56.0,0.48210800690958977,0.09990317580906644,0.49235025628415613,0.5699620559503854,0.14059886644500863,0.3033186965302159,0.06277829575344707,"[-2.27523758300191e-05, -2.1521508881407746e-05, 6.900389645199567e-06]",3.131846021826344e-05,6.9003896452173305e-06,1.4692382312187942,1.73290213949346,2.452974145613817,5.265409987848719,0.056755015757567126,-0.13041543821393264,0.14592126424035995,-0.4547394780548553,0.4594944123368989,"[0.0, 0.0, 0.0, 0.0]","[0.0, 0.0, 0.0, 0.0]",0.0,0.0,"[0.0, 0.0, 0.0, 0.0]","[0.0, 0.0, 0.0, 0.0]",0.0,0.0,"[0.0, 0.0, 0.0, 0.0]","[0.0, 0.0, 0.0, 0.0]",0.0,0.0,[0.0],[0.0],0.0,0.0,"[3.483611672340151e-11, 4.0832016893940825e-11, 5.382554772447482e-13, 9.061542228747845e-11]","[7.896714534451376e-09, 9.594019395818464e-09, 2.2791822607741017e-08, 5.354579474225103e-05]",,26.07,0.07000000000000028,26.07,0.07000000000000028,0,0.0,0.0,0.10000000000000228,0.19000000000000003,,,0.490618,0.66143445,1.778918,0,0.044659377148097625,0.10643352760183215,50,,0.02232990310409477,0.07525986911377328,100,,0.000744333850989209,0.013740509329510046,3000,,5.359175214714185e-10,5.961673319746049e-10,1000,
T5-PID-healthy,5.0,PID,healthy,True,31.0,[],500,11.0,16.0,0.3203715351160024,1.8889665034477843e-05,0.32037153567288623,0.32109544051984523,3.025766508890637e-05,0.40400872375481867,6.651287949449156e-06,"[0.00067408565099547, 0.00015011020553106025, -1.77437108883447e-05]",0.0006905972333296476,-1.77437108883447e-05,6.8293492997826775,6.7575315459058345,9.607139385270916,0.8117142986497103,0.21300828331449184,0.0009474728210679258,0.0010943606173698624,-0.32036932365641746,0.3203696659913718,"[0.0, 0.0, 0.0, 0.0]","[0.0, 0.0, 0.0, 0.0]",0.0,0.0,"[0.0, 0.0, 0.0, 0.0]","[0.0, 0.0, 0.0, 0.0]",0.0,0.0,"[0.0, 0.0, 0.0, 0.0]","[0.0, 0.0, 0.0, 0.0]",0.0,0.0,[0.0],[0.0],0.0,0.0,"[5.5054233102772315e-09, 5.5403083177470626e-09, 2.012420646323995e-19, 3.931506500271124e-17]","[3.789505589885819e-05, 3.812862066669539e-05, 4.036826933470621e-06, 0.000121010405256292]",1500,16.0,31.0,0.3202603171719285,3.2427291787613116e-06,0.32026031718834524,0.32049164498248583,8.749059252632918e-06,0.4040079375660937,1.1197550822776565e-06,"[8.845155080799542e-05, 2.011746714143259e-05, -2.3169428930753057e-06]",9.071046976245913e-05,-2.3169428930753057e-06,6.8291615251178195,6.756993519522718,9.601676668254772,0.8116333085010261,0.21248809470069613,0.0008985863830251323,0.0009035688656364268,-0.32025903183129717,0.3202590425239688,"[0.0, 0.0, 0.0, 0.0]","[0.0, 0.0, 0.0, 0.0]",0.0,0.0,"[0.0, 0.0, 0.0, 0.0]","[0.0, 0.0, 0.0, 0.0]",0.0,0.0,"[0.0, 0.0, 0.0, 0.0]","[0.0, 0.0, 0.0, 0.0]",0.0,0.0,[0.0],[0.0],0.0,0.0,"[5.505440583989517e-09, 5.5402293690889775e-09, 2.0399263953542207e-19, 3.8884230758415446e-17]","[3.789522263006691e-05, 3.812858086539412e-05, 4.036354785339626e-06, 0.00012099849029246778]",500,26.0,31.0,0.3202470631372709,4.846919065649581e-07,0.32024706313763773,0.32026411041869923,8.322665517868089e-07,0.4040093737122589,8.893605983170663e-07,"[1.6058241900828606e-05, 3.652281636406851e-06, -4.2062587207736257e-07]",1.646834217816603e-05,-4.2062587207736257e-07,6.829162911852588,6.75699689443093,9.601635827562095,0.8116273197373193,0.21248806892378244,0.0008927982467957692,0.0008928995120059799,-0.3202458181662614,0.32024581836225224,"[0.0, 0.0, 0.0, 0.0]","[0.0, 0.0, 0.0, 0.0]",0.0,0.0,"[0.0, 0.0, 0.0, 0.0]","[0.0, 0.0, 0.0, 0.0]",0.0,0.0,"[0.0, 0.0, 0.0, 0.0]","[0.0, 0.0, 0.0, 0.0]",0.0,0.0,[0.0],[0.0],0.0,0.0,"[5.505440455193923e-09, 5.5402292415739964e-09, 2.0790229319079176e-19, 3.898448201162673e-17]","[3.7895221747907026e-05, 3.812857993468322e-05, 4.036356062449035e-06, 0.00012099868337268134]",,,,,,0,0.0,0.0,0.04000000000000001,0.19000000000000003,not_applicable,blind_by_design,0.49408450000000004,0.6742900999999991,2.751992,0,,,,,,,,,,,,,,,,
T5-PID-blind_fault,5.0,PID,blind_fault,True,31.0,[],500,11.0,16.0,0.3203715351160024,1.8889665034477843e-05,0.32037153567288623,0.32109544051984523,3.025766508890637e-05,0.40400872375481867,6.651287949449156e-06,"[0.00067408565099547, 0.00015011020553106025, -1.77437108883447e-05]",0.0006905972333296476,-1.77437108883447e-05,6.8293492997826775,6.7575315459058345,9.607139385270916,0.8117142986497103,0.21300828331449184,0.0009474728210679258,0.0010943606173698624,-0.32036932365641746,0.3203696659913718,"[0.0, 0.0, 0.0, 0.0]","[0.0, 0.0, 0.0, 0.0]",0.0,0.0,"[0.0, 0.0, 0.0, 0.0]","[0.0, 0.0, 0.0, 0.0]",0.0,0.0,"[0.0, 0.0, 0.0, 0.0]","[0.0, 0.0, 0.0, 0.0]",0.0,0.0,[0.0],[0.0],0.0,0.0,"[5.5054233102772315e-09, 5.5403083177470626e-09, 2.012420646323995e-19, 3.931506500271124e-17]","[3.789505589885819e-05, 3.812862066669539e-05, 4.036826933470621e-06, 0.000121010405256292]",1500,16.0,31.0,0.4033564502249535,0.04069740558086513,0.40540437190426154,0.7097312322423954,0.08863502896811071,0.5105642555125579,0.05608225552843654,"[0.05156362001989022, 0.063581763280036, -0.023533462943626442]",0.08186236944624897,-0.023533462943626404,7.366036156419763,7.089029917940549,17.097821111777694,8.50880384071041,3.0051694427346725,-0.008562070269159379,0.1036796381855216,-0.3745353746314495,0.38980374365030757,"[0.0, 0.0, 0.0, 0.0]","[0.0, 0.0, 0.0, 0.0]",0.0,0.0,"[0.0, 0.0, 0.0, 0.0]","[0.0, 0.0, 0.0, 0.0]",0.0,0.0,"[0.0, 0.0, 0.0, 0.0]","[0.0, 0.0, 0.0, 0.0]",0.0,0.0,[0.0],[0.0],0.0,0.0,"[0.0016410445474580814, 0.0016410445829317048, 0.0002757123290288903, 0.04641621700823069]","[0.00011762046755819224, 0.00011772383123168632, 1.5744537649770964e-05, 0.003259043323444001]",500,26.0,31.0,0.32778536595725455,0.020498435510432667,0.3284256871715528,0.3451042513070249,0.03243795637709823,0.41391865950395734,0.026833862786534785,"[0.014978278863361354, 0.009084927609766806, -0.003520389554146213]",0.017518126252065908,-0.003520389554146222,6.886160140782099,6.831816122522276,9.942177796734743,5.454985952401834,0.2471750773064634,0.008687236801276536,0.014637104172620671,-0.32716909787534426,0.32745839631496876,"[0.0, 0.0, 0.0, 0.0]","[0.0, 0.0, 0.0, 0.0]",0.0,0.0,"[0.0, 0.0, 0.0, 0.0]","[0.0, 0.0, 0.0, 0.0]",0.0,0.0,"[0.0, 0.0, 0.0, 0.0]","[0.0, 0.0, 0.0, 0.0]",0.0,0.0,[0.0],[0.0],0.0,0.0,"[0.0016360784502277587, 0.00163607844883708, 0.00027487783739446153, 0.04627573020108777]","[3.137219378955555e-05, 3.092667607006667e-05, 4.793567087179613e-06, 0.00023801964634967386]",,16.080000000000002,0.08000000000000185,,,0,0.0,0.0,0.11000000000000029,0.19000000000000003,,blind_by_design,0.48290350000000004,0.64935165,1.394981,0,0.050455862291688976,0.11440159373406308,50,,0.0252280501737093,0.08089414270814982,100,,0.0016819027189270035,0.02088677783444699,1500,,1.0070891542479643e-08,1.2014909542082087e-08,500,
T5-A_best-healthy,5.0,A_best,healthy,True,31.0,[],500,11.0,16.0,0.6752493405516425,0.21218314362009874,0.7078017789974362,0.7207091972038331,0.3088333415239227,0.8550159256749388,0.2707802246480523,"[-0.03486781390134152, -0.0062577884549324695, -0.013298272399540099]",0.03542491161040873,-0.013298272399540054,5.94740496849415,5.930708103274908,8.94917961800676,8.051105682296933,0.27470817166536826,-0.313936269916719,0.3152720562721605,-0.5965037716627306,0.5971308084911979,"[0.0, 0.0, 0.0, 0.0]","[0.0, 0.0, 0.0, 0.0]",0.0,0.0,"[0.0, 0.0, 0.0, 0.0]","[0.0, 0.0, 0.0, 0.0]",0.0,0.0,"[0.0, 0.0, 0.0, 0.0]","[0.0, 0.0, 0.0, 0.0]",0.0,0.0,[0.0],[0.0],0.0,0.0,"[6.111524941794849e-10, 6.002963369238679e-10, 1.881281970472153e-19, 4.6177804564806824e-17]","[4.813817578964986e-07, 5.580384731868698e-07, 3.6627955530352875e-07, 0.0009225871871606988]",1500,16.0,31.0,0.6777989598033468,0.21449146082191284,0.7109275748457203,0.6957486046637962,0.3096519882110842,0.8541189214791096,0.27018439274011635,"[-0.005162836750532668, -0.0008453610122233255, -0.001525494907592011]",0.005231588530612663,-0.0015254949075920714,5.941408253072939,5.932392439986857,8.959197830639292,8.001188896089541,0.2645328917608501,-0.31204734443672927,0.3122030804285826,-0.6015374224319714,0.6016150484166791,"[0.0, 0.0, 0.0, 0.0]","[0.0, 0.0, 0.0, 0.0]",0.0,0.0,"[0.0, 0.0, 0.0, 0.0]","[0.0, 0.0, 0.0, 0.0]",0.0,0.0,"[0.0, 0.0, 0.0, 0.0]","[0.0, 0.0, 0.0, 0.0]",0.0,0.0,[0.0],[0.0],0.0,0.0,"[5.756531344840066e-10, 5.85142278458852e-10, 1.968568590655007e-19, 4.6620554907743086e-17]","[3.052763507129439e-07, 3.589515066098155e-07, 3.6525805004617764e-07, 0.0009164806418424878]",500,26.0,31.0,0.6782578754520849,0.21479825522171536,0.7114576839553208,0.6892257541816681,0.3096519882110842,0.8539820784313092,0.2701315065966809,"[-0.0010755600168057345, -0.0001595064034562106, -0.00020653854736115673]",0.0010873231545840854,-0.0002065385473612764,5.941296077496066,5.932001237359629,8.958236960578635,7.983271926457645,0.2642071356252083,-0.31179191957190777,0.3119009175449898,-0.6022383584749018,0.6022886046135768,"[0.0, 0.0, 0.0, 0.0]","[0.0, 0.0, 0.0, 0.0]",0.0,0.0,"[0.0, 0.0, 0.0, 0.0]","[0.0, 0.0, 0.0, 0.0]",0.0,0.0,"[0.0, 0.0, 0.0, 0.0]","[0.0, 0.0, 0.0, 0.0]",0.0,0.0,[0.0],[0.0],0.0,0.0,"[5.76443261946301e-10, 5.848409129456338e-10, 1.9335601074026652e-19, 4.624448734981906e-17]","[3.0810691866931285e-07, 3.5968636151812767e-07, 3.6520956132910493e-07, 0.0009166823106830148]",,,,,,0,0.0,0.0,0.04000000000000001,0.19000000000000003,not_applicable,blind_by_design,0.48812500000000003,0.6698522499999996,1.462889,0,,,,,,,,,,,,,,,,
T5-A_best-blind_fault,5.0,A_best,blind_fault,True,31.0,[],500,11.0,16.0,0.6752493405516425,0.21218314362009874,0.7078017789974362,0.7207091972038331,0.3088333415239227,0.8550159256749388,0.2707802246480523,"[-0.03486781390134152, -0.0062577884549324695, -0.013298272399540099]",0.03542491161040873,-0.013298272399540054,5.94740496849415,5.930708103274908,8.94917961800676,8.051105682296933,0.27470817166536826,-0.313936269916719,0.3152720562721605,-0.5965037716627306,0.5971308084911979,"[0.0, 0.0, 0.0, 0.0]","[0.0, 0.0, 0.0, 0.0]",0.0,0.0,"[0.0, 0.0, 0.0, 0.0]","[0.0, 0.0, 0.0, 0.0]",0.0,0.0,"[0.0, 0.0, 0.0, 0.0]","[0.0, 0.0, 0.0, 0.0]",0.0,0.0,[0.0],[0.0],0.0,0.0,"[6.111524941794849e-10, 6.002963369238679e-10, 1.881281970472153e-19, 4.6177804564806824e-17]","[4.813817578964986e-07, 5.580384731868698e-07, 3.6627955530352875e-07, 0.0009225871871606988]",1500,16.0,31.0,0.6799889664113503,0.21120980291650704,0.7120355154690012,0.7787042508540639,0.33502136123869164,0.8568336413368278,0.2645175724962276,"[0.03162024214546014, 0.022496188324927464, -0.020941440156567067]",0.038806161913904035,-0.020941440156567105,6.243080734121439,6.017191341210713,14.238575953695758,14.018040123047324,1.832691566765723,-0.30923841415497,0.3114776037741922,-0.6034248950880903,0.6044557029164865,"[0.0, 0.0, 0.0, 0.0]","[0.0, 0.0, 0.0, 0.0]",0.0,0.0,"[0.0, 0.0, 0.0, 0.0]","[0.0, 0.0, 0.0, 0.0]",0.0,0.0,"[0.0, 0.0, 0.0, 0.0]","[0.0, 0.0, 0.0, 0.0]",0.0,0.0,[0.0],[0.0],0.0,0.0,"[0.0016336274138155674, 0.0016336272161121528, 0.00027446616296751786, 0.04620642474200608]","[0.00015481043373675334, 0.0002445243515142589, 1.3867716284090053e-05, 0.005871896939472229]",500,26.0,31.0,0.6742838951511296,0.2138708731672161,0.7073892292433402,0.6923343341464059,0.30540251440044386,0.8476174210558459,0.2699611801458828,"[0.007786367663951358, 0.005418960095090502, -0.004550949702481196]",0.009486445588860488,-0.004550949702481106,5.964648776734719,5.916572709611142,8.976405655427227,14.018040123047324,0.31097666803316715,-0.3073575997675593,0.3075793294281433,-0.5999779276955864,0.600044771136882,"[0.0, 0.0, 0.0, 0.0]","[0.0, 0.0, 0.0, 0.0]",0.0,0.0,"[0.0, 0.0, 0.0, 0.0]","[0.0, 0.0, 0.0, 0.0]",0.0,0.0,"[0.0, 0.0, 0.0, 0.0]","[0.0, 0.0, 0.0, 0.0]",0.0,0.0,[0.0],[0.0],0.0,0.0,"[0.0016303050281432669, 0.0016303050297214975, 0.00027390784898040366, 0.046112432488283346]","[1.7530974945580029e-06, 1.66145064100545e-06, 4.208810837674437e-07, 0.0009410592441886311]",,16.07,0.07000000000000028,,,0,0.0,0.0,0.09999999999999873,0.19000000000000003,,blind_by_design,0.48594499999999996,0.6682902499999999,1.67834,0,0.04627054831434176,0.10706569110166796,50,,0.023135563962415017,0.07570687621253785,100,,0.0015424383526648898,0.0195474313846234,1500,,2.7439707256604607e-08,3.3166320888673216e-08,500,
T5-A_best-oracle_fault,5.0,A_best,oracle_fault,True,31.0,[],500,11.0,16.0,0.6752493405516425,0.21218314362009874,0.7078017789974362,0.7207091972038331,0.3088333415239227,0.8550159256749388,0.2707802246480523,"[-0.03486781390134152, -0.0062577884549324695, -0.013298272399540099]",0.03542491161040873,-0.013298272399540054,5.94740496849415,5.930708103274908,8.94917961800676,8.051105682296933,0.27470817166536826,-0.313936269916719,0.3152720562721605,-0.5965037716627306,0.5971308084911979,"[0.0, 0.0, 0.0, 0.0]","[0.0, 0.0, 0.0, 0.0]",0.0,0.0,"[0.0, 0.0, 0.0, 0.0]","[0.0, 0.0, 0.0, 0.0]",0.0,0.0,"[0.0, 0.0, 0.0, 0.0]","[0.0, 0.0, 0.0, 0.0]",0.0,0.0,[0.0],[0.0],0.0,0.0,"[6.111524941794849e-10, 6.002963369238679e-10, 1.881281970472153e-19, 4.6177804564806824e-17]","[4.813817578964986e-07, 5.580384731868698e-07, 3.6627955530352875e-07, 0.0009225871871606988]",1500,16.0,31.0,0.677742106178925,0.21445682023481227,0.7108629194388127,0.6957497798254539,0.30970644124771085,0.854071050019471,0.2701714919892647,"[-0.005162248090652815, -0.000843082769931743, -0.0015320283677684738]",0.005230639913662994,-0.001532028367768452,5.946383386646283,5.935995299402381,9.554909211871529,7.992678297318776,1.6521642378078047,-0.31203204851301564,0.31218764083860595,-0.601481758050522,0.6015590074094733,"[0.0, 0.0, 0.0, 0.0]","[0.0, 0.0, 0.0, 0.0]",0.0,0.0,"[0.0, 0.0, 0.0, 0.0]","[0.0, 0.0, 0.0, 0.0]",0.0,0.0,"[0.0, 0.0, 0.0, 0.0]","[0.0, 0.0, 0.0, 0.0]",0.0,0.0,[0.0],[0.0],0.0,0.0,"[2.6504935994978598e-08, 4.579971719904483e-08, 3.091250483047693e-18, 9.755864387384061e-17]","[0.00017856611237586776, 0.00029758817778301514, 1.7647759079827992e-05, 0.003889160730796342]",500,26.0,31.0,0.6782551477092809,0.21480743506268124,0.711457855078111,0.6891754116241829,0.30970644124771085,0.8539917842796942,0.2701216319076743,"[-0.0010812001629402438, -0.00017029888246261748, -0.00016295814045189672]",0.0010945298085068428,-0.00016295814045180635,5.940613586599331,5.932496162771421,8.96052225001281,7.98283438437496,0.26219361503689553,-0.31179271206557824,0.31190170286166036,-0.6022348604012036,0.6022851261206231,"[0.0, 0.0, 0.0, 0.0]","[0.0, 0.0, 0.0, 0.0]",0.0,0.0,"[0.0, 0.0, 0.0, 0.0]","[0.0, 0.0, 0.0, 0.0]",0.0,0.0,"[0.0, 0.0, 0.0, 0.0]","[0.0, 0.0, 0.0, 0.0]",0.0,0.0,[0.0],[0.0],0.0,0.0,"[5.721554751753258e-10, 5.861245737192935e-10, 3.0950415315646266e-18, 9.757969893912621e-17]","[2.934246080963665e-07, 3.5638472285396035e-07, 3.6563885049483643e-07, 0.0009157785391059191]",,16.07,0.07000000000000028,16.0,0.0,0,0.0,0.0,0.09999999999999873,0.19000000000000003,,,0.486096,0.6232182999999999,1.247266,0,0.044005743495229954,0.10579717918670943,50,,0.022003028265854593,0.07480990283381841,100,,0.0014668945258026547,0.01931583385381411,1500,,2.5450034625285056e-08,2.8608689188092585e-08,500,
T5-A_best-estimated_fault,5.0,A_best,estimated_fault,True,31.0,[],500,11.0,16.0,0.6752493405516425,0.21218314362009874,0.7078017789974362,0.7207091972038331,0.3088333415239227,0.8550159256749388,0.2707802246480523,"[-0.03486781390134152, -0.0062577884549324695, -0.013298272399540099]",0.03542491161040873,-0.013298272399540054,5.94740496849415,5.930708103274908,8.94917961800676,8.051105682296933,0.27470817166536826,-0.313936269916719,0.3152720562721605,-0.5965037716627306,0.5971308084911979,"[0.0, 0.0, 0.0, 0.0]","[0.0, 0.0, 0.0, 0.0]",0.0,0.0,"[0.0, 0.0, 0.0, 0.0]","[0.0, 0.0, 0.0, 0.0]",0.0,0.0,"[0.0, 0.0, 0.0, 0.0]","[0.0, 0.0, 0.0, 0.0]",0.0,0.0,[0.0],[0.0],0.0,0.0,"[6.111524941794849e-10, 6.002963369238679e-10, 1.881281970472153e-19, 4.6177804564806824e-17]","[4.813817578964986e-07, 5.580384731868698e-07, 3.6627955530352875e-07, 0.0009225871871606988]",1500,16.0,31.0,0.6775388705637218,0.21440569984187574,0.7106537309051774,0.6957499006328879,0.309850327505784,0.8541164965103019,0.2703735169038062,"[-0.0051382626777637915, -0.0008237663168132167, -0.0015533002682434785]",0.005203876851964921,-0.001553300268243485,5.999626262986281,5.962903582710554,11.43334759006763,7.991903924025328,2.1697826809687832,-0.31153069658075105,0.31167559792963057,-0.6015170229784325,0.6015955807516965,"[0.0, 0.0, 0.0, 0.0]","[0.0, 0.0, 0.0, 0.0]",0.0,0.0,"[0.0, 0.0, 0.0, 0.0]","[0.0, 0.0, 0.0, 0.0]",0.0,0.0,"[0.0, 0.0, 0.0, 0.0]","[0.0, 0.0, 0.0, 0.0]",0.0,0.0,[0.0],[0.0],0.0,0.0,"[0.00011229398374238896, 0.00011229289151249923, 1.8868557048115236e-05, 0.003176524755574955]","[0.0001740002664294892, 0.0002838178993621217, 1.943653110159252e-05, 0.008368904803964607]",500,26.0,31.0,0.6782495899129832,0.21483287960981473,0.7114602394923943,0.6889535847173145,0.309850327505784,0.8540194378006939,0.27010473001185076,"[-0.0012609219444714907, -0.00029797456300562807, -2.4913016266922437e-05]",0.0012956515697702682,-2.491301626687914e-05,5.941544451357567,5.931018418594001,8.938243138300107,7.981791040474355,0.2628803399567444,-0.3118248687757365,0.3119341653023721,-0.6022108595677066,0.6022620548683457,"[0.0, 0.0, 0.0, 0.0]","[0.0, 0.0, 0.0, 0.0]",0.0,0.0,"[0.0, 0.0, 0.0, 0.0]","[0.0, 0.0, 0.0, 0.0]",0.0,0.0,"[0.0, 0.0, 0.0, 0.0]","[0.0, 0.0, 0.0, 0.0]",0.0,0.0,[0.0],[0.0],0.0,0.0,"[6.152437765843738e-10, 5.721455109910103e-10, 2.5943553294582024e-11, 4.3676015842832956e-09]","[3.709239109406887e-07, 4.413730401989913e-07, 3.6885699865990013e-07, 0.0009166119128455121]",,16.07,0.07000000000000028,16.07,0.07000000000000028,0,0.0,0.0,0.09999999999999873,0.19000000000000003,,,0.4846595,0.6774793499999998,1.55589,0,0.04565986666014364,0.10688177200344011,50,,0.02283008552366346,0.07557682576940584,100,,0.0015220370601509582,0.01951385250432445,1500,,2.558840941424556e-08,2.8502038859087693e-08,500,
T5-B_best-healthy,5.0,B_best,healthy,True,31.0,[],500,11.0,16.0,0.7355569163420678,0.13217998806715026,0.7473389635393592,0.8866913030393236,0.19346450399392257,0.9344817627315021,0.16939974920113196,"[-0.03979050778056301, 0.008803999976952574, -0.009400207907313636]",0.04075285174106502,-0.009400207907313643,4.205042698842287,5.708072713558623,8.01489563302424,7.3138620127618585,0.2404350642931123,-0.47657020605976025,0.48373979177186666,-0.5472115237162101,0.5541117134975246,"[0.0, 0.0, 0.0, 0.0]","[0.0, 0.0, 0.0, 0.0]",0.0,0.0,"[0.0, 0.0, 0.0, 0.0]","[0.0, 0.0, 0.0, 0.0]",0.0,0.0,"[0.0, 0.0, 0.0, 0.0]","[0.0, 0.0, 0.0, 0.0]",0.0,0.0,[0.0],[0.0],0.0,0.0,"[4.2713556904451773e-10, 5.745466395307767e-10, 1.8077986305229482e-19, 4.54378355600601e-17]","[3.0406005607956083e-07, 3.93421867159534e-07, 2.7697265133185783e-07, 0.0006135965107276057]",1500,16.0,31.0,0.7411039264349465,0.1338907846379366,0.7531014353911808,0.8685077908802359,0.18922635404193566,0.9338903503329318,0.16879874173088175,"[-0.005674928924886434, 0.00039639591605522475, -0.0009102329122353069]",0.005688756281014152,-0.0009102329122353131,4.204943127803391,5.705945377747411,7.994490943024612,7.394677774060603,0.24078299298091804,-0.47772562494906745,0.48513581551826457,-0.5538305866204843,0.5602484005142031,"[0.0, 0.0, 0.0, 0.0]","[0.0, 0.0, 0.0, 0.0]",0.0,0.0,"[0.0, 0.0, 0.0, 0.0]","[0.0, 0.0, 0.0, 0.0]",0.0,0.0,"[0.0, 0.0, 0.0, 0.0]","[0.0, 0.0, 0.0, 0.0]",0.0,0.0,[0.0],[0.0],0.0,0.0,"[4.2527432264576343e-10, 5.756462650179088e-10, 1.895178075047192e-19, 4.530199718267549e-17]","[2.983281844259586e-07, 3.844490920261497e-07, 2.756653917113406e-07, 0.0006151513023570015]",500,26.0,31.0,0.7418670273108391,0.13409104999295351,0.753887986307803,0.8619333829165564,0.18902469546261313,0.9337961776866198,0.16873303441160453,"[-0.0011278439575487284, -0.00011168418551919268, -8.807403814133607e-05]",0.001133360203057379,-8.807403814135739e-05,4.205037195715249,5.705394549917151,7.99002393745434,7.394677774060603,0.24078299298091804,-0.4777598644167019,0.4852861567881014,-0.5546993823776488,0.5611274652348213,"[0.0, 0.0, 0.0, 0.0]","[0.0, 0.0, 0.0, 0.0]",0.0,0.0,"[0.0, 0.0, 0.0, 0.0]","[0.0, 0.0, 0.0, 0.0]",0.0,0.0,"[0.0, 0.0, 0.0, 0.0]","[0.0, 0.0, 0.0, 0.0]",0.0,0.0,[0.0],[0.0],0.0,0.0,"[4.253292692198208e-10, 5.756985549485302e-10, 1.909333330476848e-19, 4.651026245395471e-17]","[2.9854331680095365e-07, 3.846836971769898e-07, 2.756873430185184e-07, 0.0006150351598247447]",,,,,,0,0.0,0.0,0.04000000000000001,0.19000000000000003,not_applicable,blind_by_design,0.485658,0.6778029999999999,1.997713,0,,,,,,,,,,,,,,,,
T5-B_best-blind_fault,5.0,B_best,blind_fault,True,31.0,[],500,11.0,16.0,0.7355569163420678,0.13217998806715026,0.7473389635393592,0.8866913030393236,0.19346450399392257,0.9344817627315021,0.16939974920113196,"[-0.03979050778056301, 0.008803999976952574, -0.009400207907313636]",0.04075285174106502,-0.009400207907313643,4.205042698842287,5.708072713558623,8.01489563302424,7.3138620127618585,0.2404350642931123,-0.47657020605976025,0.48373979177186666,-0.5472115237162101,0.5541117134975246,"[0.0, 0.0, 0.0, 0.0]","[0.0, 0.0, 0.0, 0.0]",0.0,0.0,"[0.0, 0.0, 0.0, 0.0]","[0.0, 0.0, 0.0, 0.0]",0.0,0.0,"[0.0, 0.0, 0.0, 0.0]","[0.0, 0.0, 0.0, 0.0]",0.0,0.0,[0.0],[0.0],0.0,0.0,"[4.2713556904451773e-10, 5.745466395307767e-10, 1.8077986305229482e-19, 4.54378355600601e-17]","[3.0406005607956083e-07, 3.93421867159534e-07, 2.7697265133185783e-07, 0.0006135965107276057]",1500,16.0,31.0,0.7399857722504417,0.13141367031892662,0.7515640331201154,0.8760423975733912,0.19656688356656515,0.9320932780724145,0.16617704697534907,"[0.03468792267116655, 0.03595945230963225, -0.0056819640699870355]",0.04996332844846855,-0.005681964069987036,4.771507878453494,5.745357337371852,15.458410505819419,13.022890070090755,2.2828424664374287,-0.4689314527445335,0.47863220228857406,-0.556660293882035,0.5643493227297008,"[0.0, 0.0, 0.0, 0.0]","[0.0, 0.0, 0.0, 0.0]",0.0,0.0,"[0.0, 0.0, 0.0, 0.0]","[0.0, 0.0, 0.0, 0.0]",0.0,0.0,"[0.0, 0.0, 0.0, 0.0]","[0.0, 0.0, 0.0, 0.0]",0.0,0.0,[0.0],[0.0],0.0,0.0,"[0.0016284133187404212, 0.001628413615840716, 0.0002735901682301302, 0.046058950880493194]","[0.0001906065212692079, 0.0001276029367734811, 1.4411115800837574e-05, 0.0030701658185009768]",500,26.0,31.0,0.73488297573793,0.13293428583319528,0.7468095556294233,0.8555043998516663,0.18943504483374163,0.924283972484334,0.16753661375119183,"[0.008678126694998413, 0.008090224103749783, -0.0007944737718413004]",0.01186429976793144,-0.0007944737718412895,4.268940539685166,5.688372469238233,8.044210992335945,13.022890070090755,0.2442955498060459,-0.46861763335915246,0.47671493170688317,-0.552635380344984,0.5592815587136202,"[0.0, 0.0, 0.0, 0.0]","[0.0, 0.0, 0.0, 0.0]",0.0,0.0,"[0.0, 0.0, 0.0, 0.0]","[0.0, 0.0, 0.0, 0.0]",0.0,0.0,"[0.0, 0.0, 0.0, 0.0]","[0.0, 0.0, 0.0, 0.0]",0.0,0.0,[0.0],[0.0],0.0,0.0,"[0.001625074410281472, 0.0016250744259444934, 0.00027302905174912136, 0.045964486826451385]","[2.3485434916690923e-07, 4.1053587903670406e-07, 2.755274638257564e-07, 0.000606302669983486]",,16.07,0.07000000000000028,,,0,0.0,0.0,0.09999999999999873,0.19000000000000003,,blind_by_design,0.489534,0.6719222499999992,2.142683,0,0.04564618337064494,0.10683677743219062,50,,0.022823270222134723,0.07554500980316377,100,,0.0015215852590817222,0.019505637657216118,1500,,1.8590285723707466e-08,2.0834488586830017e-08,500,
T5-B_best-oracle_fault,5.0,B_best,oracle_fault,True,31.0,[],500,11.0,16.0,0.7355569163420678,0.13217998806715026,0.7473389635393592,0.8866913030393236,0.19346450399392257,0.9344817627315021,0.16939974920113196,"[-0.03979050778056301, 0.008803999976952574, -0.009400207907313636]",0.04075285174106502,-0.009400207907313643,4.205042698842287,5.708072713558623,8.01489563302424,7.3138620127618585,0.2404350642931123,-0.47657020605976025,0.48373979177186666,-0.5472115237162101,0.5541117134975246,"[0.0, 0.0, 0.0, 0.0]","[0.0, 0.0, 0.0, 0.0]",0.0,0.0,"[0.0, 0.0, 0.0, 0.0]","[0.0, 0.0, 0.0, 0.0]",0.0,0.0,"[0.0, 0.0, 0.0, 0.0]","[0.0, 0.0, 0.0, 0.0]",0.0,0.0,[0.0],[0.0],0.0,0.0,"[4.2713556904451773e-10, 5.745466395307767e-10, 1.8077986305229482e-19, 4.54378355600601e-17]","[3.0406005607956083e-07, 3.93421867159534e-07, 2.7697265133185783e-07, 0.0006135965107276057]",1500,16.0,31.0,0.7409276659156802,0.13383907260549277,0.7529187894289504,0.8683497326852281,0.1890638402015592,0.9337151610116979,0.16873765945990143,"[-0.005661798734494455, 0.00040678540594678053, -0.0009157622367415514]",0.005676393157315153,-0.000915762236741557,4.216602356659853,5.712341832802282,9.157794634482023,7.394562663403479,1.5602708694432657,-0.4774269170128056,0.4849060204582321,-0.553775384126712,0.5602142067482923,"[0.0, 0.0, 0.0, 0.0]","[0.0, 0.0, 0.0, 0.0]",0.0,0.0,"[0.0, 0.0, 0.0, 0.0]","[0.0, 0.0, 0.0, 0.0]",0.0,0.0,"[0.0, 0.0, 0.0, 0.0]","[0.0, 0.0, 0.0, 0.0]",0.0,0.0,[0.0],[0.0],0.0,0.0,"[3.371444851022794e-08, 3.741789879726054e-08, 3.0865321428251214e-18, 9.779000025836554e-17]","[0.0002195412994954397, 0.0002457778241089841, 1.7255859413177206e-05, 0.002615050164505184]",500,26.0,31.0,0.741862701464581,0.13409819149709448,0.7538849997095827,0.8619568964589194,0.1890638402015592,0.9337990187545554,0.16873298556925326,"[-0.0012217837775733028, -0.00017709201461678625, -5.372054350588295e-05]",0.0012345514087239633,-5.372054350588229e-05,4.20501560808298,5.705428946535641,7.990441271262753,7.394562663403479,0.24079551236733707,-0.4777738702478022,0.48529734711824707,-0.5546837107217294,0.5611120678655179,"[0.0, 0.0, 0.0, 0.0]","[0.0, 0.0, 0.0, 0.0]",0.0,0.0,"[0.0, 0.0, 0.0, 0.0]","[0.0, 0.0, 0.0, 0.0]",0.0,0.0,"[0.0, 0.0, 0.0, 0.0]","[0.0, 0.0, 0.0, 0.0]",0.0,0.0,[0.0],[0.0],0.0,0.0,"[4.2531879454331353e-10, 5.756211324161736e-10, 3.0862366726957454e-18, 9.91771617459106e-17]","[2.982419843898955e-07, 3.8412472301718705e-07, 2.755877119077259e-07, 0.0006152054501648347]",,16.07,0.07000000000000028,16.0,0.0,0,0.0,0.0,0.09999999999999873,0.19000000000000003,,,0.48809650000000004,0.6424339499999999,2.51295,0,0.043738727255385336,0.10568369866801966,50,,0.02186952211101957,0.07472965998947169,100,,0.0014579942287649293,0.01929511524053418,1500,,1.9203407647827574e-08,2.1806308525713453e-08,500,
T5-B_best-estimated_fault,5.0,B_best,estimated_fault,True,31.0,[],500,11.0,16.0,0.7355569163420678,0.13217998806715026,0.7473389635393592,0.8866913030393236,0.19346450399392257,0.9344817627315021,0.16939974920113196,"[-0.03979050778056301, 0.008803999976952574, -0.009400207907313636]",0.04075285174106502,-0.009400207907313643,4.205042698842287,5.708072713558623,8.01489563302424,7.3138620127618585,0.2404350642931123,-0.47657020605976025,0.48373979177186666,-0.5472115237162101,0.5541117134975246,"[0.0, 0.0, 0.0, 0.0]","[0.0, 0.0, 0.0, 0.0]",0.0,0.0,"[0.0, 0.0, 0.0, 0.0]","[0.0, 0.0, 0.0, 0.0]",0.0,0.0,"[0.0, 0.0, 0.0, 0.0]","[0.0, 0.0, 0.0, 0.0]",0.0,0.0,[0.0],[0.0],0.0,0.0,"[4.2713556904451773e-10, 5.745466395307767e-10, 1.8077986305229482e-19, 4.54378355600601e-17]","[3.0406005607956083e-07, 3.93421867159534e-07, 2.7697265133185783e-07, 0.0006135965107276057]",1500,16.0,31.0,0.7405899747586935,0.13362990872377475,0.7525493094931432,0.8676657192597058,0.1891851984720725,0.9338807309138712,0.16857026705503753,"[-0.00563068614179005, 0.00042840560618514876, -0.0009334053832669355]",0.0056469600486241615,-0.0009334053832669368,4.393578438130546,5.7501732068346465,12.770270203297228,7.394361062934938,3.3865459437041894,-0.4768090303756006,0.4844752838689862,-0.5536328297729806,0.5601403485137877,"[0.0, 0.0, 0.0, 0.0]","[0.0, 0.0, 0.0, 0.0]",0.0,0.0,"[0.0, 0.0, 0.0, 0.0]","[0.0, 0.0, 0.0, 0.0]",0.0,0.0,"[0.0, 0.0, 0.0, 0.0]","[0.0, 0.0, 0.0, 0.0]",0.0,0.0,[0.0],[0.0],0.0,0.0,"[0.00011616226855656532, 0.00011615775822823583, 1.9517732031079813e-05, 0.0032858134732457246]","[0.0003182975451652509, 0.00024603193293784353, 2.5040744747461252e-05, 0.004460680037841287]",500,26.0,31.0,0.7418483441712069,0.13412020444475797,0.7538747873419466,0.8620236745954637,0.1891851984720725,0.9338048171719533,0.16873296307238306,"[-0.0014461237636795435, -0.00030770022496091144, 5.3483889396395815e-05]",0.0014784969963850736,5.34838893964178e-05,4.204997684113359,5.705433463018979,7.9930030871364055,7.394361062934938,0.24081607093044455,-0.4778025982278499,0.4853192703821338,-0.5546454149382292,0.5610741230401869,"[0.0, 0.0, 0.0, 0.0]","[0.0, 0.0, 0.0, 0.0]",0.0,0.0,"[0.0, 0.0, 0.0, 0.0]","[0.0, 0.0, 0.0, 0.0]",0.0,0.0,"[0.0, 0.0, 0.0, 0.0]","[0.0, 0.0, 0.0, 0.0]",0.0,0.0,[0.0],[0.0],0.0,0.0,"[4.4301385405582913e-10, 5.752883040316612e-10, 1.9806481341056595e-11, 3.334424465611289e-09]","[2.97642604015568e-07, 3.8229067225847784e-07, 2.753642878557726e-07, 0.0006156821962508654]",,16.07,0.07000000000000028,16.07,0.07000000000000028,0,0.0,0.0,0.09999999999999873,0.19000000000000003,,,0.48536250000000003,0.6450675499999996,2.158696,0,0.045050866917431695,0.10666033939574106,50,,0.022525732700037503,0.07542024927219411,100,,0.0015017436663545345,0.019473424626621674,1500,,1.9204817400586547e-08,2.1810424913808807e-08,500,
