period_s,label,from_variant,to_variant,window,full_windows_available,position_rmse_xy_from,position_rmse_xy_to,position_rmse_xy_increase,position_rmse_z_from,position_rmse_z_to,position_rmse_z_increase,max_xy_error_m_from,max_xy_error_m_to,max_xy_error_m_increase,max_abs_z_error_m_from,max_abs_z_error_m_to,max_abs_z_error_m_increase,velocity_reference_error_rms_xy_from,velocity_reference_error_rms_xy_to,velocity_reference_error_rms_xy_increase
10.0,PID,healthy,blind_fault,hover,True,2.6001185138114213e-15,2.6001185138114213e-15,0.0,3.447312266962504e-05,3.447312266962504e-05,0.0,5.2640453142521694e-15,5.2640453142521694e-15,0.0,6.444915482717306e-05,6.444915482717306e-05,0.0,3.7739762742809254e-15,3.7739762742809254e-15,0.0
10.0,PID,healthy,blind_fault,entry_warmup,True,0.144883950331412,0.144883950331412,0.0,1.5926608120947793e-05,1.5926608120947793e-05,0.0,0.16239126278269092,0.16239126278269092,0.0,5.7860696261125e-05,5.7860696261125e-05,0.0,0.09931220561812709,0.09931220561812709,0.0
10.0,PID,healthy,blind_fault,prefault_lap,True,0.15295322119257038,0.15295322119257038,0.0,4.3860948750633276e-07,4.3860948750633276e-07,0.0,0.1530843721764285,0.1530843721764285,0.0,9.895196350084845e-07,9.895196350084845e-07,0.0,0.09647020162089505,0.09647020162089505,0.0
10.0,PID,healthy,blind_fault,post_first_2s,True,0.15292470801821587,0.19798138588163292,0.04505667786341705,6.81530581767528e-08,0.05103952302668822,0.05103945487363004,0.15293383541848704,0.2621681560476448,0.10923432062915778,8.996591538412702e-08,0.08817293941411308,0.0881728494481977,0.09647309425028056,0.304280873285003,0.20780777903472242
10.0,PID,healthy,blind_fault,post_lap_1,True,0.15292394723920294,0.1833967753519727,0.030472828112769773,3.734299134696608e-08,0.03139329504211997,0.031393257699128624,0.15293484957524753,0.2706403913105048,0.1177055417352573,8.996591538412702e-08,0.08817293941411308,0.0881728494481977,0.09647738678698511,0.17317438491432335,0.07669699812733824
10.0,PID,healthy,blind_fault,post_lap_2,True,0.1529215235435449,0.15396615607546382,0.0010446325319189154,6.302151985798307e-09,0.004272587415557441,0.004272581113405455,0.1529224452517047,0.1605979963055862,0.007675551053881485,1.6256109680590214e-08,0.007654463605126227,0.0076544473490165466,0.09647798340590193,0.09604187468014981,-0.0004361087257521157
10.0,PID,healthy,blind_fault,post_lap_3,True,0.15292132249110918,0.15398194304794816,0.001060620556838976,5.202729462515259e-09,0.004431435212144911,0.0044314300094154485,0.1529214570709756,0.15937638346993158,0.006454926398955979,1.0454120236147446e-08,0.00646620917403018,0.0064661987199099435,0.09647803290928772,0.09713043986418758,0.0006524069548998618
10.0,PID,healthy,blind_fault,post_all,True,0.15292226442927062,0.16436787318996535,0.011445608760694725,2.2070225163115193e-08,0.01847008026389898,0.018470058193673814,0.15293484957524753,0.2706403913105048,0.1177055417352573,8.996591538412702e-08,0.08817293941411308,0.0881728494481977,0.09647780103450504,0.12734170779277618,0.030863906758271137
10.0,PID,healthy,blind_fault,last_lap,True,0.15292132249110918,0.15398194304794816,0.001060620556838976,5.202729462515259e-09,0.004431435212144911,0.0044314300094154485,0.1529214570709756,0.15937638346993158,0.006454926398955979,1.0454120236147446e-08,0.00646620917403018,0.0064661987199099435,0.09647803290928772,0.09713043986418758,0.0006524069548998618
10.0,A_best,healthy,blind_fault,hover,True,0.0012976891830366098,0.0012976891830366098,0.0,0.0008629220781272558,0.0008629220781272558,0.0,0.0018676853820880999,0.0018676853820880999,0.0,0.0011296484452798516,0.0011296484452798516,0.0,0.0013432961027830743,0.0013432961027830743,0.0
10.0,A_best,healthy,blind_fault,entry_warmup,True,0.33595427765780617,0.33595427765780617,0.0,0.12085330322524782,0.12085330322524782,0.0,0.4169992369936093,0.4169992369936093,0.0,0.21099701076702115,0.21099701076702115,0.0,0.21967727153560238,0.21967727153560238,0.0
10.0,A_best,healthy,blind_fault,prefault_lap,True,0.38062256824713714,0.38062256824713714,0.0,0.14352161354886991,0.14352161354886991,0.0,0.39768170970392186,0.39768170970392186,0.0,0.20411799116639617,0.20411799116639617,0.0,0.24106753368620487,0.24106753368620487,0.0
10.0,A_best,healthy,blind_fault,post_first_2s,True,0.37205758878640594,0.38517902186538416,0.013121433078978229,0.17070571189942615,0.12263409627758032,-0.04807161562184584,0.3884889373371669,0.43466396679609925,0.04617502945893237,0.20615741993618886,0.15818650154481806,-0.0479709183913708,0.24465362660105008,0.3053966815657783,0.06074305496472823
10.0,A_best,healthy,blind_fault,post_lap_1,True,0.3822064028520724,0.4024540648649749,0.020247662012902512,0.1441835727573142,0.13341056298340906,-0.010773009773905134,0.3984397984513255,0.4808092761412654,0.08236947768993991,0.20615741993618886,0.21636048654137163,0.010203066605182776,0.24070640099231483,0.26401311035122016,0.02330670935890533
10.0,A_best,healthy,blind_fault,post_lap_2,True,0.38236942251458217,0.3845172710178871,0.0021478485033049055,0.14422168795990462,0.14154299854481867,-0.0026786894150859497,0.3989434318190067,0.40574569768043284,0.006802265861426127,0.20626307222087847,0.20312240652950186,-0.0031406656913766096,0.24067216754719534,0.2407869228257553,0.0001147552785599748
10.0,A_best,healthy,blind_fault,post_lap_3,True,0.3823852908335863,0.3833268551121622,0.0009415642785758904,0.14422269235658897,0.14256049684003574,-0.001662195516553222,0.3989919633237297,0.40138722153893913,0.002395258215209417,0.2062640179377737,0.20195787766793383,-0.0043061402698398865,0.24066889516207704,0.2411478951343142,0.0004789999722371596
10.0,A_best,healthy,blind_fault,post_all,True,0.38232038061515117,0.3901975072052465,0.007877126590095318,0.14420931884087926,0.13923157449837126,-0.004977744342508,0.3989919633237297,0.4808092761412654,0.08181731281753568,0.2062640179377737,0.21636048654137163,0.010096468603597919,0.24068248849821014,0.24888656851996654,0.008204080021756405
10.0,A_best,healthy,blind_fault,last_lap,True,0.3823852908335863,0.3833268551121622,0.0009415642785758904,0.14422269235658897,0.14256049684003574,-0.001662195516553222,0.3989919633237297,0.40138722153893913,0.002395258215209417,0.2062640179377737,0.20195787766793383,-0.0043061402698398865,0.24066889516207704,0.2411478951343142,0.0004789999722371596
10.0,A_best,blind_fault,oracle_fault,hover,True,0.0012976891830366098,0.0012976891830366098,0.0,0.0008629220781272558,0.0008629220781272558,0.0,0.0018676853820880999,0.0018676853820880999,0.0,0.0011296484452798516,0.0011296484452798516,0.0,0.0013432961027830743,0.0013432961027830743,0.0
10.0,A_best,blind_fault,oracle_fault,entry_warmup,True,0.33595427765780617,0.33595427765780617,0.0,0.12085330322524782,0.12085330322524782,0.0,0.4169992369936093,0.4169992369936093,0.0,0.21099701076702115,0.21099701076702115,0.0,0.21967727153560238,0.21967727153560238,0.0
10.0,A_best,blind_fault,oracle_fault,prefault_lap,True,0.38062256824713714,0.38062256824713714,0.0,0.14352161354886991,0.14352161354886991,0.0,0.39768170970392186,0.39768170970392186,0.0,0.20411799116639617,0.20411799116639617,0.0,0.24106753368620487,0.24106753368620487,0.0
10.0,A_best,blind_fault,oracle_fault,post_first_2s,True,0.38517902186538416,0.37193755983479404,-0.013241462030590123,0.12263409627758032,0.16951256425515102,0.0468784679775707,0.43466396679609925,0.38848921834450295,-0.046174748451596304,0.15818650154481806,0.20659571766817053,0.04840921612335247,0.3053966815657783,0.2446975562911107,-0.060699125274667615
10.0,A_best,blind_fault,oracle_fault,post_lap_1,True,0.4024540648649749,0.3821433060994056,-0.020310758765569314,0.13341056298340906,0.1439125562137802,0.010501993230371154,0.4808092761412654,0.39881091415945874,-0.08199836198180666,0.21636048654137163,0.20659571766817053,-0.009764768873201102,0.26401311035122016,0.2408148629125784,-0.023198247438641767
10.0,A_best,blind_fault,oracle_fault,post_lap_2,True,0.3845172710178871,0.382356226698008,-0.0021610443198790685,0.14154299854481867,0.1442428636257161,0.0026998650808974234,0.40574569768043284,0.3988701205481622,-0.0068755771322706605,0.20312240652950186,0.2063343903963295,0.003211983866827639,0.2407869228257553,0.24066686976888585,-0.00012005305686946244
10.0,A_best,blind_fault,oracle_fault,post_lap_3,True,0.3833268551121622,0.3823838495901806,-0.0009430055219815658,0.14256049684003574,0.14422498436124145,0.0016644875212057098,0.40138722153893913,0.3989879851563253,-0.0023992363826138563,0.20195787766793383,0.20627213175887538,0.0043142540909415494,0.2411478951343142,0.24066932997565238,-0.00047856515866182003
10.0,A_best,blind_fault,oracle_fault,post_all,True,0.3901975072052465,0.38229447590338367,-0.007903031301862817,0.13923157449837126,0.14412688120418032,0.004895306705809066,0.4808092761412654,0.3989879851563253,-0.08182129098494012,0.21636048654137163,0.20659571766817053,-0.009764768873201102,0.24888656851996654,0.2407170308300372,-0.00816953768992934
10.0,A_best,blind_fault,oracle_fault,last_lap,True,0.3833268551121622,0.3823838495901806,-0.0009430055219815658,0.14256049684003574,0.14422498436124145,0.0016644875212057098,0.40138722153893913,0.3989879851563253,-0.0023992363826138563,0.20195787766793383,0.20627213175887538,0.0043142540909415494,0.2411478951343142,0.24066932997565238,-0.00047856515866182003
10.0,A_best,oracle_fault,estimated_fault,hover,True,0.0012976891830366098,0.0012976891830366098,0.0,0.0008629220781272558,0.0008629220781272558,0.0,0.0018676853820880999,0.0018676853820880999,0.0,0.0011296484452798516,0.0011296484452798516,0.0,0.0013432961027830743,0.0013432961027830743,0.0
10.0,A_best,oracle_fault,estimated_fault,entry_warmup,True,0.33595427765780617,0.33595427765780617,0.0,0.12085330322524782,0.12085330322524782,0.0,0.4169992369936093,0.4169992369936093,0.0,0.21099701076702115,0.21099701076702115,0.0,0.21967727153560238,0.21967727153560238,0.0
10.0,A_best,oracle_fault,estimated_fault,prefault_lap,True,0.38062256824713714,0.38062256824713714,0.0,0.14352161354886991,0.14352161354886991,0.0,0.39768170970392186,0.39768170970392186,0.0,0.20411799116639617,0.20411799116639617,0.0,0.24106753368620487,0.24106753368620487,0.0
10.0,A_best,oracle_fault,estimated_fault,post_first_2s,True,0.37193755983479404,0.3703842704253704,-0.0015532894094236194,0.16951256425515102,0.16723498369221443,-0.0022775805629365875,0.38848921834450295,0.3884892539413685,3.559686556631192e-08,0.20659571766817053,0.2078324871982733,0.001236769530102766,0.2446975562911107,0.2503274826963022,0.005629926405191471
10.0,A_best,oracle_fault,estimated_fault,post_lap_1,True,0.3821433060994056,0.3816656594847543,-0.00047764661465132807,0.1439125562137802,0.14332481776497083,-0.0005877384488093829,0.39881091415945874,0.4001633675190782,0.0013524533596194765,0.20659571766817053,0.2078324871982733,0.001236769530102766,0.2408148629125784,0.2431287278853159,0.0023138649727375005
10.0,A_best,oracle_fault,estimated_fault,post_lap_2,True,0.382356226698008,0.38232750095942236,-2.872573858564431e-05,0.1442428636257161,0.1442935015444016,5.063791868550882e-05,0.3988701205481622,0.3986032112503644,-0.0002669092977977683,0.2063343903963295,0.2064882385166258,0.00015384812029628492,0.24066686976888585,0.2406391801115497,-2.7689657336155138e-05
10.0,A_best,oracle_fault,estimated_fault,post_lap_3,True,0.3823838495901806,0.3823807327086268,-3.116881553799633e-06,0.14422498436124145,0.14423016196047023,5.177599228772811e-06,0.3989879851563253,0.3989756881268855,-1.2297029439778395e-05,0.20627213175887538,0.20629069698459035,1.8565225714972655e-05,0.24066932997565238,0.24067165600752682,2.3260318744444675e-06
10.0,A_best,oracle_fault,estimated_fault,post_all,True,0.38229447590338367,0.38212476948705115,-0.0001697064163325157,0.14412688120418032,0.14395017378066366,-0.00017670742351666435,0.3989879851563253,0.4001633675190782,0.0011753823627529414,0.20659571766817053,0.2078324871982733,0.001236769530102766,0.2407170308300372,0.24148266972552168,0.0007656388954844773
10.0,A_best,oracle_fault,estimated_fault,last_lap,True,0.3823838495901806,0.3823807327086268,-3.116881553799633e-06,0.14422498436124145,0.14423016196047023,5.177599228772811e-06,0.3989879851563253,0.3989756881268855,-1.2297029439778395e-05,0.20627213175887538,0.20629069698459035,1.8565225714972655e-05,0.24066932997565238,0.24067165600752682,2.3260318744444675e-06
10.0,A_best,healthy,estimated_fault,hover,True,0.0012976891830366098,0.0012976891830366098,0.0,0.0008629220781272558,0.0008629220781272558,0.0,0.0018676853820880999,0.0018676853820880999,0.0,0.0011296484452798516,0.0011296484452798516,0.0,0.0013432961027830743,0.0013432961027830743,0.0
10.0,A_best,healthy,estimated_fault,entry_warmup,True,0.33595427765780617,0.33595427765780617,0.0,0.12085330322524782,0.12085330322524782,0.0,0.4169992369936093,0.4169992369936093,0.0,0.21099701076702115,0.21099701076702115,0.0,0.21967727153560238,0.21967727153560238,0.0
10.0,A_best,healthy,estimated_fault,prefault_lap,True,0.38062256824713714,0.38062256824713714,0.0,0.14352161354886991,0.14352161354886991,0.0,0.39768170970392186,0.39768170970392186,0.0,0.20411799116639617,0.20411799116639617,0.0,0.24106753368620487,0.24106753368620487,0.0
10.0,A_best,healthy,estimated_fault,post_first_2s,True,0.37205758878640594,0.3703842704253704,-0.001673318361035514,0.17070571189942615,0.16723498369221443,-0.0034707282072117263,0.3884889373371669,0.3884892539413685,3.1660420163337477e-07,0.20615741993618886,0.2078324871982733,0.0016750672620844398,0.24465362660105008,0.2503274826963022,0.005673856095252089
10.0,A_best,healthy,estimated_fault,post_lap_1,True,0.3822064028520724,0.3816656594847543,-0.0005407433673181306,0.1441835727573142,0.14332481776497083,-0.0008587549923433635,0.3984397984513255,0.4001633675190782,0.0017235690677527282,0.20615741993618886,0.2078324871982733,0.0016750672620844398,0.24070640099231483,0.2431287278853159,0.0024223268930010644
10.0,A_best,healthy,estimated_fault,post_lap_2,True,0.38236942251458217,0.38232750095942236,-4.192155515980733e-05,0.14422168795990462,0.1442935015444016,7.18135844969825e-05,0.3989434318190067,0.3986032112503644,-0.0003402205686423021,0.20626307222087847,0.2064882385166258,0.0002251662957473144,0.24067216754719534,0.2406391801115497,-3.298743564564277e-05
10.0,A_best,healthy,estimated_fault,post_lap_3,True,0.3823852908335863,0.3823807327086268,-4.558124959475052e-06,0.14422269235658897,0.14423016196047023,7.4696038812605e-06,0.3989919633237297,0.3989756881268855,-1.6275196844217632e-05,0.2062640179377737,0.20629069698459035,2.6679046816635577e-05,0.24066889516207704,0.24067165600752682,2.760845449784055e-06
10.0,A_best,healthy,estimated_fault,post_all,True,0.38232038061515117,0.38212476948705115,-0.00019561112810001502,0.14420931884087926,0.14395017378066366,-0.0002591450602155987,0.3989919633237297,0.4001633675190782,0.0011714041953485022,0.2062640179377737,0.2078324871982733,0.0015684692604995831,0.24068248849821014,0.24148266972552168,0.0008001812273115416
10.0,A_best,healthy,estimated_fault,last_lap,True,0.3823852908335863,0.3823807327086268,-4.558124959475052e-06,0.14422269235658897,0.14423016196047023,7.4696038812605e-06,0.3989919633237297,0.3989756881268855,-1.6275196844217632e-05,0.2062640179377737,0.20629069698459035,2.6679046816635577e-05,0.24066889516207704,0.24067165600752682,2.760845449784055e-06
10.0,B_best,healthy,blind_fault,hover,True,0.0013211050728680136,0.0013211050728680136,0.0,0.0012999002940392733,0.0012999002940392733,0.0,0.002393829080652363,0.002393829080652363,0.0,0.002029536658774589,0.002029536658774589,0.0,0.0017899632306934692,0.0017899632306934692,0.0
10.0,B_best,healthy,blind_fault,entry_warmup,True,0.4169870911771972,0.4169870911771972,0.0,0.08202278756643563,0.08202278756643563,0.0,0.5967555552938243,0.5967555552938243,0.0,0.14518439577167985,0.14518439577167985,0.0,0.2801492888771688,0.2801492888771688,0.0
10.0,B_best,healthy,blind_fault,prefault_lap,True,0.480132964705332,0.480132964705332,0.0,0.09960697966798526,0.09960697966798526,0.0,0.5716602279960015,0.5716602279960015,0.0,0.14070818061245172,0.14070818061245172,0.0,0.3036014414128081,0.3036014414128081,0.0
10.0,B_best,healthy,blind_fault,post_first_2s,True,0.5341367641160116,0.5121056632044307,-0.022031100911580892,0.11858311421777304,0.10674642917059715,-0.011836685047175888,0.5629288106835716,0.569064730854441,0.006135920170869391,0.1403447935306812,0.13108329888398051,-0.009261494646700674,0.261920909809739,0.32583620411061354,0.06391529430087456
10.0,B_best,healthy,blind_fault,post_lap_1,True,0.4819572882120032,0.4933286711001382,0.011371382888135051,0.0998975589789858,0.09566354811692356,-0.004234010862062251,0.5700662470166412,0.5740918233968095,0.004025576380168316,0.14059105862498944,0.1424963709036845,0.0019053122786950594,0.3033496482339743,0.314682385764461,0.011332737530486692
10.0,B_best,healthy,blind_fault,post_lap_2,True,0.48209834576785865,0.47934107058412384,-0.0027572751837348086,0.09990125042993266,0.0986733599906514,-0.0012278904392812595,0.5699694853492063,0.5681693974045586,-0.0018000879446476992,0.14060005747113413,0.14008953304277538,-0.0005105244283587496,0.30332025509612326,0.3008038378613302,-0.002516417234793067
10.0,B_best,healthy,blind_fault,post_lap_3,True,0.48210862499183627,0.47885826405338056,-0.0032503609384557097,0.09989999812113211,0.09887979033989885,-0.0010202077812332538,0.5699644369474807,0.5677390358717588,-0.002225401075721889,0.14060216912110068,0.1399227299865945,-0.0006794391345061879,0.3033170602087412,0.30122309411113846,-0.002093966097602762
10.0,B_best,healthy,blind_fault,post_all,True,0.48205475793533825,0.4838892010678958,0.0018344431325575394,0.09989960252177561,0.09774995199969151,-0.002149650522084101,0.5700662470166412,0.5740918233968095,0.004025576380168316,0.14060216912110068,0.1424963709036845,0.0018942017825838153,0.30332898820088966,0.30563775138138405,0.0023087631804943887
10.0,B_best,healthy,blind_fault,last_lap,True,0.48210862499183627,0.47885826405338056,-0.0032503609384557097,0.09989999812113211,0.09887979033989885,-0.0010202077812332538,0.5699644369474807,0.5677390358717588,-0.002225401075721889,0.14060216912110068,0.1399227299865945,-0.0006794391345061879,0.3033170602087412,0.30122309411113846,-0.002093966097602762
10.0,B_best,blind_fault,oracle_fault,hover,True,0.0013211050728680136,0.0013211050728680136,0.0,0.0012999002940392733,0.0012999002940392733,0.0,0.002393829080652363,0.002393829080652363,0.0,0.002029536658774589,0.002029536658774589,0.0,0.0017899632306934692,0.0017899632306934692,0.0
10.0,B_best,blind_fault,oracle_fault,entry_warmup,True,0.4169870911771972,0.4169870911771972,0.0,0.08202278756643563,0.08202278756643563,0.0,0.5967555552938243,0.5967555552938243,0.0,0.14518439577167985,0.14518439577167985,0.0,0.2801492888771688,0.2801492888771688,0.0
10.0,B_best,blind_fault,oracle_fault,prefault_lap,True,0.480132964705332,0.480132964705332,0.0,0.09960697966798526,0.09960697966798526,0.0,0.5716602279960015,0.5716602279960015,0.0,0.14070818061245172,0.14070818061245172,0.0,0.3036014414128081,0.3036014414128081,0.0
10.0,B_best,blind_fault,oracle_fault,post_first_2s,True,0.5121056632044307,0.5329284785014532,0.020822815297022457,0.10674642917059715,0.11801278028056404,0.01126635110996689,0.569064730854441,0.5620826548333505,-0.006982076021090466,0.13108329888398051,0.14058378652248726,0.00950048763850675,0.32583620411061354,0.26083993758570373,-0.06499626652490981
10.0,B_best,blind_fault,oracle_fault,post_lap_1,True,0.4933286711001382,0.48160425415893926,-0.011724416941198967,0.09566354811692356,0.09974983116293072,0.004086283046007166,0.5740918233968095,0.570078729822033,-0.004013093574776527,0.1424963709036845,0.14058378652248726,-0.0019125843811972354,0.314682385764461,0.3032579680959224,-0.011424417668538578
10.0,B_best,blind_fault,oracle_fault,post_lap_2,True,0.47934107058412384,0.4820921783685942,0.0027511077844703524,0.0986733599906514,0.09991131337268391,0.0012379533820325167,0.5681693974045586,0.5699669488027654,0.0017975513982068092,0.14008953304277538,0.14058888582588214,0.0004993527831067546,0.3008038378613302,0.30332535015504625,0.002521512293716055
10.0,B_best,blind_fault,oracle_fault,post_lap_3,True,0.47885826405338056,0.4821082856321741,0.0032500215787935605,0.09887979033989885,0.09990101154556544,0.0010212212056665837,0.5677390358717588,0.5699639201445011,0.0022248842727423668,0.1399227299865945,0.14060107881988293,0.0006783488332884335,0.30122309411113846,0.3033175255115429,0.0020944314004044395
10.0,B_best,blind_fault,oracle_fault,post_all,True,0.4838892010678958,0.481934962812535,-0.001954238255360785,0.09774995199969151,0.09985407931028663,0.0021041273105951164,0.5740918233968095,0.570078729822033,-0.004013093574776527,0.1424963709036845,0.14060107881988293,-0.0018952920838015697,0.30563775138138405,0.3033002827467604,-0.0023374686346236406
10.0,B_best,blind_fault,oracle_fault,last_lap,True,0.47885826405338056,0.4821082856321741,0.0032500215787935605,0.09887979033989885,0.09990101154556544,0.0010212212056665837,0.5677390358717588,0.5699639201445011,0.0022248842727423668,0.1399227299865945,0.14060107881988293,0.0006783488332884335,0.30122309411113846,0.3033175255115429,0.0020944314004044395
10.0,B_best,oracle_fault,estimated_fault,hover,True,0.0013211050728680136,0.0013211050728680136,0.0,0.0012999002940392733,0.0012999002940392733,0.0,0.002393829080652363,0.002393829080652363,0.0,0.002029536658774589,0.002029536658774589,0.0,0.0017899632306934692,0.0017899632306934692,0.0
10.0,B_best,oracle_fault,estimated_fault,entry_warmup,True,0.4169870911771972,0.4169870911771972,0.0,0.08202278756643563,0.08202278756643563,0.0,0.5967555552938243,0.5967555552938243,0.0,0.14518439577167985,0.14518439577167985,0.0,0.2801492888771688,0.2801492888771688,0.0
10.0,B_best,oracle_fault,estimated_fault,prefault_lap,True,0.480132964705332,0.480132964705332,0.0,0.09960697966798526,0.09960697966798526,0.0,0.5716602279960015,0.5716602279960015,0.0,0.14070818061245172,0.14070818061245172,0.0,0.3036014414128081,0.3036014414128081,0.0
10.0,B_best,oracle_fault,estimated_fault,post_first_2s,True,0.5329284785014532,0.5296685721541537,-0.003259906347299446,0.11801278028056404,0.11674607610139123,-0.001266704179172809,0.5620826548333505,0.5630133829601944,0.000930728126843916,0.14058378652248726,0.14143486632866353,0.0008510798061762692,0.26083993758570373,0.2663333042960764,0.005493366710372649
10.0,B_best,oracle_fault,estimated_fault,post_lap_1,True,0.48160425415893926,0.48065514965301165,-0.0009491045059276115,0.09974983116293072,0.09938973103984523,-0.00036010012308548833,0.570078729822033,0.5699994264476027,-7.930337443029511e-05,0.14058378652248726,0.14143486632866353,0.0008510798061762692,0.3032579680959224,0.3045919619699991,0.0013339938740766777
10.0,B_best,oracle_fault,estimated_fault,post_lap_2,True,0.4820921783685942,0.48208464155217723,-7.536816416964243e-06,0.09991131337268391,0.09993447515516121,2.3161782477298942e-05,0.5699669488027654,0.5699520313281368,-1.4917474628672878e-05,0.14058888582588214,0.14056450022532352,-2.4385600558618492e-05,0.30332535015504625,0.30333861124180395,1.326108675769877e-05
10.0,B_best,oracle_fault,estimated_fault,post_lap_3,True,0.4821082856321741,0.48210800690958977,-2.78722584345914e-07,0.09990101154556544,0.09990317580906644,2.164263500997743e-06,0.5699639201445011,0.5699620559503854,-1.8641941157415687e-06,0.14060107881988293,0.14059886644500863,-2.212374874299705e-06,0.3033175255115429,0.3033186965302159,1.1710186730296002e-06
10.0,B_best,oracle_fault,estimated_fault,post_all,True,0.481934962812535,0.481616411969383,-0.0003185508431520212,0.09985407931028663,0.09974277333462567,-0.00011130597566096079,0.570078729822033,0.5699994264476027,-7.930337443029511e-05,0.14060107881988293,0.14143486632866353,0.0008337875087806035,0.3033002827467604,0.30375034048355615,0.00045005773679573924
10.0,B_best,oracle_fault,estimated_fault,last_lap,True,0.4821082856321741,0.48210800690958977,-2.78722584345914e-07,0.09990101154556544,0.09990317580906644,2.164263500997743e-06,0.5699639201445011,0.5699620559503854,-1.8641941157415687e-06,0.14060107881988293,0.14059886644500863,-2.212374874299705e-06,0.3033175255115429,0.3033186965302159,1.1710186730296002e-06
10.0,B_best,healthy,estimated_fault,hover,True,0.0013211050728680136,0.0013211050728680136,0.0,0.0012999002940392733,0.0012999002940392733,0.0,0.002393829080652363,0.002393829080652363,0.0,0.002029536658774589,0.002029536658774589,0.0,0.0017899632306934692,0.0017899632306934692,0.0
10.0,B_best,healthy,estimated_fault,entry_warmup,True,0.4169870911771972,0.4169870911771972,0.0,0.08202278756643563,0.08202278756643563,0.0,0.5967555552938243,0.5967555552938243,0.0,0.14518439577167985,0.14518439577167985,0.0,0.2801492888771688,0.2801492888771688,0.0
10.0,B_best,healthy,estimated_fault,prefault_lap,True,0.480132964705332,0.480132964705332,0.0,0.09960697966798526,0.09960697966798526,0.0,0.5716602279960015,0.5716602279960015,0.0,0.14070818061245172,0.14070818061245172,0.0,0.3036014414128081,0.3036014414128081,0.0
10.0,B_best,healthy,estimated_fault,post_first_2s,True,0.5341367641160116,0.5296685721541537,-0.004468191961857881,0.11858311421777304,0.11674607610139123,-0.0018370381163818061,0.5629288106835716,0.5630133829601944,8.457227662284073e-05,0.1403447935306812,0.14143486632866353,0.0010900727979823444,0.261920909809739,0.2663333042960764,0.004412394486337401
10.0,B_best,healthy,estimated_fault,post_lap_1,True,0.4819572882120032,0.48065514965301165,-0.001302138558991528,0.0998975589789858,0.09938973103984523,-0.0005078279391405732,0.5700662470166412,0.5699994264476027,-6.682056903850597e-05,0.14059105862498944,0.14143486632866353,0.0008438077036740932,0.3033496482339743,0.3045919619699991,0.0012423137360247916
10.0,B_best,healthy,estimated_fault,post_lap_2,True,0.48209834576785865,0.48208464155217723,-1.370421568142044e-05,0.09990125042993266,0.09993447515516121,3.322472522855613e-05,0.5699694853492063,0.5699520313281368,-1.7454021069562842e-05,0.14060005747113413,0.14056450022532352,-3.555724581061348e-05,0.30332025509612326,0.30333861124180395,1.8356145680686886e-05
10.0,B_best,healthy,estimated_fault,post_lap_3,True,0.48210862499183627,0.48210800690958977,-6.180822464951774e-07,0.09989999812113211,0.09990317580906644,3.1776879343276e-06,0.5699644369474807,0.5699620559503854,-2.380997095263737e-06,0.14060216912110068,0.14059886644500863,-3.3026760920540355e-06,0.3033170602087412,0.3033186965302159,1.6363214747072696e-06
10.0,B_best,healthy,estimated_fault,post_all,True,0.48205475793533825,0.481616411969383,-0.00043834596595526687,0.09989960252177561,0.09974277333462567,-0.00015682918714994554,0.5700662470166412,0.5699994264476027,-6.682056903850597e-05,0.14060216912110068,0.14143486632866353,0.0008326972075628492,0.30332898820088966,0.30375034048355615,0.0004213522826664873
10.0,B_best,healthy,estimated_fault,last_lap,True,0.48210862499183627,0.48210800690958977,-6.180822464951774e-07,0.09989999812113211,0.09990317580906644,3.1776879343276e-06,0.5699644369474807,0.5699620559503854,-2.380997095263737e-06,0.14060216912110068,0.14059886644500863,-3.3026760920540355e-06,0.3033170602087412,0.3033186965302159,1.6363214747072696e-06
5.0,PID,healthy,blind_fault,hover,True,2.6001185138114213e-15,2.6001185138114213e-15,0.0,3.447312266962504e-05,3.447312266962504e-05,0.0,5.2640453142521694e-15,5.2640453142521694e-15,0.0,6.444915482717306e-05,6.444915482717306e-05,0.0,3.7739762742809254e-15,3.7739762742809254e-15,0.0
5.0,PID,healthy,blind_fault,entry_warmup,True,0.2864254314761692,0.2864254314761692,0.0,0.0001309654201420419,0.0001309654201420419,0.0,0.3420617220951429,0.3420617220951429,0.0,0.00037920992003026566,0.00037920992003026566,0.0,0.3774280870984216,0.3774280870984216,0.0
5.0,PID,healthy,blind_fault,prefault_lap,True,0.3203715351160024,0.3203715351160024,0.0,1.8889665034477843e-05,1.8889665034477843e-05,0.0,0.32109544051984523,0.32109544051984523,0.0,3.025766508890637e-05,3.025766508890637e-05,0.0,0.40400872375481867,0.40400872375481867,0.0
5.0,PID,healthy,blind_fault,post_first_2s,True,0.3204099938532438,0.5006051104294447,0.18019511657620085,7.0428026612880504e-06,0.04305057726587637,0.04304353446321508,0.32049164498248583,0.6498562409367667,0.3293645959542809,8.749059252632918e-06,0.07157216413936496,0.07156341508011232,0.4039779092161031,0.5799413205276323,0.17596341131152915
5.0,PID,healthy,blind_fault,post_lap_1,True,0.3202795653897829,0.5216032235958231,0.2013236582060402,5.375061846761314e-06,0.06337788000142366,0.0633725049395769,0.32049164498248583,0.7097312322423954,0.3892395872599096,8.749059252632918e-06,0.08863502896811071,0.08862627990885807,0.4040058526309504,0.6647835650101322,0.26077771237918185
5.0,PID,healthy,blind_fault,post_lap_2,True,0.3202543220799326,0.329508890339761,0.0092545682598284,1.5555261102184371e-06,0.023062847421558185,0.023061291895447967,0.32031485130759496,0.3786488037620558,0.058333952454460825,2.4470018048505793e-06,0.041627325611694244,0.04162487860988939,0.4040085863466185,0.41080619765060006,0.006797611303981543
5.0,PID,healthy,blind_fault,post_lap_3,True,0.3202470631372709,0.32778536595725455,0.007538302819983633,4.846919065649581e-07,0.020498435510432667,0.020497950818526102,0.32026411041869923,0.3451042513070249,0.024840140888325646,8.322665517868089e-07,0.03243795637709823,0.032437124110546445,0.4040093737122589,0.41391865950395734,0.009909285791698419
5.0,PID,healthy,blind_fault,post_all,True,0.3202603171719285,0.4033564502249535,0.08309613305302499,3.2427291787613116e-06,0.04069740558086513,0.04069416285168637,0.32049164498248583,0.7097312322423954,0.3892395872599096,8.749059252632918e-06,0.08863502896811071,0.08862627990885807,0.4040079375660937,0.5105642555125579,0.1065563179464642
5.0,PID,healthy,blind_fault,last_lap,True,0.3202470631372709,0.32778536595725455,0.007538302819983633,4.846919065649581e-07,0.020498435510432667,0.020497950818526102,0.32026411041869923,0.3451042513070249,0.024840140888325646,8.322665517868089e-07,0.03243795637709823,0.032437124110546445,0.4040093737122589,0.41391865950395734,0.009909285791698419
5.0,A_best,healthy,blind_fault,hover,True,0.0012976891830366098,0.0012976891830366098,0.0,0.0008629220781272558,0.0008629220781272558,0.0,0.0018676853820880999,0.0018676853820880999,0.0,0.0011296484452798516,0.0011296484452798516,0.0,0.0013432961027830743,0.0013432961027830743,0.0
5.0,A_best,healthy,blind_fault,entry_warmup,True,0.5744325452672173,0.5744325452672173,0.0,0.1878880118983811,0.1878880118983811,0.0,0.741010706749067,0.741010706749067,0.0,0.33228610236517653,0.33228610236517653,0.0,0.7052584737704465,0.7052584737704465,0.0
5.0,A_best,healthy,blind_fault,prefault_lap,True,0.6752493405516425,0.6752493405516425,0.0,0.21218314362009874,0.21218314362009874,0.0,0.7207091972038331,0.7207091972038331,0.0,0.3088333415239227,0.3088333415239227,0.0,0.8550159256749388,0.8550159256749388,0.0
5.0,A_best,healthy,blind_fault,post_first_2s,True,0.6715826144073039,0.6982231706928379,0.026640556285533967,0.21563078791563134,0.16996179057119823,-0.04566899734443311,0.6957486046637962,0.7574807169816039,0.06173211231780773,0.3057410632494446,0.24885563314976844,-0.05688543009967617,0.8550110123162334,0.8922788550141604,0.037267842697926934
5.0,A_best,healthy,blind_fault,post_lap_1,True,0.6771600512512076,0.6894877001024836,0.012327648851276019,0.21404061723702647,0.2071700639518117,-0.00687055328521477,0.6957486046637962,0.7787042508540639,0.08295564619026774,0.3057410632494446,0.33502136123869164,0.02928029798924703,0.8543172692779553,0.8756283211148239,0.021311051836868655
5.0,A_best,healthy,blind_fault,post_lap_2,True,0.6779784724518789,0.6760938717890717,-0.0018846006628072676,0.21463476890535244,0.21252895510255548,-0.002105813802796952,0.6894328731311186,0.7088235618427152,0.01939068871159666,0.3088481923392161,0.3112750680675035,0.00242687572828737,0.8540573805181425,0.8469423932971207,-0.0071149872210217735
5.0,A_best,healthy,blind_fault,post_lap_3,True,0.6782578754520849,0.6742838951511296,-0.003973980300955304,0.21479825522171536,0.2138708731672161,-0.0009273820544992706,0.6892257541816681,0.6923343341464059,0.00310857996473779,0.3096519882110842,0.30540251440044386,-0.004249473810640336,0.8539820784313092,0.8476174210558459,-0.006364657375463323
5.0,A_best,healthy,blind_fault,post_all,True,0.6777989598033468,0.6799889664113503,0.002190006608003503,0.21449146082191284,0.21120980291650704,-0.0032816579054057993,0.6957486046637962,0.7787042508540639,0.08295564619026774,0.3096519882110842,0.33502136123869164,0.025369373027607445,0.8541189214791096,0.8568336413368278,0.0027147198577182063
5.0,A_best,healthy,blind_fault,last_lap,True,0.6782578754520849,0.6742838951511296,-0.003973980300955304,0.21479825522171536,0.2138708731672161,-0.0009273820544992706,0.6892257541816681,0.6923343341464059,0.00310857996473779,0.3096519882110842,0.30540251440044386,-0.004249473810640336,0.8539820784313092,0.8476174210558459,-0.006364657375463323
5.0,A_best,blind_fault,oracle_fault,hover,True,0.0012976891830366098,0.0012976891830366098,0.0,0.0008629220781272558,0.0008629220781272558,0.0,0.0018676853820880999,0.0018676853820880999,0.0,0.0011296484452798516,0.0011296484452798516,0.0,0.0013432961027830743,0.0013432961027830743,0.0
5.0,A_best,blind_fault,oracle_fault,entry_warmup,True,0.5744325452672173,0.5744325452672173,0.0,0.1878880118983811,0.1878880118983811,0.0,0.741010706749067,0.741010706749067,0.0,0.33228610236517653,0.33228610236517653,0.0,0.7052584737704465,0.7052584737704465,0.0
5.0,A_best,blind_fault,oracle_fault,prefault_lap,True,0.6752493405516425,0.6752493405516425,0.0,0.21218314362009874,0.21218314362009874,0.0,0.7207091972038331,0.7207091972038331,0.0,0.3088333415239227,0.3088333415239227,0.0,0.8550159256749388,0.8550159256749388,0.0
5.0,A_best,blind_fault,oracle_fault,post_first_2s,True,0.6982231706928379,0.6711387476288664,-0.02708442306397152,0.16996179057119823,0.2155141019025201,0.04555231133132187,0.7574807169816039,0.6957497798254539,-0.06173093715614997,0.24885563314976844,0.30576478474715474,0.0569091515973863,0.8922788550141604,0.8548108995569818,-0.037467955457178626
5.0,A_best,blind_fault,oracle_fault,post_lap_1,True,0.6894877001024836,0.6769710495901279,-0.012516650512355731,0.2071700639518117,0.21390063871926326,0.006730574767451564,0.7787042508540639,0.6957497798254539,-0.08295447102860998,0.33502136123869164,0.30576478474715474,-0.0292565764915369,0.8756283211148239,0.8542089541901127,-0.021419366924711247
5.0,A_best,blind_fault,oracle_fault,post_lap_2,True,0.6760938717890717,0.6779994395913893,0.0019055678023176537,0.21252895510255548,0.21466128163449263,0.002132326531937151,0.7088235618427152,0.6900399379407078,-0.018783623902007385,0.3112750680675035,0.30898073903655376,-0.0022943290309497266,0.8469423932971207,0.8540123947626891,0.007070001465568354
5.0,A_best,blind_fault,oracle_fault,post_lap_3,True,0.6742838951511296,0.6782551477092809,0.003971252558151228,0.2138708731672161,0.21480743506268124,0.0009365618954651489,0.6923343341464059,0.6891754116241829,-0.00315892252222294,0.30540251440044386,0.30970644124771085,0.004303926847266992,0.8476174210558459,0.8539917842796942,0.006374363223848323
5.0,A_best,blind_fault,oracle_fault,post_all,True,0.6799889664113503,0.677742106178925,-0.002246860232425263,0.21120980291650704,0.21445682023481227,0.003247017318305234,0.7787042508540639,0.6957497798254539,-0.08295447102860998,0.33502136123869164,0.30970644124771085,-0.02531491999098079,0.8568336413368278,0.854071050019471,-0.0027625913173567884
5.0,A_best,blind_fault,oracle_fault,last_lap,True,0.6742838951511296,0.6782551477092809,0.003971252558151228,0.2138708731672161,0.21480743506268124,0.0009365618954651489,0.6923343341464059,0.6891754116241829,-0.00315892252222294,0.30540251440044386,0.30970644124771085,0.004303926847266992,0.8476174210558459,0.8539917842796942,0.006374363223848323
5.0,A_best,oracle_fault,estimated_fault,hover,True,0.0012976891830366098,0.0012976891830366098,0.0,0.0008629220781272558,0.0008629220781272558,0.0,0.0018676853820880999,0.0018676853820880999,0.0,0.0011296484452798516,0.0011296484452798516,0.0,0.0013432961027830743,0.0013432961027830743,0.0
5.0,A_best,oracle_fault,estimated_fault,entry_warmup,True,0.5744325452672173,0.5744325452672173,0.0,0.1878880118983811,0.1878880118983811,0.0,0.741010706749067,0.741010706749067,0.0,0.33228610236517653,0.33228610236517653,0.0,0.7052584737704465,0.7052584737704465,0.0
5.0,A_best,oracle_fault,estimated_fault,prefault_lap,True,0.6752493405516425,0.6752493405516425,0.0,0.21218314362009874,0.21218314362009874,0.0,0.7207091972038331,0.7207091972038331,0.0,0.3088333415239227,0.3088333415239227,0.0,0.8550159256749388,0.8550159256749388,0.0
5.0,A_best,oracle_fault,estimated_fault,post_first_2s,True,0.6711387476288664,0.6690725344178382,-0.0020662132110281783,0.2155141019025201,0.2155198335326117,5.731630091598827e-06,0.6957497798254539,0.6957499006328879,1.2080743394538018e-07,0.30576478474715474,0.3060288615005513,0.00026407675339656933,0.8548108995569818,0.8525584958307146,-0.002252403726267116
5.0,A_best,oracle_fault,estimated_fault,post_lap_1,True,0.6769710495901279,0.6764244926198014,-0.0005465569703264617,0.21390063871926326,0.2136356361347692,-0.0002650025844940507,0.6957497798254539,0.6957499006328879,1.2080743394538018e-07,0.30576478474715474,0.3060288615005513,0.00026407675339656933,0.8542089541901127,0.8544005261054769,0.00019157191536423035
5.0,A_best,oracle_fault,estimated_fault,post_lap_2,True,0.6779994395913893,0.6779411205563542,-5.831903503505931e-05,0.21466128163449263,0.21474650447888757,8.522284439493877e-05,0.6900399379407078,0.6912855968835759,0.0012456589428680998,0.30898073903655376,0.30949883203828543,0.0005180930017316676,0.8540123947626891,0.8539294524036332,-8.29423590559264e-05
5.0,A_best,oracle_fault,estimated_fault,post_lap_3,True,0.6782551477092809,0.6782495899129832,-5.557796297628315e-06,0.21480743506268124,0.21483287960981473,2.5444547133490758e-05,0.6891754116241829,0.6889535847173145,-0.00022182690686844975,0.30970644124771085,0.309850327505784,0.00014388625807315591,0.8539917842796942,0.8540194378006939,2.7653520999648684e-05
5.0,A_best,oracle_fault,estimated_fault,post_all,True,0.677742106178925,0.6775388705637218,-0.00020323561520330102,0.21445682023481227,0.21440569984187574,-5.1120392936532255e-05,0.6957497798254539,0.6957499006328879,1.2080743394538018e-07,0.30970644124771085,0.309850327505784,0.00014388625807315591,0.854071050019471,0.8541164965103019,4.544649083082497e-05
5.0,A_best,oracle_fault,estimated_fault,last_lap,True,0.6782551477092809,0.6782495899129832,-5.557796297628315e-06,0.21480743506268124,0.21483287960981473,2.5444547133490758e-05,0.6891754116241829,0.6889535847173145,-0.00022182690686844975,0.30970644124771085,0.309850327505784,0.00014388625807315591,0.8539917842796942,0.8540194378006939,2.7653520999648684e-05
5.0,A_best,healthy,estimated_fault,hover,True,0.0012976891830366098,0.0012976891830366098,0.0,0.0008629220781272558,0.0008629220781272558,0.0,0.0018676853820880999,0.0018676853820880999,0.0,0.0011296484452798516,0.0011296484452798516,0.0,0.0013432961027830743,0.0013432961027830743,0.0
5.0,A_best,healthy,estimated_fault,entry_warmup,True,0.5744325452672173,0.5744325452672173,0.0,0.1878880118983811,0.1878880118983811,0.0,0.741010706749067,0.741010706749067,0.0,0.33228610236517653,0.33228610236517653,0.0,0.7052584737704465,0.7052584737704465,0.0
5.0,A_best,healthy,estimated_fault,prefault_lap,True,0.6752493405516425,0.6752493405516425,0.0,0.21218314362009874,0.21218314362009874,0.0,0.7207091972038331,0.7207091972038331,0.0,0.3088333415239227,0.3088333415239227,0.0,0.8550159256749388,0.8550159256749388,0.0
5.0,A_best,healthy,estimated_fault,post_first_2s,True,0.6715826144073039,0.6690725344178382,-0.00251007998946573,0.21563078791563134,0.2155198335326117,-0.00011095438301964022,0.6957486046637962,0.6957499006328879,1.295969091708038e-06,0.3057410632494446,0.3060288615005513,0.00028779825110669677,0.8550110123162334,0.8525584958307146,-0.0024525164855188075
5.0,A_best,healthy,estimated_fault,post_lap_1,True,0.6771600512512076,0.6764244926198014,-0.0007355586314061746,0.21404061723702647,0.2136356361347692,-0.0004049811022572569,0.6957486046637962,0.6957499006328879,1.295969091708038e-06,0.3057410632494446,0.3060288615005513,0.00028779825110669677,0.8543172692779553,0.8544005261054769,8.325682752163832e-05
5.0,A_best,healthy,estimated_fault,post_lap_2,True,0.6779784724518789,0.6779411205563542,-3.735189552467322e-05,0.21463476890535244,0.21474650447888757,0.00011173557353513774,0.6894328731311186,0.6912855968835759,0.0018527237524573748,0.3088481923392161,0.30949883203828543,0.0006506396990693109,0.8540573805181425,0.8539294524036332,-0.00012792811450934582
5.0,A_best,healthy,estimated_fault,post_lap_3,True,0.6782578754520849,0.6782495899129832,-8.285539101704487e-06,0.21479825522171536,0.21483287960981473,3.4624388099369074e-05,0.6892257541816681,0.6889535847173145,-0.0002721694643535999,0.3096519882110842,0.309850327505784,0.00019833929469981193,0.8539820784313092,0.8540194378006939,3.7359369384648566e-05
5.0,A_best,healthy,estimated_fault,post_all,True,0.6777989598033468,0.6775388705637218,-0.0002600892396250609,0.21449146082191284,0.21440569984187574,-8.576098003709731e-05,0.6957486046637962,0.6957499006328879,1.295969091708038e-06,0.3096519882110842,0.309850327505784,0.00019833929469981193,0.8541189214791096,0.8541164965103019,-2.4249688077571108e-06
5.0,A_best,healthy,estimated_fault,last_lap,True,0.6782578754520849,0.6782495899129832,-8.285539101704487e-06,0.21479825522171536,0.21483287960981473,3.4624388099369074e-05,0.6892257541816681,0.6889535847173145,-0.0002721694643535999,0.3096519882110842,0.309850327505784,0.00019833929469981193,0.8539820784313092,0.8540194378006939,3.7359369384648566e-05
5.0,B_best,healthy,blind_fault,hover,True,0.0013211050728680136,0.0013211050728680136,0.0,0.0012999002940392733,0.0012999002940392733,0.0,0.002393829080652363,0.002393829080652363,0.0,0.002029536658774589,0.002029536658774589,0.0,0.0017899632306934692,0.0017899632306934692,0.0
5.0,B_best,healthy,blind_fault,entry_warmup,True,0.6498603216112856,0.6498603216112856,0.0,0.11868723617604411,0.11868723617604411,0.0,0.9478474344728206,0.9478474344728206,0.0,0.2108132885021602,0.2108132885021602,0.0,0.7806823238282673,0.7806823238282673,0.0
5.0,B_best,healthy,blind_fault,prefault_lap,True,0.7355569163420678,0.7355569163420678,0.0,0.13217998806715026,0.13217998806715026,0.0,0.8866913030393236,0.8866913030393236,0.0,0.19346450399392257,0.19346450399392257,0.0,0.9344817627315021,0.9344817627315021,0.0
5.0,B_best,healthy,blind_fault,post_first_2s,True,0.7512120159038036,0.7549313601464638,0.003719344242660183,0.13345462122230947,0.119577425622554,-0.013877195599755476,0.8378029535848981,0.8760423975733912,0.038239443988493105,0.1865581428579539,0.17325196861730374,-0.01330617424065017,0.9006043341997032,0.9381011218789315,0.03749678767922826
5.0,B_best,healthy,blind_fault,post_lap_1,True,0.7399949695334572,0.7488336230173847,0.008838653483927428,0.133586657980196,0.1288227325472839,-0.004763925432912097,0.8685077908802359,0.8760423975733912,0.00753460669315531,0.18922635404193566,0.19656688356656515,0.007340529524629491,0.9340214929499769,0.9483461444655161,0.014324651515539188
5.0,B_best,healthy,blind_fault,post_lap_2,True,0.7414484797921163,0.7361603401491216,-0.0052881396429946825,0.13399411089430888,0.13244560192450297,-0.0015485089698059062,0.8633780671382235,0.854139200467316,-0.009238866670907564,0.18857573233910618,0.19065623288921463,0.002080500550108444,0.9338533656737835,0.923435090068223,-0.010418275605560523
5.0,B_best,healthy,blind_fault,post_lap_3,True,0.7418670273108391,0.73488297573793,-0.006984051572909045,0.13409104999295351,0.13293428583319528,-0.001156764159758239,0.8619333829165564,0.8555043998516663,-0.006428983064890148,0.18902469546261313,0.18943504483374163,0.00041034937112849335,0.9337961776866198,0.924283972484334,-0.009512205202285795
5.0,B_best,healthy,blind_fault,post_all,True,0.7411039264349465,0.7399857722504417,-0.0011181541845047827,0.1338907846379366,0.13141367031892662,-0.0024771143190099876,0.8685077908802359,0.8760423975733912,0.00753460669315531,0.18922635404193566,0.19656688356656515,0.007340529524629491,0.9338903503329318,0.9320932780724145,-0.001797072260517285
5.0,B_best,healthy,blind_fault,last_lap,True,0.7418670273108391,0.73488297573793,-0.006984051572909045,0.13409104999295351,0.13293428583319528,-0.001156764159758239,0.8619333829165564,0.8555043998516663,-0.006428983064890148,0.18902469546261313,0.18943504483374163,0.00041034937112849335,0.9337961776866198,0.924283972484334,-0.009512205202285795
5.0,B_best,blind_fault,oracle_fault,hover,True,0.0013211050728680136,0.0013211050728680136,0.0,0.0012999002940392733,0.0012999002940392733,0.0,0.002393829080652363,0.002393829080652363,0.0,0.002029536658774589,0.002029536658774589,0.0,0.0017899632306934692,0.0017899632306934692,0.0
5.0,B_best,blind_fault,oracle_fault,entry_warmup,True,0.6498603216112856,0.6498603216112856,0.0,0.11868723617604411,0.11868723617604411,0.0,0.9478474344728206,0.9478474344728206,0.0,0.2108132885021602,0.2108132885021602,0.0,0.7806823238282673,0.7806823238282673,0.0
5.0,B_best,blind_fault,oracle_fault,prefault_lap,True,0.7355569163420678,0.7355569163420678,0.0,0.13217998806715026,0.13217998806715026,0.0,0.8866913030393236,0.8866913030393236,0.0,0.19346450399392257,0.19346450399392257,0.0,0.9344817627315021,0.9344817627315021,0.0
5.0,B_best,blind_fault,oracle_fault,post_first_2s,True,0.7549313601464638,0.7499905668715873,-0.004940793274876509,0.119577425622554,0.13325389056278977,0.013676464940235777,0.8760423975733912,0.8387109858414296,-0.03733141173196164,0.17325196861730374,0.18737353996883344,0.014121571351529694,0.9381011218789315,0.8982137518103207,-0.03988737006861076
5.0,B_best,blind_fault,oracle_fault,post_lap_1,True,0.7488336230173847,0.7394693309608414,-0.00936429205654321,0.1288227325472839,0.13340081912720828,0.0045780865799243675,0.8760423975733912,0.8683497326852281,-0.007692664888163114,0.19656688356656515,0.18885663371668093,-0.007710249849884221,0.9483461444655161,0.93347941443094,-0.01486673003457617
5.0,B_best,blind_fault,oracle_fault,post_lap_2,True,0.7361603401491216,0.7414487568954262,0.005288416746304647,0.13244560192450297,0.13401712040293037,0.0015715184784274028,0.854139200467316,0.8634831630790226,0.009343962611706669,0.19065623288921463,0.18869377192518977,-0.001962460964024859,0.923435090068223,0.933867003976477,0.010431913908254042
5.0,B_best,blind_fault,oracle_fault,post_lap_3,True,0.73488297573793,0.741862701464581,0.006979725726650954,0.13293428583319528,0.13409819149709448,0.0011639056638992062,0.8555043998516663,0.8619568964589194,0.006452496607253111,0.18943504483374163,0.1890638402015592,-0.0003712046321824314,0.924283972484334,0.9337990187545554,0.009515046270221372
5.0,B_best,blind_fault,oracle_fault,post_all,True,0.7399857722504417,0.7409276659156802,0.0009418936652384469,0.13141367031892662,0.13383907260549277,0.002425402286566153,0.8760423975733912,0.8683497326852281,-0.007692664888163114,0.19656688356656515,0.1890638402015592,-0.007503043365005957,0.9320932780724145,0.9337151610116979,0.0016218829392834477
5.0,B_best,blind_fault,oracle_fault,last_lap,True,0.73488297573793,0.741862701464581,0.006979725726650954,0.13293428583319528,0.13409819149709448,0.0011639056638992062,0.8555043998516663,0.8619568964589194,0.006452496607253111,0.18943504483374163,0.1890638402015592,-0.0003712046321824314,0.924283972484334,0.9337990187545554,0.009515046270221372
5.0,B_best,oracle_fault,estimated_fault,hover,True,0.0013211050728680136,0.0013211050728680136,0.0,0.0012999002940392733,0.0012999002940392733,0.0,0.002393829080652363,0.002393829080652363,0.0,0.002029536658774589,0.002029536658774589,0.0,0.0017899632306934692,0.0017899632306934692,0.0
5.0,B_best,oracle_fault,estimated_fault,entry_warmup,True,0.6498603216112856,0.6498603216112856,0.0,0.11868723617604411,0.11868723617604411,0.0,0.9478474344728206,0.9478474344728206,0.0,0.2108132885021602,0.2108132885021602,0.0,0.7806823238282673,0.7806823238282673,0.0
5.0,B_best,oracle_fault,estimated_fault,prefault_lap,True,0.7355569163420678,0.7355569163420678,0.0,0.13217998806715026,0.13217998806715026,0.0,0.8866913030393236,0.8866913030393236,0.0,0.19346450399392257,0.19346450399392257,0.0,0.9344817627315021,0.9344817627315021,0.0
5.0,B_best,oracle_fault,estimated_fault,post_first_2s,True,0.7499905668715873,0.7476261354836287,-0.00236443138795861,0.13325389056278977,0.1322088955868526,-0.0010449949759371857,0.8387109858414296,0.8406506609682817,0.001939675126852114,0.18737353996883344,0.18885507307755667,0.001481533108723232,0.8982137518103207,0.8956713758452438,-0.002542375965076893
5.0,B_best,oracle_fault,estimated_fault,post_lap_1,True,0.7394693309608414,0.7384737576480397,-0.0009955733128017563,0.13340081912720828,0.13267628355476963,-0.0007245355724386504,0.8683497326852281,0.8676657192597058,-0.0006840134255222674,0.18885663371668093,0.18885507307755667,-1.560639124265073e-06,0.93347941443094,0.9339196835317012,0.00044026910076122583
5.0,B_best,oracle_fault,estimated_fault,post_lap_2,True,0.7414487568954262,0.7414432383229819,-5.5185724443518325e-06,0.13401712040293037,0.13408815032792357,7.102992499319338e-05,0.8634831630790226,0.86377206199441,0.0002888989153874144,0.18869377192518977,0.18910100794452456,0.00040723601933478903,0.933867003976477,0.9339176874088967,5.068343241965145e-05
5.0,B_best,oracle_fault,estimated_fault,post_lap_3,True,0.741862701464581,0.7418483441712069,-1.4357293374067659e-05,0.13409819149709448,0.13412020444475797,2.2012947663491156e-05,0.8619568964589194,0.8620236745954637,6.677813654432097e-05,0.1890638402015592,0.1891851984720725,0.00012135827051329429,0.9337990187545554,0.9338048171719533,5.798417397895328e-06
5.0,B_best,oracle_fault,estimated_fault,post_all,True,0.7409276659156802,0.7405899747586935,-0.00033769115698667473,0.13383907260549277,0.13362990872377475,-0.00020916388171801636,0.8683497326852281,0.8676657192597058,-0.0006840134255222674,0.1890638402015592,0.1891851984720725,0.00012135827051329429,0.9337151610116979,0.9338807309138712,0.00016556990217331258
5.0,B_best,oracle_fault,estimated_fault,last_lap,True,0.741862701464581,0.7418483441712069,-1.4357293374067659e-05,0.13409819149709448,0.13412020444475797,2.2012947663491156e-05,0.8619568964589194,0.8620236745954637,6.677813654432097e-05,0.1890638402015592,0.1891851984720725,0.00012135827051329429,0.9337990187545554,0.9338048171719533,5.798417397895328e-06
5.0,B_best,healthy,estimated_fault,hover,True,0.0013211050728680136,0.0013211050728680136,0.0,0.0012999002940392733,0.0012999002940392733,0.0,0.002393829080652363,0.002393829080652363,0.0,0.002029536658774589,0.002029536658774589,0.0,0.0017899632306934692,0.0017899632306934692,0.0
5.0,B_best,healthy,estimated_fault,entry_warmup,True,0.6498603216112856,0.6498603216112856,0.0,0.11868723617604411,0.11868723617604411,0.0,0.9478474344728206,0.9478474344728206,0.0,0.2108132885021602,0.2108132885021602,0.0,0.7806823238282673,0.7806823238282673,0.0
5.0,B_best,healthy,estimated_fault,prefault_lap,True,0.7355569163420678,0.7355569163420678,0.0,0.13217998806715026,0.13217998806715026,0.0,0.8866913030393236,0.8866913030393236,0.0,0.19346450399392257,0.19346450399392257,0.0,0.9344817627315021,0.9344817627315021,0.0
5.0,B_best,healthy,estimated_fault,post_first_2s,True,0.7512120159038036,0.7476261354836287,-0.003585880420174936,0.13345462122230947,0.1322088955868526,-0.0012457256354568846,0.8378029535848981,0.8406506609682817,0.0028477073833835798,0.1865581428579539,0.18885507307755667,0.0022969302196027552,0.9006043341997032,0.8956713758452438,-0.004932958354459394
5.0,B_best,healthy,estimated_fault,post_lap_1,True,0.7399949695334572,0.7384737576480397,-0.0015212118854175394,0.133586657980196,0.13267628355476963,-0.0009103744254263801,0.8685077908802359,0.8676657192597058,-0.0008420716205300716,0.18922635404193566,0.18885507307755667,-0.00037128096437899494,0.9340214929499769,0.9339196835317012,-0.00010180941827575563
5.0,B_best,healthy,estimated_fault,post_lap_2,True,0.7414484797921163,0.7414432383229819,-5.241469134387167e-06,0.13399411089430888,0.13408815032792357,9.403943361468992e-05,0.8633780671382235,0.86377206199441,0.0003939948561865192,0.18857573233910618,0.18910100794452456,0.0005252756054183738,0.9338533656737835,0.9339176874088967,6.432173511317085e-05
5.0,B_best,healthy,estimated_fault,post_lap_3,True,0.7418670273108391,0.7418483441712069,-1.8683139632158507e-05,0.13409104999295351,0.13412020444475797,2.9154451804458414e-05,0.8619333829165564,0.8620236745954637,9.029167890728385e-05,0.18902469546261313,0.1891851984720725,0.00016050300945935625,0.9337961776866198,0.9338048171719533,8.639485333472585e-06
5.0,B_best,healthy,estimated_fault,post_all,True,0.7411039264349465,0.7405899747586935,-0.0005139516762530105,0.1338907846379366,0.13362990872377475,-0.0002608759141618511,0.8685077908802359,0.8676657192597058,-0.0008420716205300716,0.18922635404193566,0.1891851984720725,-4.115556986317159e-05,0.9338903503329318,0.9338807309138712,-9.61941906052477e-06
5.0,B_best,healthy,estimated_fault,last_lap,True,0.7418670273108391,0.7418483441712069,-1.8683139632158507e-05,0.13409104999295351,0.13412020444475797,2.9154451804458414e-05,0.8619333829165564,0.8620236745954637,9.029167890728385e-05,0.18902469546261313,0.1891851984720725,0.00016050300945935625,0.9337961776866198,0.9338048171719533,8.639485333472585e-06
