key,observed_post_samples,post_integral_xy_limit_seconds,post_integral_z_limit_seconds,post_esc_max,post_motor_nominal_max_n,post_action_max_abs
T10-PID-healthy,3000,0.0,0.0,0.5467741850223042,0.10650484827894366,"[0.0, 0.0, 0.0, 0.0]"
T10-PID-blind_fault,3000,0.0,0.0,0.715620279951011,0.1704410729184173,"[0.0, 0.0, 0.0, 0.0]"
T10-A_best-healthy,3000,0.0,0.0,0.5481872507773267,0.10742450902457949,"[6.053555989637971e-05, 6.0733407735824585e-05, 0.001719058956950903, 0.00772986002266407]"
T10-A_best-blind_fault,3000,0.0,0.0,0.7296637227852661,0.16836519817871226,"[0.468563050031662, 0.5032231211662292, 0.4109780490398407, 0.2576010823249817]"
T10-A_best-oracle_fault,3000,0.0,0.0,0.7916391192683627,0.16978967959738164,"[0.32491210103034973, 0.33754199743270874, 0.22603227198123932, 0.13385753333568573]"
T10-A_best-estimated_fault,3000,0.0,0.0,0.8066449131466249,0.18313186041052493,"[0.468563050031662, 0.5032231211662292, 0.4109780490398407, 0.2913176119327545]"
T10-B_best-healthy,3000,0.0,0.0,0.5471995882836377,0.10706372775214658,"[5.211681127548218e-05, 5.871802568435669e-05, 0.0010737348347902298, 0.005356632173061371]"
T10-B_best-blind_fault,3000,0.0,0.0,0.7545362220820415,0.17232664380151388,"[0.4828989803791046, 0.48929712176322937, 0.4333600699901581, 0.19776514172554016]"
T10-B_best-oracle_fault,3000,0.0,0.0,0.8261145691373875,0.178934717817249,"[0.28578105568885803, 0.3218216300010681, 0.23306560516357422, 0.05992531776428223]"
T10-B_best-estimated_fault,3000,0.0,0.0,0.8794713951305796,0.19856183753240994,"[0.46701493859291077, 0.48929712176322937, 0.4232114255428314, 0.16588956117630005]"
T5-PID-healthy,1500,0.0,0.0,0.5524255505726063,0.10805772426973059,"[0.0, 0.0, 0.0, 0.0]"
T5-PID-blind_fault,1500,0.0,0.0,0.7253365376821145,0.17291386825404098,"[0.0, 0.0, 0.0, 0.0]"
T5-A_best-healthy,1500,0.0,0.0,0.5630916050320423,0.11290515508727299,"[0.0009405244491063058, 0.0010146237909793854, 0.007700501475483179, 0.05006032809615135]"
T5-A_best-blind_fault,1500,0.0,0.0,0.7498345056981218,0.17360940010983128,"[0.4865756928920746, 0.5509078502655029, 0.4095537066459656, 0.2552601397037506]"
T5-A_best-oracle_fault,1500,0.0,0.0,0.8105928964195709,0.17484963728746664,"[0.3266785442829132, 0.36730965971946716, 0.20943523943424225, 0.14681723713874817]"
T5-A_best-estimated_fault,1500,0.0,0.0,0.8051733436145354,0.18650315114119534,"[0.4865756928920746, 0.5288683176040649, 0.4095537066459656, 0.30565738677978516]"
T5-B_best-healthy,1500,0.0,0.0,0.5563540257319111,0.11041589675720302,"[0.0006793774664402008, 0.0008032768964767456, 0.00685756653547287, 0.03155984729528427]"
T5-B_best-blind_fault,1500,0.0,0.0,0.7524334463419404,0.177359328762686,"[0.5731865167617798, 0.4783886969089508, 0.4314694404602051, 0.2286379039287567]"
T5-B_best-oracle_fault,1500,0.0,0.0,0.8236685907119311,0.1819962459697939,"[0.2656603753566742, 0.31631898880004883, 0.2299237847328186, 0.07242152839899063]"
T5-B_best-estimated_fault,1500,0.0,0.0,0.8736759588470947,0.20340985391971197,"[0.535265326499939, 0.4783886969089508, 0.3886945843696594, 0.17838212847709656]"
