key,label,scenario,allocation_mode,completed,actual_duration_sec,end_reason,recovery_xy_s,recovery_z_s,recovery_3d_s,recovery_position_attitude_s,detection_delay,first_allocator_compensation_time,efficiency_mae,efficiency_rmse,efficiency_settling_delay,false_positive_episodes,false_positive_seconds,misidentification_seconds,uncertain_seconds,insufficient_data_seconds,integral_freeze_seconds,post_max_xy_error_m,post_max_abs_z_error_m,post_rmse_xy_m,post_rmse_z_m,post_max_tilt_deg,post_yaw_max_abs_deg,tail_offset_xy_m,tail_mean_error_z_m,tail_sway_xy_rms_m,tail_sway_z_rms_m
A_best-hover-blind,A_best,hover,blind,True,20.0,horizon,,,,,,,,,,0,0.0,0.0,0.04,0.19,0.0,0.0008029642587803201,0.0005705197905829795,0.00031488286345589527,0.00021918227570820776,0.017074477373738378,0.13485095357673796,3.0786631187290605e-05,2.2542760003055882e-05,4.2235450668682665e-06,3.041489851245806e-06
A_best-hover-oracle,A_best,hover,oracle,True,20.0,horizon,,,,,,,,,,0,0.0,0.0,0.04,0.19,0.0,0.0008029642587803201,0.0005705197905829795,0.00031488286345589527,0.00021918227570820776,0.017074477373738378,0.13485095357673796,3.0786631187290605e-05,2.2542760003055882e-05,4.2235450668682665e-06,3.041489851245806e-06
A_best-hover-estimated,A_best,hover,estimated,True,20.0,horizon,,,,,,,,,,0,0.0,0.0,0.04,0.19,0.0,0.0008029642587803201,0.0005705197905829795,0.00031488286345589527,0.00021918227570820776,0.017074477373738378,0.13485095357673796,3.0786631187290605e-05,2.2542760003055882e-05,4.2235450668682665e-06,3.041489851245806e-06
A_best-step_x-blind,A_best,step_x,blind,True,20.0,horizon,2.6000000000000005,0.9900000000000002,2.63,2.63,,,,,,0,0.0,0.0,0.04,0.19,0.0,0.050610745114965314,0.009213892381433109,0.00803417349470877,0.0019715735937319277,2.603830542037728,0.21775498385911526,0.0003627216901271969,0.00016015668367926116,5.200792078799375e-05,2.4146366115941958e-05
A_best-step_x-oracle,A_best,step_x,oracle,True,20.0,horizon,2.6000000000000005,0.9900000000000002,2.63,2.63,,,,,,0,0.0,0.0,0.04,0.19,0.0,0.050610745114965314,0.009213892381433109,0.00803417349470877,0.0019715735937319277,2.603830542037728,0.21775498385911526,0.0003627216901271969,0.00016015668367926116,5.200792078799375e-05,2.4146366115941958e-05
A_best-step_x-estimated,A_best,step_x,estimated,True,20.0,horizon,2.6000000000000005,0.9900000000000002,2.63,2.63,,,,,,0,0.0,0.0,0.04,0.19,0.0,0.050610745114965314,0.009213892381433109,0.00803417349470877,0.0019715735937319277,2.603830542037728,0.21775498385911526,0.0003627216901271969,0.00016015668367926116,5.200792078799375e-05,2.4146366115941958e-05
A_best-step_y-blind,A_best,step_y,blind,True,20.0,horizon,3.74,1.3900000000000006,3.76,3.8200000000000003,,,,,,0,0.0,0.0,0.04,0.19,0.0,0.050492072987387344,0.008501118260239693,0.00802063316638619,0.0022039903779722796,2.835769616978308,0.47720999787698665,0.0003330386358028799,-0.00011809458910706006,6.266630506562772e-05,2.0583578412010395e-05
A_best-step_y-oracle,A_best,step_y,oracle,True,20.0,horizon,3.74,1.3900000000000006,3.76,3.8200000000000003,,,,,,0,0.0,0.0,0.04,0.19,0.0,0.050492072987387344,0.008501118260239693,0.00802063316638619,0.0022039903779722796,2.835769616978308,0.47720999787698665,0.0003330386358028799,-0.00011809458910706006,6.266630506562772e-05,2.0583578412010395e-05
A_best-step_y-estimated,A_best,step_y,estimated,True,20.0,horizon,3.74,1.3900000000000006,3.76,3.8200000000000003,,,,,,0,0.0,0.0,0.04,0.19,0.0,0.050492072987387344,0.008501118260239693,0.00802063316638619,0.0022039903779722796,2.835769616978308,0.47720999787698665,0.0003330386358028799,-0.00011809458910706006,6.266630506562772e-05,2.0583578412010395e-05
A_best-motor1_80-blind,A_best,motor1_80,blind,True,20.0,horizon,12.309999999999999,8.870000000000001,12.690000000000001,12.690000000000001,0.08000000000000007,,0.0011293770868005663,0.013929699362725124,0.1200000000000001,0,0.0,0.0,0.11,0.19,0.0,0.06008549048547795,0.028621301387528275,0.026806041641063857,0.01273787851622723,3.751304961717981,3.723742159064615,0.0033681531964172414,-0.0015889273576055968,0.0004622500273096689,0.000205182436202854
A_best-motor1_80-oracle,A_best,motor1_80,oracle,True,20.0,horizon,0.6900000000000004,0.1200000000000001,0.7000000000000002,3.66,0.07000000000000028,5.0,0.0010204742576365115,0.01298575332404045,0.1200000000000001,0,0.0,0.0,0.1,0.19,0.0,0.005027509476865845,0.002189904613886684,0.0010053470244367202,0.00048275214757636484,1.7628012886342566,0.43878465510259923,0.00010240265890439848,6.103675515624518e-05,1.6974730023702358e-05,8.114349754505801e-06
A_best-motor1_80-estimated,A_best,motor1_80,estimated,True,20.0,horizon,3.1899999999999995,0.71,3.1899999999999995,4.5600000000000005,0.08000000000000007,5.08,0.001123749464889186,0.013921102347526923,0.1200000000000001,0,0.0,0.0,0.11,0.19,0.0,0.018397511973814732,0.0071923768775230545,0.003376238717821708,0.0014046358315050174,3.7427915171934503,1.0513352333490278,0.00019966503151081538,0.00011118466234986912,4.403123083093653e-05,1.4980622629564779e-05
A_best-motor1_70-blind,A_best,motor1_70,blind,True,20.0,horizon,,11.170000000000002,,,0.07000000000000028,,0.001527930708699735,0.019513609913577902,0.1299999999999999,0,0.0,0.0,0.1,0.19,0.0,0.10751976391825589,0.05203489107526671,0.04734607707733211,0.022547282440239177,6.851680512672921,6.368308478461892,0.0058057134720757375,-0.0027027548925905825,0.000775464345420863,0.0003487333102610443
A_best-motor1_70-oracle,A_best,motor1_70,oracle,True,20.0,horizon,1.7000000000000002,0.13999999999999968,1.7000000000000002,4.120000000000001,0.07000000000000028,5.0,0.0014661114894748374,0.01931430841668734,0.1200000000000001,0,0.0,0.0,0.1,0.19,0.03,0.008822748316382956,0.004015578047411594,0.0016798712930518787,0.000828149672784365,2.8108822056500515,0.6551352383977849,0.00014580458553839146,8.660602719746003e-05,2.5826153545511026e-05,1.1604121551329248e-05
A_best-motor1_70-estimated,A_best,motor1_70,estimated,True,20.0,horizon,5.0600000000000005,0.8600000000000003,5.0600000000000005,5.470000000000001,0.07000000000000028,5.07,0.0015143356915929657,0.01949233493532362,0.1299999999999999,0,0.0,0.0,0.1,0.19,0.04,0.03358690471424907,0.013111120513952579,0.006089819283310597,0.0025495199111423648,6.72371356604322,1.7543135422931653,0.0003314054239555349,0.000189100963811325,7.886513004366304e-05,2.5915795437169828e-05
A_best-motor2_80-blind,A_best,motor2_80,blind,True,20.0,horizon,11.18,8.81,11.670000000000002,11.670000000000002,0.08000000000000007,,0.0011162139418652462,0.013898875701356554,0.1200000000000001,0,0.0,0.0,0.11,0.19,0.0,0.045421971980194174,0.023537283640618245,0.020263631828561272,0.011463437044410097,4.780316922435986,3.6656797216672854,0.002649196281244586,-0.001238660096571066,0.00034804078800749995,0.0002027986011507283
A_best-motor2_80-oracle,A_best,motor2_80,oracle,True,20.0,horizon,0.45999999999999996,0.0,0.6200000000000001,1.79,0.07000000000000028,5.0,0.0010140615900443481,0.01296502387152774,0.11000000000000032,0,0.0,0.0,0.1,0.19,0.0,0.005267543811950845,0.0011701442371883086,0.0009104038784676618,0.0003185415674530236,1.988409696341793,0.13630374434269069,5.410204323180879e-05,4.785067457124703e-05,8.613717334336349e-06,6.830461355632785e-06
A_best-motor2_80-estimated,A_best,motor2_80,estimated,True,20.0,horizon,2.25,0.3200000000000003,2.25,3.130000000000001,0.08000000000000007,5.08,0.0011110907216690458,0.01389119473968681,0.1200000000000001,0,0.0,0.0,0.11,0.19,0.0,0.017319029193022206,0.004643148993903279,0.0028545035644379382,0.0009806932633627998,4.745544953324988,0.5511473663949537,0.00012053264908398409,9.757961405752469e-05,2.5082705405375376e-05,1.4304396176926415e-05
A_best-motor2_70-blind,A_best,motor2_70,blind,True,20.0,horizon,13.620000000000001,10.71,13.98,,0.07000000000000028,,0.001498257817403641,0.019440129393456244,0.1299999999999999,0,0.0,0.0,0.1,0.19,0.0,0.08183659437543167,0.04243764639845893,0.035495900397375324,0.02012000435882195,9.494276623817209,6.487843568535385,0.004539990490464492,-0.0021126564344222227,0.0006127869920173058,0.0003485518982197403
A_best-motor2_70-oracle,A_best,motor2_70,oracle,True,20.0,horizon,0.8200000000000003,0.1200000000000001,0.8300000000000001,2.67,0.07000000000000028,5.0,0.0014571165741429871,0.01929702970809462,0.1200000000000001,0,0.0,0.0,0.1,0.19,0.06,0.010810991948143469,0.0028629941102618073,0.0018021994279963198,0.000632831465452475,3.571363737769582,0.32868573785467875,8.555793620299912e-05,7.298224475869697e-05,1.612713474720236e-05,1.0598965807707665e-05
A_best-motor2_70-estimated,A_best,motor2_70,estimated,True,20.0,horizon,4.210000000000001,1.17,4.210000000000001,4.210000000000001,0.07000000000000028,5.07,0.001494263114525051,0.0194359148850553,0.1299999999999999,0,0.0,0.0,0.1,0.19,0.07,0.037458522651182276,0.011036023904693826,0.006204501204721357,0.002239713072483334,9.410285790709324,1.4809911646682936,0.0002343191281186704,0.0001864833328938087,5.5881810500118926e-05,2.7374997914460297e-05
A_best-motor3_80-blind,A_best,motor3_80,blind,True,20.0,horizon,11.490000000000002,0.3899999999999997,11.490000000000002,11.490000000000002,0.07000000000000028,,0.001032847497207312,0.013036564839334642,0.1200000000000001,0,0.0,0.0,0.1,0.19,0.0,0.05376778510803333,0.004350697307569762,0.022954848428532314,0.0008122964854414508,3.802488975413218,3.4946748324576293,0.0028613238261502023,8.907433843825752e-05,0.0003906017462226534,1.3979712173904145e-05
A_best-motor3_80-oracle,A_best,motor3_80,oracle,True,20.0,horizon,0.7000000000000002,0.0,0.71,3.66,0.07000000000000028,5.0,0.001015736549728784,0.012969036604785522,0.11000000000000032,0,0.0,0.0,0.1,0.19,0.0,0.004989556863491336,0.0008470572791053899,0.0009363870057636696,0.0002575554883926428,1.7618382047654728,0.4992225406696857,4.510374591335947e-05,4.4750684869343525e-05,1.1246479801570276e-05,5.800003620707419e-06
A_best-motor3_80-estimated,A_best,motor3_80,estimated,True,20.0,horizon,3.17,0.3100000000000005,3.17,4.5600000000000005,0.07000000000000028,5.07,0.0010264633941996066,0.013024215041178696,0.1200000000000001,0,0.0,0.0,0.1,0.19,0.0,0.016609150737509373,0.0033049890905012536,0.0030228530479157905,0.0005174399382895958,3.728605753799504,1.1590402984481127,1.403710779623704e-05,5.494681705536797e-05,3.467099173307701e-05,7.891451767115756e-06
A_best-motor3_70-blind,A_best,motor3_70,blind,True,20.0,horizon,13.920000000000002,1.3200000000000003,13.920000000000002,,0.07000000000000028,,0.001501469026135653,0.01943728006980631,0.1299999999999999,0,0.0,0.0,0.1,0.19,0.0,0.09555996752617787,0.008637802195492705,0.03969420117128343,0.0015936161863547734,7.458480317964568,5.93326443463352,0.004882573522967111,0.00016768664297653446,0.0006380905745583803,2.5567171563710315e-05
A_best-motor3_70-oracle,A_best,motor3_70,oracle,True,20.0,horizon,2.16,0.28000000000000025,2.16,4.42,0.07000000000000028,5.0,0.0014602413606312468,0.019302074108636602,0.1200000000000001,0,0.0,0.0,0.1,0.19,0.05,0.009996709450165224,0.002239270418655126,0.0018654242684258918,0.0004185279409964438,3.0604263257833724,0.8702435731519549,3.886848410652603e-05,5.795135026820164e-05,2.136040354997426e-05,7.5813267803524274e-06
A_best-motor3_70-estimated,A_best,motor3_70,estimated,True,20.0,horizon,5.1,1.1799999999999997,5.1,5.470000000000001,0.07000000000000028,5.07,0.0014915703417151323,0.01942408397555053,0.1299999999999999,0,0.0,0.0,0.1,0.19,0.04,0.03377874652847101,0.0067792270612385686,0.006175022405490613,0.0010450675929464964,6.965403193951935,2.2164625975548535,7.042559716083875e-05,9.016588232928169e-05,7.177974263262103e-05,1.3804596378838202e-05
A_best-motor4_80-blind,A_best,motor4_80,blind,True,20.0,horizon,11.66,6.0,11.71,11.71,0.07000000000000028,,0.0010210863849277186,0.013008817230255225,0.11000000000000032,0,0.0,0.0,0.1,0.19,0.0,0.05083519792130561,0.011291958543014902,0.023156605369242567,0.005189751347971115,4.752104445183196,2.3675184180117315,0.0029752018620979597,0.0002837275455569666,0.00039666190576682204,7.780822427616216e-05
A_best-motor4_80-oracle,A_best,motor4_80,oracle,True,20.0,horizon,0.5899999999999999,0.0,0.6100000000000003,1.79,0.07000000000000028,5.0,0.0010093243615133438,0.012951472034327416,0.11000000000000032,0,0.0,0.0,0.1,0.19,0.0,0.004275620356677397,0.0011312954229942829,0.0007247297088159438,0.0002677994047658706,1.9983957023947985,0.2368854304279281,4.069824818498349e-05,2.646351360791055e-05,6.922862402477455e-06,3.3148560315244613e-06
A_best-motor4_80-estimated,A_best,motor4_80,estimated,True,20.0,horizon,1.5099999999999998,0.71,1.5300000000000002,2.6799999999999997,0.07000000000000028,5.07,0.0010148002802536033,0.012997014487694554,0.11000000000000032,0,0.0,0.0,0.1,0.19,0.01,0.015631578832836827,0.003346802174003294,0.0024617614531420033,0.0007086389501969592,4.641935015117291,0.8857025397460738,8.812934167338174e-05,2.1010218363368695e-05,1.97573640985349e-05,2.4953559494381782e-06
A_best-motor4_70-blind,A_best,motor4_70,blind,True,20.0,horizon,,7.720000000000001,,,0.07000000000000028,,0.0014850548805229028,0.019406439676440092,0.1200000000000001,0,0.0,0.0,0.1,0.19,0.06,0.08939247875547997,0.01959711688047383,0.04014241211309538,0.008952543207923533,9.858629105011223,4.054030837040625,0.005054665944279071,0.0004789856270122528,0.0006859169378163424,0.00013558995926427674
A_best-motor4_70-oracle,A_best,motor4_70,oracle,True,20.0,horizon,1.12,0.2999999999999998,1.13,1.8200000000000003,0.07000000000000028,5.0,0.0014520346144501139,0.019291127026762313,0.1200000000000001,0,0.0,0.0,0.1,0.19,0.07,0.012330972995854785,0.0027639509205432677,0.0019464490947733721,0.0005775730377489686,3.849101748270966,0.69752850334367,7.170733032337778e-05,2.1103206356961613e-05,1.5599663590707944e-05,2.431783584257665e-06
A_best-motor4_70-estimated,A_best,motor4_70,estimated,True,20.0,horizon,4.210000000000001,1.5099999999999998,4.210000000000001,4.220000000000001,0.07000000000000028,5.07,0.001483913278590649,0.019405977298888856,0.1200000000000001,0,0.0,0.0,0.1,0.19,0.15,0.04343797349850725,0.012139219351727126,0.006807440115919149,0.001865896962497506,9.859471307590002,2.2630414408161017,0.00018718933830880348,2.5170236383358357e-05,5.436107376886904e-05,5.268851631771092e-06
B_best-hover-blind,B_best,hover,blind,True,20.0,horizon,,,,,,,,,,0,0.0,0.0,0.04,0.19,0.0,0.0005685994275813618,0.000648910173372208,0.0002066544535827695,0.0002389618011610218,0.0027315666917190323,0.9795344278033016,2.0391708698130734e-05,2.3055957532618356e-05,2.7402470123795113e-06,3.1268787987371876e-06
B_best-hover-oracle,B_best,hover,oracle,True,20.0,horizon,,,,,,,,,,0,0.0,0.0,0.04,0.19,0.0,0.0005685994275813618,0.000648910173372208,0.0002066544535827695,0.0002389618011610218,0.0027315666917190323,0.9795344278033016,2.0391708698130734e-05,2.3055957532618356e-05,2.7402470123795113e-06,3.1268787987371876e-06
B_best-hover-estimated,B_best,hover,estimated,True,20.0,horizon,,,,,,,,,,0,0.0,0.0,0.04,0.19,0.0,0.0005685994275813618,0.000648910173372208,0.0002066544535827695,0.0002389618011610218,0.0027315666917190323,0.9795344278033016,2.0391708698130734e-05,2.3055957532618356e-05,2.7402470123795113e-06,3.1268787987371876e-06
B_best-step_x-blind,B_best,step_x,blind,True,20.0,horizon,4.3100000000000005,0.7000000000000002,4.380000000000001,4.380000000000001,,,,,,0,0.0,0.0,0.04,0.19,0.0,0.04949105431124262,0.005118350290596707,0.008594898998329027,0.0010824161897616382,2.3995686110302556,1.0243407449183148,0.0004903030410808772,0.00010243153415349315,6.985118395868022e-05,1.765010956423344e-05
B_best-step_x-oracle,B_best,step_x,oracle,True,20.0,horizon,4.3100000000000005,0.7000000000000002,4.380000000000001,4.380000000000001,,,,,,0,0.0,0.0,0.04,0.19,0.0,0.04949105431124262,0.005118350290596707,0.008594898998329027,0.0010824161897616382,2.3995686110302556,1.0243407449183148,0.0004903030410808772,0.00010243153415349315,6.985118395868022e-05,1.765010956423344e-05
B_best-step_x-estimated,B_best,step_x,estimated,True,20.0,horizon,4.3100000000000005,0.7000000000000002,4.380000000000001,4.380000000000001,,,,,,0,0.0,0.0,0.04,0.19,0.0,0.04949105431124262,0.005118350290596707,0.008594898998329027,0.0010824161897616382,2.3995686110302556,1.0243407449183148,0.0004903030410808772,0.00010243153415349315,6.985118395868022e-05,1.765010956423344e-05
B_best-step_y-blind,B_best,step_y,blind,True,20.0,horizon,5.109999999999999,1.0300000000000002,5.17,5.17,,,,,,0,0.0,0.0,0.04,0.19,0.0,0.05025388797041207,0.008141391236348827,0.009227972226726304,0.0018321138775857367,1.746695758219702,1.039906570321907,0.0005483772497961376,-9.910688973060466e-05,8.091623526041301e-05,1.7758616927005804e-05
B_best-step_y-oracle,B_best,step_y,oracle,True,20.0,horizon,5.109999999999999,1.0300000000000002,5.17,5.17,,,,,,0,0.0,0.0,0.04,0.19,0.0,0.05025388797041207,0.008141391236348827,0.009227972226726304,0.0018321138775857367,1.746695758219702,1.039906570321907,0.0005483772497961376,-9.910688973060466e-05,8.091623526041301e-05,1.7758616927005804e-05
B_best-step_y-estimated,B_best,step_y,estimated,True,20.0,horizon,5.109999999999999,1.0300000000000002,5.17,5.17,,,,,,0,0.0,0.0,0.04,0.19,0.0,0.05025388797041207,0.008141391236348827,0.009227972226726304,0.0018321138775857367,1.746695758219702,1.039906570321907,0.0005483772497961376,-9.910688973060466e-05,8.091623526041301e-05,1.7758616927005804e-05
B_best-motor1_80-blind,B_best,motor1_80,blind,True,20.0,horizon,13.420000000000002,3.2799999999999994,13.420000000000002,13.420000000000002,0.07000000000000028,,0.0010269591124269027,0.013020157019597552,0.1200000000000001,0,0.0,0.0,0.1,0.19,0.0,0.07516637999257691,0.007627447052348413,0.03538712037642535,0.0029240244234830163,4.422512078084027,3.0638763662875648,0.004381029739499133,-0.0002141747601308741,0.0006044174282949377,3.5660308684460514e-05
B_best-motor1_80-oracle,B_best,motor1_80,oracle,True,20.0,horizon,0.8300000000000001,0.0,0.8300000000000001,2.5200000000000005,0.07000000000000028,5.0,0.001013802898926414,0.012961184453379402,0.11000000000000032,0,0.0,0.0,0.1,0.19,0.0,0.0072087735885799035,0.0006219942817180524,0.0012591047681932807,0.00023279231456597974,1.8937792701556952,0.9890070846918364,5.27257801855253e-05,3.650102180050241e-05,7.392460208929569e-06,4.967655923102846e-06
B_best-motor1_80-estimated,B_best,motor1_80,estimated,True,20.0,horizon,1.9699999999999998,0.10000000000000053,1.9699999999999998,2.87,0.07000000000000028,5.07,0.001021189857329153,0.013008593404703858,0.11000000000000032,0,0.0,0.0,0.1,0.19,0.0,0.022712308839498024,0.0019231628815682411,0.0038605593325417935,0.00043955689916316246,4.350272586226937,1.0244678862770396,0.00016913701296513692,5.073762503783552e-05,2.3363341838033974e-05,7.087936845669978e-06
B_best-motor1_70-blind,B_best,motor1_70,blind,True,20.0,horizon,,4.6,,,0.07000000000000028,,0.0014893485962443878,0.019410873427267685,0.1200000000000001,0,0.0,0.0,0.1,0.19,0.0,0.13251790260530835,0.01507529071614322,0.0616858607313686,0.005341587552649756,8.754691177926423,6.031773053227675,0.0075252669497949,-0.00037469088495246163,0.0010376546348324146,6.200226873136461e-05
B_best-motor1_70-oracle,B_best,motor1_70,oracle,True,20.0,horizon,1.8600000000000003,0.0,1.8600000000000003,2.8500000000000005,0.07000000000000028,5.0,0.0014575136965251478,0.019296231379430203,0.1200000000000001,0,0.0,0.0,0.1,0.19,0.06,0.016322248964562473,0.0014255787238647288,0.002785082346215875,0.0003537953859716057,3.542112464863535,1.0090815184804205,0.00012129007408163227,4.6278267381706375e-05,1.6812908303836832e-05,6.401084157900781e-06
B_best-motor1_70-estimated,B_best,motor1_70,estimated,True,20.0,horizon,4.370000000000001,0.46999999999999975,4.380000000000001,4.380000000000001,0.07000000000000028,5.07,0.0014856477546392084,0.019407936347286332,0.1200000000000001,0,0.0,0.0,0.1,0.19,0.06,0.05325228152227187,0.004196692741888164,0.00896199263719362,0.0009460430883190462,8.730303428412311,1.148914688443011,0.0003861125274849607,7.986408859515959e-05,5.3239961096764304e-05,1.154505252185467e-05
B_best-motor2_80-blind,B_best,motor2_80,blind,True,20.0,horizon,13.64,7.58,13.670000000000002,13.670000000000002,0.07000000000000028,,0.0010267743559235383,0.013018683437638621,0.1200000000000001,0,0.0,0.0,0.1,0.19,0.0,0.0792199723012146,0.015262991308516716,0.03979834851014873,0.00723701872043767,4.226277889323727,3.4563314321892986,0.004596244124751339,-0.0005574709042064385,0.0006936442979559798,0.00012416587974180106
B_best-motor2_80-oracle,B_best,motor2_80,oracle,True,20.0,horizon,0.5899999999999999,0.25,0.7400000000000002,3.0299999999999994,0.07000000000000028,5.0,0.0010138005101203986,0.012962149240967199,0.11000000000000032,0,0.0,0.0,0.1,0.19,0.0,0.005682138036522919,0.0017722642488984253,0.0011138860581988985,0.00038298066239122975,1.8459939703293684,1.2266695334750572,6.635896520712468e-05,4.2888209923031e-05,9.806669054549007e-06,6.27223598361173e-06
B_best-motor2_80-estimated,B_best,motor2_80,estimated,True,20.0,horizon,2.5,1.1900000000000004,2.51,3.5,0.07000000000000028,5.07,0.0010207460727632014,0.013006994766202087,0.11000000000000032,0,0.0,0.0,0.1,0.19,0.0,0.019827681295347073,0.005466475300753504,0.003657659940210595,0.0010895788117321348,4.154667080444035,1.63376577057621,0.0001944813749072478,6.588241964101904e-05,2.895868437175112e-05,1.0665311881685871e-05
B_best-motor2_70-blind,B_best,motor2_70,blind,True,20.0,horizon,,9.3,,,0.07000000000000028,,0.0014848296053244828,0.019397471993084982,0.1200000000000001,0,0.0,0.0,0.1,0.19,0.03,0.14050145511111595,0.028262172120726126,0.0692909807979967,0.012700887120562507,8.341125024781725,5.256544730169465,0.007838606409058344,-0.0009624009728754429,0.0011848008544582524,0.00021338239271842955
B_best-motor2_70-oracle,B_best,motor2_70,oracle,True,20.0,horizon,2.0200000000000005,0.7599999999999998,2.04,3.370000000000001,0.07000000000000028,5.0,0.0014571495857314814,0.019296576899488778,0.1200000000000001,0,0.0,0.0,0.1,0.19,0.07,0.014141318056326457,0.003934041947010081,0.0026302886986089005,0.0008022945673119598,3.458221852345695,1.4908098589734313,0.00014074570878344907,5.785655483838137e-05,2.091041613537604e-05,9.019569904265643e-06
B_best-motor2_70-estimated,B_best,motor2_70,estimated,True,20.0,horizon,4.4399999999999995,2.1100000000000003,4.450000000000001,4.450000000000001,0.07000000000000028,5.07,0.00148099169725549,0.019394632971313514,0.1200000000000001,0,0.0,0.0,0.1,0.19,0.07,0.047964671622000056,0.013326115161242713,0.008773057447673226,0.002511338508996537,8.324913782119829,2.405152846281268,0.0004337431800245436,9.745175108563875e-05,6.477395626188744e-05,1.74125789000175e-05
B_best-motor3_80-blind,B_best,motor3_80,blind,True,20.0,horizon,13.100000000000001,4.83,13.120000000000001,13.120000000000001,0.08000000000000007,,0.0011150350380983052,0.013899605100357159,0.1200000000000001,0,0.0,0.0,0.11,0.19,0.0,0.0695101023114807,0.007619729465918379,0.032951197781882054,0.0035588356539022034,4.060635993611687,1.9969545355676757,0.0040464594620934395,0.00041457439098272706,0.0005659914457550058,6.877828251958197e-05
B_best-motor3_80-oracle,B_best,motor3_80,oracle,True,20.0,horizon,0.71,0.0,0.7199999999999998,2.3900000000000006,0.07000000000000028,5.0,0.001012369537281013,0.012962949931501657,0.11000000000000032,0,0.0,0.0,0.1,0.19,0.0,0.004846864722231687,0.0007657533475515788,0.00084570771095856,0.00023539096515878314,1.845823264947058,0.9843645081264139,3.149277225649803e-05,2.860083172948058e-05,4.162001788789312e-06,3.7327580732614904e-06
B_best-motor3_80-estimated,B_best,motor3_80,estimated,True,20.0,horizon,1.92,0.23000000000000043,1.9299999999999997,2.42,0.08000000000000007,5.08,0.00110974682450718,0.013891711029414423,0.1200000000000001,0,0.0,0.0,0.11,0.19,0.0,0.02014577537303938,0.0021317117743658853,0.0033581787095116693,0.00040538683088069415,4.047386458526386,1.0054035780851829,0.0001396987142839236,2.297767512772664e-05,1.9056882855862806e-05,2.654685324252245e-06
B_best-motor3_70-blind,B_best,motor3_70,blind,True,20.0,horizon,,7.01,,,0.07000000000000028,,0.0015039839120934292,0.01946466493907836,0.1299999999999999,0,0.0,0.0,0.1,0.19,0.03,0.12165231830303046,0.013759188161392766,0.0571717612180696,0.006172990185039424,7.722517224089148,4.149607796038535,0.0069210077488838576,0.0007262074892157888,0.0009691439559382192,0.00012027354277352944
B_best-motor3_70-oracle,B_best,motor3_70,oracle,True,20.0,horizon,1.2800000000000002,0.08999999999999986,1.2800000000000002,2.71,0.07000000000000028,5.0,0.0014551509666603135,0.019296034568437648,0.1200000000000001,0,0.0,0.0,0.1,0.19,0.06,0.010816915937163893,0.001195916077925463,0.0018094242503905401,0.0002929665309909989,3.091629146069599,0.9917984798986891,6.648836217011728e-05,2.90410279810549e-05,8.97032710123918e-06,3.6718509209123114e-06
B_best-motor3_70-estimated,B_best,motor3_70,estimated,True,20.0,horizon,4.43,1.0700000000000003,4.43,4.43,0.07000000000000028,5.07,0.0015023738482940825,0.01946284775079312,0.1299999999999999,0,0.0,0.0,0.1,0.19,0.11,0.059698895458415044,0.006276128137220893,0.009912122153726817,0.0009451803690532782,7.937206455166548,1.230626937741444,0.00042138584506423433,3.365627815817618e-05,5.7639923724282084e-05,3.294337292313066e-06
B_best-motor4_80-blind,B_best,motor4_80,blind,True,20.0,horizon,13.400000000000002,9.33,13.830000000000002,,0.08000000000000007,,0.0011351060496438733,0.013945379059474905,0.1200000000000001,0,0.0,0.0,0.11,0.19,0.0,0.07889127906500049,0.0392185277696645,0.039088150394682,0.013939404335176625,3.8446965002167874,5.1898818172574375,0.004302402804796054,-0.002190081704602204,0.0006609218814700243,0.0002345523450018025
B_best-motor4_80-oracle,B_best,motor4_80,oracle,True,20.0,horizon,0.45999999999999996,0.13999999999999968,0.7000000000000002,3.0199999999999996,0.07000000000000028,5.0,0.0010220477804367882,0.012993600127080458,0.1200000000000001,0,0.0,0.0,0.1,0.19,0.0,0.00525584452015499,0.0027326620606568097,0.0009446706247391042,0.0005414125298959373,1.8281741667349272,1.3401012589455266,2.5589001510558123e-05,4.909516525752222e-05,4.071963577314584e-06,6.0486527999833195e-06
B_best-motor4_80-estimated,B_best,motor4_80,estimated,True,20.0,horizon,2.5,0.8399999999999999,2.51,3.370000000000001,0.08000000000000007,5.08,0.0011286260413791434,0.013935712585208506,0.1200000000000001,0,0.0,0.0,0.11,0.19,0.0,0.018715670843630815,0.010681099940614946,0.0033373155392587574,0.0018977275213029208,3.8335934228483346,1.9610602832739819,0.0001463128823053716,8.996845735323444e-05,2.2390726879261775e-05,9.974138632328153e-06
B_best-motor4_70-blind,B_best,motor4_70,blind,True,20.0,horizon,,12.57,,,0.08000000000000007,,0.0016726484216309752,0.020856401157782794,0.1299999999999999,0,0.0,0.0,0.11,0.19,0.0,0.14066636915857583,0.07159202495656558,0.06845372970337638,0.024680060771293286,6.885303078903267,8.387396246904808,0.007383287562209184,-0.003822161122327966,0.0011258444692826266,0.0004062287277333506
B_best-motor4_70-oracle,B_best,motor4_70,oracle,True,20.0,horizon,0.7700000000000005,0.5899999999999999,0.7700000000000005,3.3599999999999994,0.07000000000000028,5.0,0.0014675905717096537,0.01932163971779052,0.1200000000000001,0,0.0,0.0,0.1,0.19,0.01,0.0074292300843937144,0.004612345863749812,0.0013390491065237602,0.0008256825025945554,2.8350953305586555,1.5295250871473398,3.933194002333581e-05,6.393386362697262e-05,6.23205198497002e-06,7.809610286963552e-06
B_best-motor4_70-estimated,B_best,motor4_70,estimated,True,20.0,horizon,3.0600000000000005,1.92,3.0700000000000003,3.5299999999999994,0.08000000000000007,5.08,0.001659354029507504,0.020839708450804524,0.1299999999999999,0,0.0,0.0,0.11,0.19,0.03,0.03380060789456223,0.019780743354953945,0.006029533902999469,0.0034826354121703334,6.805286961609589,2.7078062733987864,0.00027620346812785954,0.00013568271558414113,4.213266061827508e-05,1.4409729346883722e-05
