esc,omega_rad_s,rpm,raw_polynomial_n,nominal_thrust_n,isolated_raised_cap_thrust_n
0.0,0.0,0.0,0.0,0.0,0.0
0.01,29.0,276.9296009798979,-0.00037402999999999997,0.0,0.0
0.02,58.0,553.8592019597958,-0.00063704,0.0,0.0
0.03,87.0,830.7888029396937,-0.0007904099999999999,0.0,0.0
0.04,116.0,1107.7184039195915,-0.0008355199999999998,0.0,0.0
0.05,145.0,1384.6480048994895,-0.0007737499999999995,0.0,0.0
0.06,174.0,1661.5776058793874,-0.0006064799999999995,0.0,0.0
0.07,203.00000000000003,1938.5072068592856,-0.00033508999999999926,0.0,0.0
0.08,232.0,2215.436807839183,3.90400000000006e-05,3.90400000000006e-05,3.90400000000006e-05
0.09,261.0,2492.3664088190812,0.0005145300000000005,0.0005145300000000005,0.0005145300000000005
0.1,290.0,2769.296009798979,0.0010900000000000016,0.0010900000000000016,0.0010900000000000016
0.11,319.0,3046.2256107788767,0.0017640700000000004,0.0017640700000000004,0.0017640700000000004
0.12,348.0,3323.155211758775,0.0025353600000000013,0.0025353600000000013,0.0025353600000000013
0.13,377.0,3600.0848127386726,0.003402490000000003,0.003402490000000003,0.003402490000000003
0.14,406.00000000000006,3877.014413718571,0.004364080000000002,0.004364080000000002,0.004364080000000002
0.15,435.0,4153.944014698468,0.005418750000000002,0.005418750000000002,0.005418750000000002
0.16,464.0,4430.873615678366,0.006565120000000003,0.006565120000000003,0.006565120000000003
0.17,493.00000000000006,4707.803216658265,0.007801810000000004,0.007801810000000004,0.007801810000000004
0.18,522.0,4984.7328176381625,0.00912744,0.00912744,0.00912744
0.19,551.0,5261.66241861806,0.010540630000000002,0.010540630000000002,0.010540630000000002
0.2,580.0,5538.592019597958,0.012040000000000006,0.012040000000000006,0.012040000000000006
0.21,609.0,5815.521620577856,0.013624170000000003,0.013624170000000003,0.013624170000000003
0.22,638.0,6092.451221557753,0.015291760000000001,0.015291760000000001,0.015291760000000001
0.23,667.0,6369.3808225376515,0.017041390000000003,0.017041390000000003,0.017041390000000003
0.24,696.0,6646.31042351755,0.018871680000000005,0.018871680000000005,0.018871680000000005
0.25,725.0,6923.240024497447,0.020781250000000005,0.020781250000000005,0.020781250000000005
0.26,754.0,7200.169625477345,0.02276872000000001,0.02276872000000001,0.02276872000000001
0.27,783.0,7477.099226457243,0.02483271,0.02483271,0.02483271
0.28,812.0000000000001,7754.028827437142,0.026971840000000004,0.026971840000000004,0.026971840000000004
0.29,840.9999999999999,8030.958428417038,0.029184730000000002,0.029184730000000002,0.029184730000000002
0.3,870.0,8307.888029396936,0.03147,0.03147,0.03147
0.31,899.0,8584.817630376834,0.033826270000000006,0.033826270000000006,0.033826270000000006
0.32,928.0,8861.747231356732,0.036252160000000005,0.036252160000000005,0.036252160000000005
0.33,957.0,9138.67683233663,0.03874629000000001,0.03874629000000001,0.03874629000000001
0.34,986.0000000000001,9415.60643331653,0.041307280000000016,0.041307280000000016,0.041307280000000016
0.35000000000000003,1015.0000000000001,9692.536034296427,0.043933750000000014,0.043933750000000014,0.043933750000000014
0.36,1044.0,9969.465635276325,0.046624320000000004,0.046624320000000004,0.046624320000000004
0.37,1073.0,10246.395236256221,0.04937761,0.04937761,0.04937761
0.38,1102.0,10523.32483723612,0.05219224000000001,0.05219224000000001,0.05219224000000001
0.39,1131.0,10800.254438216018,0.05506683000000002,0.05506683000000002,0.05506683000000002
0.4,1160.0,11077.184039195916,0.05800000000000002,0.05800000000000002,0.05800000000000002
0.41000000000000003,1189.0,11354.113640175814,0.06099037,0.06099037,0.06099037
0.42,1218.0,11631.043241155712,0.06403656,0.06403656,0.06403656
0.43,1247.0,11907.97284213561,0.06713719000000001,0.06713719000000001,0.06713719000000001
0.44,1276.0,12184.902443115507,0.07029088,0.07029088,0.07029088
0.45,1305.0,12461.832044095405,0.07349625000000001,0.07349625000000001,0.07349625000000001
0.46,1334.0,12738.761645075303,0.07675192000000003,0.07675192000000003,0.07675192000000003
0.47000000000000003,1363.0,13015.691246055201,0.08005651,0.08005651,0.08005651
0.48,1392.0,13292.6208470351,0.08340864,0.08340864,0.08340864
0.49,1421.0,13569.550448014998,0.08680693,0.08680693,0.08680693
0.5,1450.0,13846.480048994894,0.09025000000000002,0.09025000000000002,0.09025000000000002
0.51,1479.0,14123.409649974792,0.09373646999999999,0.09373646999999999,0.09373646999999999
0.52,1508.0,14400.33925095469,0.09726496000000004,0.09726496000000004,0.09726496000000004
0.53,1537.0,14677.268851934588,0.10083409000000002,0.10083409000000002,0.10083409000000002
0.54,1566.0,14954.198452914487,0.10444248000000002,0.10444248000000002,0.10444248000000002
0.55,1595.0000000000002,15231.128053894387,0.10808875000000001,0.10808875000000001,0.10808875000000001
0.56,1624.0000000000002,15508.057654874285,0.11177152000000003,0.11177152000000003,0.11177152000000003
0.5700000000000001,1653.0000000000002,15784.987255854183,0.11548941000000004,0.11548941000000004,0.11548941000000004
0.58,1681.9999999999998,16061.916856834076,0.11924104000000002,0.11924104000000002,0.11924104000000002
0.59,1711.0,16338.846457813976,0.12302503000000001,0.12302503000000001,0.12302503000000001
0.6,1740.0,16615.776058793872,0.12684,0.12684,0.12684
0.61,1769.0,16892.705659773772,0.13068457,0.13068457,0.13068457
0.62,1798.0,17169.63526075367,0.13455736000000004,0.13455736000000004,0.13455736000000004
0.63,1827.0,17446.56486173357,0.13845699,0.13845699,0.13845699
0.64,1856.0,17723.494462713465,0.14238208000000005,0.14238208000000005,0.14238208000000005
0.65,1885.0,18000.424063693365,0.14633125000000005,0.14633125000000005,0.14633125000000005
0.66,1914.0,18277.35366467326,0.15030312000000004,0.15030312000000004,0.15030312000000004
0.67,1943.0000000000002,18554.28326565316,0.15429631000000005,0.15429631000000005,0.15429631000000005
0.68,1972.0000000000002,18831.21286663306,0.15830944000000008,0.15830944000000008,0.15830944000000008
0.6900000000000001,2001.0000000000002,19108.142467612957,0.16234113000000006,0.16234113000000006,0.16234113000000006
0.7000000000000001,2030.0000000000002,19385.072068592854,0.16639000000000004,0.16639000000000004,0.16639000000000004
0.71,2059.0,19662.00166957275,0.17045467000000003,0.17045467000000003,0.17045467000000003
0.72,2088.0,19938.93127055265,0.17453376000000004,0.17453376000000004,0.17453376000000004
0.73,2117.0,20215.860871532546,0.17862588999999998,0.17862588999999998,0.17862588999999998
0.74,2146.0,20492.790472512443,0.18272968000000003,0.18272968000000003,0.18272968000000003
0.75,2175.0,20769.720073492343,0.18684375000000003,0.18684375000000003,0.18684375000000003
0.76,2204.0,21046.64967447224,0.19096672000000003,0.19096672000000003,0.19096672000000003
0.77,2233.0,21323.57927545214,0.19509721,0.19509721,0.19509721
0.78,2262.0,21600.508876432035,0.19923384000000005,0.19923384000000005,0.19923384000000005
0.79,2291.0,21877.438477411935,0.2033752300000001,0.2,0.2033752300000001
0.8,2320.0,22154.36807839183,0.2075200000000001,0.2,0.2075200000000001
0.81,2349.0,22431.297679371728,0.2116667700000001,0.2,0.2116667700000001
0.8200000000000001,2378.0,22708.227280351628,0.21581416,0.2,0.21581416
0.8300000000000001,2407.0,22985.156881331524,0.21996079000000002,0.2,0.21996079000000002
0.84,2436.0,23262.086482311424,0.22410528000000002,0.2,0.22410528000000002
0.85,2465.0,23539.01608329132,0.22824625,0.2,0.22824625
0.86,2494.0,23815.94568427122,0.23238232000000003,0.2,0.23238232000000003
0.87,2523.0,24092.875285251117,0.23651211,0.2,0.23651211
0.88,2552.0,24369.804886231013,0.24063424,0.2,0.24063424
0.89,2581.0,24646.734487210913,0.24474733000000007,0.2,0.24474733000000007
0.9,2610.0,24923.66408819081,0.24885000000000002,0.2,0.24885000000000002
0.91,2639.0,25200.59368917071,0.2529408700000001,0.2,0.2529408700000001
0.92,2668.0,25477.523290150606,0.25701856000000006,0.2,0.25701856000000006
0.93,2697.0,25754.452891130506,0.26108169000000014,0.2,0.26108169000000014
0.9400000000000001,2726.0,26031.382492110402,0.26512888,0.2,0.26512888
0.9500000000000001,2755.0,26308.3120930903,0.26915875000000006,0.2,0.26915875000000006
0.96,2784.0,26585.2416940702,0.27316992000000007,0.2,0.27316992000000007
0.97,2813.0,26862.171295050095,0.27716101000000004,0.2,0.27716101000000004
0.98,2842.0,27139.100896029995,0.28113064000000004,0.2,0.28113064000000004
0.99,2871.0,27416.03049700989,0.2850774300000001,0.2,0.2850774300000001
1.0,2900.0,27692.960097989788,0.2890000000000001,0.2,0.2890000000000001
