command_n,esc,steady_omega_rad_s,rpm,steady_nominal_thrust_n,reaction_magnitude_nm
0.0,0.0,0.0,0.0,0.0,0.0
0.002,0.11319507474999042,328.26571677497225,3134.706688340457,0.0019999999999999367,1.1879999999999624e-05
0.004,0.13632700567347758,395.348316453085,3775.298328394042,0.003999999999999852,2.375999999999912e-05
0.006,0.1551694671706935,449.9914547950111,4297.101862784351,0.006000000000000065,3.5640000000000384e-05
0.008,0.17153847211753406,497.4615691408488,4750.408063621005,0.007999999999999906,4.751999999999944e-05
0.01,0.1862464158602001,540.1146059945803,5157.714562810134,0.010000000000000026,5.9400000000000156e-05
0.012,0.1997404113112247,579.2471928025516,5531.4032403978135,0.012000000000000007,7.128000000000004e-05
0.014,0.2122976966389998,615.6633202530994,5879.151641918963,0.013999999999999778,8.315999999999868e-05
0.016,0.2241042240546602,649.9022497585146,6206.109334536669,0.015999999999999945,9.503999999999967e-05
0.018000000000000002,0.23529189641362716,682.3464995995188,6515.929098762925,0.017999999999999898,0.00010691999999999939
0.02,0.24595829211235617,713.2790471258329,6811.313169237197,0.020000000000000136,0.0001188000000000008
0.022,0.2561780008568054,742.9162024847358,7094.327155710307,0.022000000000000006,0.00013068000000000004
0.024,0.26600955794009384,771.4277180262721,7366.592073718922,0.0240000000000003,0.00014256000000000178
0.026000000000000002,0.27549990126150603,798.9497136583675,7629.407772635014,0.026000000000000054,0.00015444000000000032
0.028,0.28468735377075916,825.5933259352015,7883.835528375936,0.027999999999999893,0.00016631999999999937
0.03,0.2936036870317563,851.4506923920933,8130.75518959311,0.029999999999999943,0.00017819999999999967
0.032,0.30227558987701797,876.5992106433521,8370.905849060586,0.03200000000000037,0.0001900800000000022
0.034,0.3107257392163625,901.1046437274512,8604.915497537108,0.03400000000000012,0.0002019600000000007
0.036000000000000004,0.31897359727598307,925.0234321003509,8833.323101676064,0.036000000000000275,0.00021384000000000163
0.038,0.32703601611872735,948.4044467443093,9056.595344981462,0.03799999999999998,0.00022571999999999986
0.04,0.3349277034909799,971.2903401238417,9275.139528487061,0.040000000000000334,0.00023760000000000198
0.042,0.34266158699503146,993.7186022855913,9489.313655767264,0.04200000000000025,0.0002494800000000015
0.044,0.3502491024574631,1015.722397126643,9699.434418711264,0.04399999999999982,0.0002613599999999989
0.046,0.35770042492751253,1037.3312322897864,9905.783594551596,0.046000000000000214,0.00027324000000000125
0.048,0.36502465566537634,1058.5715014295913,10108.613224123728,0.04799999999999979,0.0002851199999999988
0.05,0.372229974952665,1079.4669273627285,10308.14984363989,0.049999999999999975,0.00029699999999999985
0.052000000000000005,0.37932376806233137,1100.038927380761,10504.597973169277,0.0520000000000002,0.0003088800000000012
0.054,0.3863127299337911,1120.3069168079942,10698.143015401984,0.05399999999999973,0.0003207599999999984
0.056,0.3932029527937292,1140.2885631018146,10888.953682128506,0.05599999999999998,0.0003326399999999999
0.058,0.3999999999999987,1159.9999999999961,11077.18403919588,0.05799999999999962,0.00034451999999999774
0.06,0.40670896866689565,1179.4560091339974,11262.97524078692,0.06000000000000007,0.0003564000000000004
0.062,0.4133345430869164,1198.6701749520576,11446.457008826817,0.06199999999999988,0.0003682799999999993
0.064,0.41988104055001463,1217.6550175950424,11627.748901853987,0.06399999999999956,0.0003801599999999974
0.066,0.42635245084224727,1236.422107442517,11806.961408854506,0.0659999999999999,0.0003920399999999994
0.068,0.43275247045793996,1254.9821643280259,11984.196896698237,0.06799999999999956,0.0004039199999999974
0.07,0.4390845323653604,1273.345143859545,12159.550434438432,0.06999999999999997,0.0004157999999999998
0.07200000000000001,0.4453518320125369,1291.520312836357,12333.110513489837,0.0720000000000005,0.0004276800000000029
0.074,0.4515573501380825,1309.5163154004392,12504.959679327922,0.0739999999999997,0.00043955999999999824
0.076,0.4577038728542422,1327.3412312773023,12675.17508764792,0.07599999999999976,0.0004514399999999986
0.078,0.4637940093907105,1345.0026272330606,12843.828995743648,0.07800000000000012,0.00046332000000000073
0.08,0.46983020782412166,1362.5076026899528,13010.989198103653,0.07999999999999952,0.00047519999999999713
0.082,0.4758147690660554,1379.8628302915606,13176.719413780498,0.08200000000000042,0.00048708000000000247
0.084,0.48174985933975834,1397.0745920852992,13341.07963190812,0.08399999999999959,0.0004989599999999975
0.08600000000000001,0.48763752134082267,1414.1488118883858,13504.126420774048,0.08600000000000026,0.0005108400000000016
0.088,0.4934796842477404,1431.0910843184472,13665.913205041275,0.08799999999999954,0.0005227199999999972
0.09,0.4992781727243454,1447.9067009006017,13826.49051505255,0.08999999999999964,0.0005345999999999978
0.092,0.5050347150356724,1464.60067360345,13985.90621158252,0.09200000000000023,0.0005464800000000014
0.094,0.5107509503820081,1481.1777561078236,14144.205688939315,0.09399999999999947,0.0005583599999999969
0.096,0.5164284355415275,1497.6424630704298,14301.432058918812,0.09600000000000034,0.000570240000000002
0.098,0.5220686508997726,1513.9990876093407,14457.626317778766,0.0980000000000001,0.0005821200000000006
0.1,0.527673005934138,1530.2517172090002,14612.827498120412,0.09999999999999959,0.0005939999999999975
0.10200000000000001,0.5332428442125973,1546.404248216532,14767.072807318042,0.1020000000000004,0.0006058800000000023
0.10400000000000001,0.5387794479585496,1562.460399079794,14920.39775393308,0.10399999999999981,0.0006177599999999989
0.106,0.5442840422272855,1578.4237224591282,15072.83626337281,0.10599999999999977,0.0006296399999999987
0.108,0.5497577987339306,1594.2976163283988,15224.420783897442,0.10800000000000026,0.0006415200000000015
0.11,0.5552018393681208,1610.0853341675504,15375.182383951907,0.1099999999999999,0.0006533999999999994
0.112,0.560617239426484,1625.7899943368036,15525.15084168281,0.11200000000000035,0.000665280000000002
0.114,0.5660050305903996,1641.414588712159,15674.354727401427,0.11400000000000024,0.0006771600000000014
0.116,0.571366203673513,1656.9619906531877,15822.821479670503,0.11600000000000008,0.0006890400000000005
0.11800000000000001,0.576701711160661,1672.434962365917,15970.577475614618,0.11800000000000009,0.0007009200000000005
0.12,0.5820124695575803,1687.836161716983,16117.64809599057,0.11999999999999947,0.0007127999999999968
0.122,0.58729936156868,1703.168148549172,16264.057785496334,0.12200000000000047,0.0007246800000000028
0.124,0.5925632381182889,1718.4333905430378,16409.830108745395,0.12400000000000042,0.0007365600000000024
0.126,0.5978049202293072,1733.634268664991,16554.987802292173,0.12599999999999936,0.0007484399999999962
0.128,0.6030252007716391,1748.7730822377534,16699.552823051283,0.12799999999999964,0.0007603199999999978
0.13,0.6082248460916114,1763.852053665673,16843.546393420977,0.12999999999999967,0.0007721999999999981
0.132,0.613404597532513,1778.8733328442877,16986.989043391368,0.13200000000000062,0.0007840800000000036
0.134,0.6185651728553009,1793.8390012803725,17129.900649888004,0.1340000000000003,0.0007959600000000018
0.136,0.6237072675677752,1808.751075946548,17272.30047358064,0.13599999999999962,0.0008078399999999977
0.138,0.6288315561696308,1823.6115128919294,17414.20719336241,0.13800000000000004,0.0008197200000000002
0.14,0.6339386933201779,1838.422210628516,17555.638938687473,0.14000000000000024,0.0008316000000000013
0.14200000000000002,0.6390293149349033,1853.1850133112196,17696.613319938027,0.14200000000000026,0.0008434800000000016
0.14400000000000002,0.6441040392164411,1867.9017137276792,17837.147456974955,0.144,0.0008553599999999999
0.146,0.6491634676250749,1882.5740561127172,17977.258006013886,0.14600000000000024,0.0008672400000000014
0.148,0.6542081857934161,1897.2037388009066,18116.961184955362,0.14799999999999958,0.0008791199999999975
0.15,0.659238764389546,1911.7924167296833,18256.272797287787,0.14999999999999977,0.0008909999999999987
0.152,0.6642557599324754,1926.3417038041787,18395.208254669928,0.15200000000000025,0.0009028800000000014
0.154,0.6692597155635398,1940.8531751342655,18533.782598293103,0.1539999999999994,0.0009147599999999963
0.156,0.6742511617770053,1955.3283691533154,18672.01051911387,0.15599999999999994,0.0009266399999999996
0.158,0.6792306171128579,1969.768789627288,18809.906377039355,0.15799999999999956,0.0009385199999999974
0.16,0.6841985888146375,1984.1759075624486,18947.484219144677,0.15999999999999953,0.0009503999999999972
0.162,0.6891555734547995,1998.5511630189185,19084.757796991034,0.1620000000000004,0.0009622800000000023
0.164,0.6941020575300161,2012.8959668370467,19221.740583111346,0.16400000000000015,0.0009741600000000008
0.166,0.6990385180286128,2027.2117022829773,19358.445786724293,0.16600000000000031,0.0009860400000000018
0.168,0.7039654229721246,2041.4997266191613,19494.88636873155,0.16799999999999957,0.0009979199999999974
0.17,0.7088832319329103,2055.7613726054396,19631.075056052123,0.1699999999999995,0.0010097999999999971
0.17200000000000001,0.7137923965295221,2069.997949935614,19767.024355340563,0.17200000000000032,0.0010216800000000018
0.17400000000000002,0.7186933609014907,2084.210746614323,19902.746566135156,0.17400000000000002,0.00103356
0.176,0.7235865621650515,2098.401030278649,20038.25379347838,0.17600000000000018,0.001045440000000001
0.178,0.7284724308511853,2112.5700494684374,20173.5579600475,0.178,0.00105732
0.18,0.7333513913273562,2126.7190348493327,20308.67081783377,0.18000000000000055,0.0010692000000000032
0.182,0.7382238622041418,2140.8492003920114,20443.603959403215,0.18200000000000005,0.0010810800000000003
0.184,0.7430902567279747,2154.9617445111267,20578.368828772793,0.18399999999999986,0.0010929599999999992
0.186,0.7479509831610457,2169.0578511670324,20712.97673193107,0.18600000000000022,0.0011048400000000012
0.188,0.7528064451494413,2183.1386909333796,20847.438847033016,0.18799999999999997,0.0011167199999999999
0.19,0.7576570420804994,2197.2054220334485,20981.766234296243,0.1899999999999995,0.001128599999999997
0.192,0.762503169430293,2211.2591913478495,21115.96984562385,0.19199999999999925,0.0011404799999999956
0.194,0.7673452191021488,2225.3011353962315,21250.06053397904,0.1940000000000003,0.0011523600000000018
0.196,0.7721835797570276,2239.33238129538,21384.04906253428,0.19600000000000012,0.0011642400000000006
0.198,0.7770186371366131,2253.354047696178,21517.946113618633,0.19800000000000004,0.0011761200000000001
0.2,0.7818507743798316,2267.367245701512,21651.762297483096,0.2,0.001188
