label,scenario,oracle_minus_blind_max_xy_error_m,oracle_minus_blind_max_abs_z_error_m,oracle_minus_blind_rmse_xy_m,oracle_minus_blind_rmse_z_m,oracle_minus_blind_max_tilt_deg,estimated_minus_blind_max_xy_error_m,estimated_minus_blind_max_abs_z_error_m,estimated_minus_blind_rmse_xy_m,estimated_minus_blind_rmse_z_m,estimated_minus_blind_max_tilt_deg
A_best,hover,0.0,0.0,0.0,0.0,0.0,0.0,0.0,0.0,0.0,0.0
A_best,step_x,0.0,0.0,0.0,0.0,0.0,0.0,0.0,0.0,0.0,0.0
A_best,step_y,0.0,0.0,0.0,0.0,0.0,0.0,0.0,0.0,0.0,0.0
A_best,motor1_80,-0.0550579810086121,-0.02643139677364159,-0.025800694616627137,-0.012255126368650865,-1.9885036730837244,-0.04168797851166321,-0.02142892451000522,-0.02342980292324215,-0.011333242684722213,-0.008513444524530733
A_best,motor1_70,-0.09869701560187294,-0.048019313027855115,-0.04566620578428023,-0.02171913276745481,-4.04079830702287,-0.07393285920400683,-0.03892377056131413,-0.04125625779402152,-0.01999776252909681,-0.12796694662970065
A_best,motor2_80,-0.04015442816824333,-0.022367139403429936,-0.019353227950093612,-0.011144895476957073,-2.7919072260941933,-0.02810294278717197,-0.018894134646714966,-0.017409128264123334,-0.010482743781047297,-0.03477196911099867
A_best,motor2_70,-0.0710256024272882,-0.03957465228819712,-0.033693700969379,-0.019487172893369476,-5.922912886047627,-0.044378071724249395,-0.0314016224937651,-0.029291399192653965,-0.01788029128633862,-0.08399083310788491
A_best,motor3_80,-0.048778228244542,-0.003503640028464372,-0.022018461422768643,-0.0005547409970488081,-2.040650770647745,-0.037158634370523955,-0.0010457082170685084,-0.019931995380616522,-0.000294856547151855,-0.07388322161371397
A_best,motor3_70,-0.08556325807601264,-0.006398531776837579,-0.03782877690285754,-0.0011750882453583295,-4.398053992181196,-0.061781220997706866,-0.0018585751342541368,-0.033519178765792815,-0.000548548593408277,-0.4930771240126335
A_best,motor4_80,-0.04655957756462821,-0.010160663120020619,-0.022431875660426624,-0.004921951943205244,-2.7537087427883975,-0.03520361908846878,-0.007945156369011608,-0.020694843916100564,-0.004481112397774155,-0.11016943006590552
A_best,motor4_70,-0.07706150575962518,-0.016833165959930563,-0.03819596301832201,-0.008374970170174564,-6.009527356740257,-0.04595450525697272,-0.007457897528746704,-0.033334971997176235,-0.007086646245426027,0.0008422025787790943
B_best,hover,0.0,0.0,0.0,0.0,0.0,0.0,0.0,0.0,0.0,0.0
B_best,step_x,0.0,0.0,0.0,0.0,0.0,0.0,0.0,0.0,0.0,0.0
B_best,step_y,0.0,0.0,0.0,0.0,0.0,0.0,0.0,0.0,0.0,0.0
B_best,motor1_80,-0.067957606403997,-0.00700545277063036,-0.03412801560823207,-0.0026912321089170364,-2.528732807928331,-0.05245407115307889,-0.005704284170780172,-0.03152656104388356,-0.0024844675243198538,-0.07223949185708989
B_best,motor1_70,-0.11619565364074588,-0.01364971199227849,-0.05890077838515272,-0.00498779216667815,-5.212578713062888,-0.07926562108303647,-0.010878597974255055,-0.05272386809417498,-0.00439554446433071,-0.024387749514112045
B_best,motor2_80,-0.07353783426469168,-0.01349072705961829,-0.038684462451949835,-0.006854038058046441,-2.3802839189943588,-0.05939229100586752,-0.009796516007763212,-0.036140688569938136,-0.0061474399087055355,-0.07161080887969185
B_best,motor2_70,-0.1263601370547895,-0.024328130173716045,-0.0666606920993878,-0.011898592553250547,-4.882903172436031,-0.0925367834891159,-0.014936056959483412,-0.06051792335032347,-0.010189548611565971,-0.016211242661896108
B_best,motor3_80,-0.06466323758924902,-0.0068539761183668,-0.0321054900709235,-0.0033234446887434204,-2.2148127286646284,-0.049364326938441325,-0.005488017691552494,-0.029593019072370386,-0.003153448823021509,-0.013249535085300579
B_best,motor3_70,-0.11083540236586656,-0.012563272083467303,-0.05536233696767906,-0.005880023654048425,-4.630888078019549,-0.06195342284461541,-0.0074830600241718725,-0.04725963906434278,-0.005227809815986146,0.2146892310773998
B_best,motor4_80,-0.0736354345448455,-0.03648586570900769,-0.038143479769942895,-0.013397991805280687,-2.01652233348186,-0.06017560822136967,-0.028537427829049555,-0.03575083485542324,-0.012041676813873704,-0.01110307736845284
B_best,motor4_70,-0.1332371390741821,-0.06697967909281577,-0.06711468059685262,-0.023854378268698732,-4.0502077483446115,-0.10686576126401359,-0.051811281601611636,-0.062424195800376905,-0.021197425359122953,-0.08001611729367841
