label,display_name,observation_velocity_mode,case,sample_count,expected_duration_sec,internal_velocity_reference_mode,actual_duration_sec,completed,terminated,truncated,partial,metric_scope,termination_reasons,error,end_reason,position_rmse_xy,position_rmse_z,position_rmse_total,velocity_rmse,horizontal_speed_rms_m_s,roll_rms_deg,pitch_rms_deg,roll_max_abs_deg,pitch_max_abs_deg,tilt_max_deg,motor_saturation_sample_convention,motor_allocation_clip_tolerance_n,motor_command_bound_tolerance,motor_allocation_clipped_fraction_any_motor,motor_allocation_clipped_fraction_per_motor,motor_command_at_lower_bound_fraction_any_motor,motor_command_at_lower_bound_fraction_per_motor,motor_command_at_upper_bound_fraction_any_motor,motor_command_at_upper_bound_fraction_per_motor,motor_actual_at_thrust_lower_bound_fraction_any_motor,motor_actual_at_thrust_lower_bound_fraction_per_motor,motor_actual_at_thrust_upper_bound_fraction_any_motor,motor_actual_at_thrust_upper_bound_fraction_per_motor,motor_thrust_min_n_per_motor,motor_thrust_max_n_per_motor,completed_count,trial_count,actual_speed_rms_m_s,internal_velocity_error_rmse_m_s,last_2s_position_rmse_xy,last_2s_position_rmse_z,last_2s_position_rmse_total,last_2s_speed_rms,last_2s_internal_velocity_error_rms_m_s,last_2s_position_std_x,last_2s_position_std_y,last_2s_position_std_z,first_position_entry_s,settling_time_s,settled,overshoot_m
A_final,A_final,absolute,hover,800,8.0,position_error,8.0,True,False,True,False,full,[],,horizon,0.002821530561852635,0.0025958382671446107,0.003833981092890363,0.0017669989879501831,0.0015233182470056554,0.040451773280747935,0.02704708067331531,0.1386803360580192,0.09185445639981132,0.16634139681071414,last physics substep of each control interval,1e-12,1e-09,0.0,"[0.0, 0.0, 0.0, 0.0]",0.0,"[0.0, 0.0, 0.0, 0.0]",0.0,"[0.0, 0.0, 0.0, 0.0]",0.0,"[0.0, 0.0, 0.0, 0.0]",0.0,"[0.0, 0.0, 0.0, 0.0]","[0.10617824226057074, 0.1059839247299552, 0.10623003409410903, 0.10621769371596582]","[0.10694910080348291, 0.1070655593534488, 0.10680515199255897, 0.1072197677419604]",1,1,0.0017669989879501831,0.015706678148058945,0.002999540839987168,0.0027681087649427793,0.004081626071225041,0.00019406740340651213,0.016341938527362272,1.5216558049158634e-05,2.1394887395653466e-05,6.120927332536828e-06,0.0,0.0,True,0.0
A_best,A_best,absolute,hover,800,8.0,position_error,8.0,True,False,True,False,full,[],,horizon,0.0018409756191116804,0.0012464530176868665,0.002223249053854365,0.0011389261900948942,0.0010538527028470957,0.0276618166255084,0.018695196388757572,0.09216312795886852,0.0687976782006852,0.11500938482955203,last physics substep of each control interval,1e-12,1e-09,0.0,"[0.0, 0.0, 0.0, 0.0]",0.0,"[0.0, 0.0, 0.0, 0.0]",0.0,"[0.0, 0.0, 0.0, 0.0]",0.0,"[0.0, 0.0, 0.0, 0.0]",0.0,"[0.0, 0.0, 0.0, 0.0]","[0.10630171372298824, 0.10610355323446787, 0.10633874080369143, 0.10624552379400361]","[0.10665157070962648, 0.10677209389583142, 0.10652864141336386, 0.10688959960434759]",1,1,0.0011389261900948942,0.009117488453923229,0.0019404114549807312,0.0013276900491571773,0.0023511608794915388,0.00014216283071189138,0.009416916220204984,9.948520757407848e-06,1.8794111890898524e-05,2.272330422907885e-06,0.0,0.0,True,0.0
B_final,B_final,absolute,hover,800,8.0,position_error,8.0,True,False,True,False,full,[],,horizon,0.005182069375035513,0.004228072370085612,0.0066880818606206,0.0032837269148398873,0.002585779190106256,0.01976030168137215,0.07721848003643152,0.10643709667743402,0.30898658831010684,0.3262777680023578,last physics substep of each control interval,1e-12,1e-09,0.0,"[0.0, 0.0, 0.0, 0.0]",0.0,"[0.0, 0.0, 0.0, 0.0]",0.0,"[0.0, 0.0, 0.0, 0.0]",0.0,"[0.0, 0.0, 0.0, 0.0]",0.0,"[0.0, 0.0, 0.0, 0.0]","[0.10456335953531358, 0.10456232447669388, 0.10493698577345052, 0.10503887595153265]","[0.10879018300726764, 0.10805276413727995, 0.1093558089538968, 0.1078053304475817]",1,1,0.0032837269148398873,0.02741054240066779,0.005432812570518727,0.004478916594740466,0.007041033041324819,3.174564575605073e-05,0.028162870278532752,2.8477670960385867e-06,3.306276794118766e-06,1.395140433977487e-06,0.0,,False,0.004765655771479751
B_best,B_best,absolute,hover,800,8.0,position_error,8.0,True,False,True,False,full,[],,horizon,0.0017311928168992176,0.0017881499568497233,0.002488877023371206,0.0017795198833017631,0.0013867788636384806,0.004202114220173253,0.04487097594137851,0.019837293898853428,0.17750240107385018,0.1777158238172187,last physics substep of each control interval,1e-12,1e-09,0.0,"[0.0, 0.0, 0.0, 0.0]",0.0,"[0.0, 0.0, 0.0, 0.0]",0.0,"[0.0, 0.0, 0.0, 0.0]",0.0,"[0.0, 0.0, 0.0, 0.0]",0.0,"[0.0, 0.0, 0.0, 0.0]","[0.10493112818859192, 0.10564655213327057, 0.1050858340600706, 0.10589501938161397]","[0.10855090921566275, 0.10719575441260987, 0.10885830561631901, 0.10704366557051473]",1,1,0.0017795198833017631,0.010257814500079064,0.001649101070415306,0.0017668290037377514,0.002416861408706309,1.172607880674557e-05,0.009665554081171047,1.5565467961837434e-06,1.4941963121417116e-06,8.524056417858066e-07,0.0,0.0,True,0.002382382545461273
historical_nominal,historical_nominal,absolute,hover,800,8.0,position_error,8.0,True,False,True,False,full,[],,horizon,0.0019097464394768366,0.000267342760009973,0.001928368122124042,0.0005847356170787743,0.0005623646617061437,0.0036763605540924456,0.008398861825305779,0.01921593627461694,0.044946464287404654,0.04876259689018673,last physics substep of each control interval,1e-12,1e-09,0.0,"[0.0, 0.0, 0.0, 0.0]",0.0,"[0.0, 0.0, 0.0, 0.0]",0.0,"[0.0, 0.0, 0.0, 0.0]",0.0,"[0.0, 0.0, 0.0, 0.0]",0.0,"[0.0, 0.0, 0.0, 0.0]","[0.10626122692511242, 0.10608713925201636, 0.10629951129414444, 0.10616429152437241]","[0.10650838156551662, 0.10652527021796347, 0.10649773458394214, 0.1065943129371979]",1,1,0.0005847356170787743,0.007878306786823141,0.0020882560380327607,0.00030130658298448755,0.0021098812614291996,1.0640853870753907e-06,0.008439114069261322,1.4826465316851942e-07,6.148027507474495e-08,1.1478731794117266e-07,0.0,0.0,True,0.0
A_final,A_final,absolute,step-005,800,8.0,position_error,8.0,True,False,True,False,full,[],,horizon,0.011152120785164253,0.0030636405075808656,0.011565279554190764,0.022799688423888426,0.02169434024563332,0.1903968417205882,0.6205215330354107,0.5223954621757971,2.596320648157259,2.609696398937299,last physics substep of each control interval,1e-12,1e-09,0.0,"[0.0, 0.0, 0.0, 0.0]",0.0,"[0.0, 0.0, 0.0, 0.0]",0.0,"[0.0, 0.0, 0.0, 0.0]",0.0,"[0.0, 0.0, 0.0, 0.0]",0.0,"[0.0, 0.0, 0.0, 0.0]","[0.10096218222407423, 0.09963645525169033, 0.1027919872036644, 0.10299683799091272]","[0.1111667349323997, 0.1097771428891979, 0.10985113786032986, 0.11019916265887655]",1,1,0.022799688423888426,0.03770940247587619,0.002985563642465618,0.0027631623169375686,0.004068003964225743,0.001384584692288005,0.016252841208764485,0.00010970868813314227,0.0001580165462318089,4.415618792556873e-05,1.42,3.06,True,0.0
A_best,A_best,absolute,step-005,800,8.0,position_error,8.0,True,False,True,False,full,[],,horizon,0.011111380214865076,0.0023816701934160113,0.011363763601443904,0.021521489280280925,0.020695573580131944,0.20651961412850556,0.567745531192194,0.5871436955933319,2.524041299426781,2.5327973943547972,last physics substep of each control interval,1e-12,1e-09,0.0,"[0.0, 0.0, 0.0, 0.0]",0.0,"[0.0, 0.0, 0.0, 0.0]",0.0,"[0.0, 0.0, 0.0, 0.0]",0.0,"[0.0, 0.0, 0.0, 0.0]",0.0,"[0.0, 0.0, 0.0, 0.0]","[0.10194717906649287, 0.09990845230268046, 0.10287304977857135, 0.10291702171093053]","[0.11051141256898042, 0.11024728407449945, 0.1095453119199353, 0.10996677215492937]",1,1,0.021521489280280925,0.035861308011699525,0.0019525975870505051,0.0013261274524610062,0.002360349837868568,0.001369787444020459,0.009418078233940322,9.41823453041235e-05,0.00017557019338238893,2.1656810358261817e-05,1.46,1.46,True,0.0
B_final,B_final,absolute,step-005,800,8.0,position_error,8.0,True,False,True,False,full,[],,horizon,0.011495510527520668,0.00405523215916845,0.012189818298608577,0.024199863735394223,0.02240733777058345,0.19214014312952046,0.6040355961425852,0.6229786479489812,2.788350719605451,2.794227984475161,last physics substep of each control interval,1e-12,1e-09,0.0,"[0.0, 0.0, 0.0, 0.0]",0.0,"[0.0, 0.0, 0.0, 0.0]",0.0,"[0.0, 0.0, 0.0, 0.0]",0.0,"[0.0, 0.0, 0.0, 0.0]",0.0,"[0.0, 0.0, 0.0, 0.0]","[0.09854835032701026, 0.09721362866184738, 0.09997541414473446, 0.10186274667408315]","[0.11209621321500175, 0.11321310808540766, 0.11402484717465709, 0.10967755075991306]",1,1,0.024199863735394223,0.04174368420071761,0.005432877697184159,0.004479831928319015,0.007041665582697571,0.00035800642352230844,0.02817475471134883,2.5951702320444514e-05,5.800245595331654e-05,7.288198234913009e-06,1.27,,False,0.004686258968462476
B_best,B_best,absolute,step-005,800,8.0,position_error,8.0,True,False,True,False,full,[],,horizon,0.01132352236072229,0.0016287100758821185,0.011440054858481126,0.021453971836935544,0.02077045781001993,0.14405558519709477,0.5505482744398655,0.538910480265392,2.4626942207166196,2.500186960751028,last physics substep of each control interval,1e-12,1e-09,0.0,"[0.0, 0.0, 0.0, 0.0]",0.0,"[0.0, 0.0, 0.0, 0.0]",0.0,"[0.0, 0.0, 0.0, 0.0]",0.0,"[0.0, 0.0, 0.0, 0.0]",0.0,"[0.0, 0.0, 0.0, 0.0]","[0.10026435518566304, 0.10015282798468508, 0.10276420340663535, 0.10254195435018407]","[0.11077667176773734, 0.11198972617766959, 0.11282209836541322, 0.11007345921687867]",1,1,0.021453971836935544,0.03620604699448926,0.001650337254340298,0.0017594595493260257,0.002412324803748039,0.00021861700290182111,0.009650319220269729,2.840380869346608e-05,2.0922307187060288e-05,9.078888987412328e-06,1.42,1.52,True,0.0016708981262134118
historical_nominal,historical_nominal,absolute,step-005,800,8.0,position_error,8.0,True,False,True,False,full,[],,horizon,0.010981596187011663,0.0011188075072471062,0.011038441241989811,0.020399303958159393,0.019915453756550006,0.05760202702933117,0.528473282415514,0.1848584293654565,2.3810563012813764,2.383515071399509,last physics substep of each control interval,1e-12,1e-09,0.0,"[0.0, 0.0, 0.0, 0.0]",0.0,"[0.0, 0.0, 0.0, 0.0]",0.0,"[0.0, 0.0, 0.0, 0.0]",0.0,"[0.0, 0.0, 0.0, 0.0]",0.0,"[0.0, 0.0, 0.0, 0.0]","[0.10169317812133838, 0.10278572698438795, 0.10316689903263371, 0.10232014920040079]","[0.11226894951614434, 0.10909293240909301, 0.11023953217608891, 0.11354251339166635]",1,1,0.020399303958159393,0.0334850169385649,0.002088419732195534,0.00030073129408031846,0.002109961205582437,5.1380337422532175e-05,0.00843939557898444,5.829496461646544e-06,4.082572094608917e-06,1.6041391703396213e-06,1.37,1.44,True,0.0
