label,condition,gain,completed,actual_duration_sec,end_reason,window,partial,available,mean_error_xy_m,offset_xy_m,rmse_xy_m,sway_xy_rms_m,max_xy_error_m,mean_error_z_m,offset_z_abs_m,rmse_z_m,sway_z_rms_m,max_abs_z_error_m,rmse_3d_m,xy_bias_variance_residual_m2,z_bias_variance_residual_m2,sample_count,first_sample_s,last_sample_s,actual_velocity_xy_rms_m_s,actual_velocity_z_rms_m_s,velocity_error_xy_rms_m_s,velocity_error_z_rms_m_s,max_tilt_deg,max_angular_speed_rad_s
A_best,nominal,no_integral,True,60.0,horizon,full_0_20,False,True,"[-0.0013903186341030409, -0.0012703166363107069]",0.0018832658497466295,0.0019015315654876094,0.0002629297125162248,0.0020841589657270778,0.0012842435247706649,0.0012842435247706649,0.0012958795206562933,0.0001732694466459694,0.0013359658275680086,0.002301114083786839,-5.293955920339377e-23,2.421984833555265e-21,2000,0.01,20.0,0.0006669077939794093,0.00027317565628538873,0.0076847147246363314,0.005224623963285335,0.11500938482955203,0.025333598720451524
A_best,nominal,no_integral,True,60.0,horizon,pre_3_5,False,True,"[-0.001434020255290992, -0.0012987718812297383]",0.0019347409366780542,0.001936148134809613,7.38045247181408e-05,0.0020462378508615893,0.001324725203214686,0.001324725203214686,0.0013247523380322005,8.478979277644368e-06,0.0013359658275680086,0.0023459834519980157,-2.179620914077228e-21,-4.601579898238351e-22,200,3.0100000000000002,5.0,0.00045187060929505646,4.856318493953584e-05,0.007783935067320133,0.005306123359683516,0.03771088271187686,0.005771920853499332
A_best,nominal,no_integral,True,60.0,horizon,post_5_20,False,True,"[-0.0014375510953856061, -0.0013036706759966884]",0.0019406468981496914,0.0019406911726498276,1.3108939810006563e-05,0.0019902731461928632,0.001327759370610468,0.001327759370610468,0.0013277601114955935,1.402652801847265e-06,0.001333205950892813,0.0023514312963128976,2.2935908928505498e-21,1.8024503846632722e-21,1500,5.01,20.0,8.530333530085715e-05,9.139839862111806e-06,0.007767113982951687,0.005311518806825704,0.016066357602883895,0.0025634240960113325
A_best,nominal,no_integral,True,60.0,horizon,tail_18_20,False,True,"[-0.001437606959184022, -0.0013037094988877678]",0.0019407143598645642,0.0019407143673698013,1.70678193587258e-07,0.00194102785465473,0.0013277938658089927,0.0013277938658089927,0.001327793865940662,1.8699178346973552e-08,0.0013278292148106718,0.0023514694993014935,-2.9936874966309743e-21,-2.5857708667197815e-22,200,18.01,20.0,1.1320965749187809e-06,1.2377413069702455e-07,0.007762754174452426,0.005311163978696578,8.29215979007067e-05,1.0196719968721443e-05
A_best,nominal,no_integral,True,60.0,horizon,full_0_60,False,True,"[-0.0014218438237351965, -0.0012925768856439268]",0.001921560528423416,0.001927740530788893,0.00015423582479879704,0.0020841589657270778,0.0013132756588161122,0.0013132756588161122,0.001317240229479632,0.00010212182000269115,0.0013359658275680086,0.0023348030701122943,-6.551270451419979e-22,-1.7470054537119944e-21,6000,0.01,60.0,0.00038503941080149807,0.00015771803922063512,0.00773689028566504,0.005282476554438477,0.11500938482955203,0.025333598720451524
A_best,nominal,no_integral,True,60.0,horizon,post_5_60,False,True,"[-0.0014375913304151792, -0.0013036971009522148]",0.001940694454136481,0.001940706529103975,6.846005455162625e-06,0.0019902731461928632,0.001327782901685646,0.001327782901685646,0.001327783103821263,7.326557701904932e-07,0.001333205950892813,0.002351456953231342,1.2154811640704398e-20,-4.7670763023438896e-21,5500,5.01,60.0,4.454836881290768e-05,4.773144737394091e-06,0.007764010636411019,0.005311262616991407,0.016066357602883895,0.0025634240960113325
A_best,nominal,no_integral,True,60.0,horizon,tail_58_60,False,True,"[-0.0014376058244714761, -0.0013037085260130148]",0.001940712865766943,0.0019407128657826474,7.807473279546274e-09,0.001940720785976449,0.0013277906302989174,0.0013277906302989174,0.0013277906302992767,9.768102348287492e-10,0.0013277923379777512,0.002351466432957283,-7.599946205713521e-22,2.438021577308683e-23,200,58.01,60.0,5.046934180598797e-08,6.450131004579729e-09,0.007762852605672279,0.005311163228961588,3.078324659199975e-06,6.177658316936944e-07
A_best,nominal,no_integral,True,60.0,horizon,full_0_20,True,False,,,,,,,,,,,,,,,,,,,,,,
A_best,nominal,no_integral,True,60.0,horizon,pre_3_5,True,False,,,,,,,,,,,,,,,,,,,,,,
A_best,nominal,no_integral,True,60.0,horizon,post_5_20,True,False,,,,,,,,,,,,,,,,,,,,,,
A_best,nominal,no_integral,True,60.0,horizon,tail_18_20,True,False,,,,,,,,,,,,,,,,,,,,,,
A_best,nominal,no_integral,True,60.0,horizon,full_0_60,True,False,,,,,,,,,,,,,,,,,,,,,,
A_best,nominal,no_integral,True,60.0,horizon,post_5_60,True,False,,,,,,,,,,,,,,,,,,,,,,
A_best,nominal,no_integral,True,60.0,horizon,tail_58_60,True,False,,,,,,,,,,,,,,,,,,,,,,
