key,completed,actual_duration_sec,end_reason,fault_user_motor,fault_efficiency,first_correct_raw_candidate_time,first_correct_candidate_time,confirmed_detection_time,detection_delay,efficiency_mae,efficiency_rmse,efficiency_settling_delay,false_positive_episodes,false_positive_seconds,misidentification_seconds,uncertain_seconds,insufficient_data_seconds,allocator_clipping_seconds,esc_boundary_seconds,action_boundary_seconds,integral_freeze_seconds
A_best-hover,True,20.0,horizon,,,,,,,,,,0,0.0,0.0,0.04,0.19,0.0,0.0,0.0,0.0
A_best-step_x,True,20.0,horizon,,,,,,,,,,0,0.0,0.0,0.04,0.19,0.0,0.0,0.0,0.0
A_best-step_y,True,20.0,horizon,,,,,,,,,,0,0.0,0.0,0.04,0.19,0.0,0.0,0.0,0.0
A_best-motor1_80,True,20.0,horizon,1,0.8,5.01,5.0600000000000005,5.08,0.08000000000000007,0.0011293770868005663,0.013929699362725124,0.1200000000000001,0,0.0,0.0,0.11,0.19,0.0,0.0,0.0,0.0
A_best-motor1_70,True,20.0,horizon,1,0.7,5.01,5.05,5.07,0.07000000000000028,0.001527930708699735,0.019513609913577902,0.1299999999999999,0,0.0,0.0,0.1,0.19,0.0,0.0,0.0,0.0
A_best-motor2_80,True,20.0,horizon,2,0.8,5.01,5.0600000000000005,5.08,0.08000000000000007,0.0011162139418652462,0.013898875701356554,0.1200000000000001,0,0.0,0.0,0.11,0.19,0.0,0.0,0.0,0.0
A_best-motor2_70,True,20.0,horizon,2,0.7,5.01,5.05,5.07,0.07000000000000028,0.001498257817403641,0.019440129393456244,0.1299999999999999,0,0.0,0.0,0.1,0.19,0.0,0.0,0.0,0.0
A_best-motor3_80,True,20.0,horizon,3,0.8,5.01,5.05,5.07,0.07000000000000028,0.001032847497207312,0.013036564839334642,0.1200000000000001,0,0.0,0.0,0.1,0.19,0.0,0.0,0.0,0.0
A_best-motor3_70,True,20.0,horizon,3,0.7,5.01,5.05,5.07,0.07000000000000028,0.001501469026135653,0.01943728006980631,0.1299999999999999,0,0.0,0.0,0.1,0.19,0.0,0.0,0.0,0.0
A_best-motor4_80,True,20.0,horizon,4,0.8,5.01,5.05,5.07,0.07000000000000028,0.0010210863849277186,0.013008817230255225,0.11000000000000032,0,0.0,0.0,0.1,0.19,0.0,0.0,0.0,0.0
A_best-motor4_70,True,20.0,horizon,4,0.7,5.01,5.05,5.07,0.07000000000000028,0.0014850548805229028,0.019406439676440092,0.1200000000000001,0,0.0,0.0,0.1,0.19,0.060000000000000005,0.0,0.0,0.06
B_best-hover,True,20.0,horizon,,,,,,,,,,0,0.0,0.0,0.04,0.19,0.0,0.0,0.0,0.0
B_best-step_x,True,20.0,horizon,,,,,,,,,,0,0.0,0.0,0.04,0.19,0.0,0.0,0.0,0.0
B_best-step_y,True,20.0,horizon,,,,,,,,,,0,0.0,0.0,0.04,0.19,0.0,0.0,0.0,0.0
B_best-motor1_80,True,20.0,horizon,1,0.8,5.01,5.05,5.07,0.07000000000000028,0.0010269591124269027,0.013020157019597552,0.1200000000000001,0,0.0,0.0,0.1,0.19,0.0,0.0,0.0,0.0
B_best-motor1_70,True,20.0,horizon,1,0.7,5.01,5.05,5.07,0.07000000000000028,0.0014893485962443878,0.019410873427267685,0.1200000000000001,0,0.0,0.0,0.1,0.19,0.0,0.0,0.0,0.0
B_best-motor2_80,True,20.0,horizon,2,0.8,5.01,5.05,5.07,0.07000000000000028,0.0010267743559235383,0.013018683437638621,0.1200000000000001,0,0.0,0.0,0.1,0.19,0.0,0.0,0.0,0.0
B_best-motor2_70,True,20.0,horizon,2,0.7,5.01,5.05,5.07,0.07000000000000028,0.0014848296053244828,0.019397471993084982,0.1200000000000001,0,0.0,0.0,0.1,0.19,0.03,0.0,0.0,0.03
B_best-motor3_80,True,20.0,horizon,3,0.8,5.01,5.0600000000000005,5.08,0.08000000000000007,0.0011150350380983052,0.013899605100357159,0.1200000000000001,0,0.0,0.0,0.11,0.19,0.0,0.0,0.0,0.0
B_best-motor3_70,True,20.0,horizon,3,0.7,5.01,5.05,5.07,0.07000000000000028,0.0015039839120934292,0.01946466493907836,0.1299999999999999,0,0.0,0.0,0.1,0.19,0.03,0.0,0.0,0.03
B_best-motor4_80,True,20.0,horizon,4,0.8,5.01,5.0600000000000005,5.08,0.08000000000000007,0.0011351060496438733,0.013945379059474905,0.1200000000000001,0,0.0,0.0,0.11,0.19,0.0,0.0,0.0,0.0
B_best-motor4_70,True,20.0,horizon,4,0.7,5.01,5.0600000000000005,5.08,0.08000000000000007,0.0016726484216309752,0.020856401157782794,0.1299999999999999,0,0.0,0.0,0.11,0.19,0.0,0.0,0.0,0.0
