case,sample_count,expected_duration_sec,internal_velocity_reference_mode,actual_duration_sec,completed,terminated,truncated,partial,metric_scope,termination_reasons,error,end_reason,position_rmse_xy,position_rmse_z,position_rmse_total,velocity_rmse,horizontal_speed_rms_m_s,roll_rms_deg,pitch_rms_deg,roll_max_abs_deg,pitch_max_abs_deg,tilt_max_deg,motor_saturation_sample_convention,motor_allocation_clip_tolerance_n,motor_command_bound_tolerance,motor_allocation_clipped_fraction_any_motor,motor_allocation_clipped_fraction_per_motor,motor_command_at_lower_bound_fraction_any_motor,motor_command_at_lower_bound_fraction_per_motor,motor_command_at_upper_bound_fraction_any_motor,motor_command_at_upper_bound_fraction_per_motor,motor_actual_at_thrust_lower_bound_fraction_any_motor,motor_actual_at_thrust_lower_bound_fraction_per_motor,motor_actual_at_thrust_upper_bound_fraction_any_motor,motor_actual_at_thrust_upper_bound_fraction_per_motor,motor_thrust_min_n_per_motor,motor_thrust_max_n_per_motor,completed_count,trial_count,actual_speed_rms_m_s,internal_velocity_error_rmse_m_s,last_2s_position_rmse_xy,last_2s_position_rmse_z,last_2s_position_rmse_total,last_2s_speed_rms,last_2s_internal_velocity_error_rms_m_s,last_2s_position_std_x,last_2s_position_std_y,last_2s_position_std_z,first_position_entry_s,settling_time_s,settled,overshoot_m,observed_control_metrics__mean_error_xy_m,observed_control_metrics__offset_xy_m,observed_control_metrics__rmse_xy_m,observed_control_metrics__sway_xy_rms_m,observed_control_metrics__max_xy_error_m,observed_control_metrics__mean_error_z_m,observed_control_metrics__offset_z_abs_m,observed_control_metrics__rmse_z_m,observed_control_metrics__sway_z_rms_m,observed_control_metrics__max_abs_z_error_m,observed_control_metrics__rmse_3d_m,observed_control_metrics__xy_bias_variance_residual_m2,observed_control_metrics__z_bias_variance_residual_m2,observed_control_metrics__sample_count,observed_control_metrics__first_sample_s,observed_control_metrics__last_sample_s,observed_control_metrics__actual_velocity_xy_rms_m_s,observed_control_metrics__actual_velocity_z_rms_m_s,observed_control_metrics__velocity_error_xy_rms_m_s,observed_control_metrics__velocity_error_z_rms_m_s,observed_control_metrics__max_tilt_deg,observed_control_metrics__max_angular_speed_rad_s,scenario,fault_user_motor,fault_efficiency,fault_applied,estimator_runtime_ms__median,estimator_runtime_ms__p95,estimator_runtime_ms__max,uncertain_seconds,insufficient_data_seconds,final_estimator_state,final_estimated_motor,final_estimated_efficiency_user,allocator_clipping_seconds,allocator_clipping_seconds_native,esc_boundary_seconds,action_boundary_seconds,integral_freeze_seconds,max_abs_yaw_error_deg,efficiency_settling_time,efficiency_settling_delay,first_correct_raw_candidate_time,confirmed_detection_time,detection_delay,misidentification_seconds,efficiency_mae,efficiency_rmse,normal_motor_bias,false_positive_episodes,false_positive_seconds,healthy_observed_seconds,tail_control_metrics__mean_error_xy_m,tail_control_metrics__offset_xy_m,tail_control_metrics__rmse_xy_m,tail_control_metrics__sway_xy_rms_m,tail_control_metrics__max_xy_error_m,tail_control_metrics__mean_error_z_m,tail_control_metrics__offset_z_abs_m,tail_control_metrics__rmse_z_m,tail_control_metrics__sway_z_rms_m,tail_control_metrics__max_abs_z_error_m,tail_control_metrics__rmse_3d_m,tail_control_metrics__xy_bias_variance_residual_m2,tail_control_metrics__z_bias_variance_residual_m2,tail_control_metrics__sample_count,tail_control_metrics__first_sample_s,tail_control_metrics__last_sample_s,tail_control_metrics__actual_velocity_xy_rms_m_s,tail_control_metrics__actual_velocity_z_rms_m_s,tail_control_metrics__velocity_error_xy_rms_m_s,tail_control_metrics__velocity_error_z_rms_m_s,tail_control_metrics__max_tilt_deg,tail_control_metrics__max_angular_speed_rad_s,null_reasons__detection,null_reasons__tail,null_reasons__efficiency_settling,key,label,normal_motor_ids,first_correct_candidate_time,estimation_windows__fault_0_05__mae,estimation_windows__fault_0_05__rmse,estimation_windows__fault_0_05__mean,estimation_windows__fault_0_05__samples,estimation_windows__fault_0_1__mae,estimation_windows__fault_0_1__rmse,estimation_windows__fault_0_1__mean,estimation_windows__fault_0_1__samples,estimation_windows__tail_18_20__mae,estimation_windows__tail_18_20__rmse,estimation_windows__tail_18_20__mean,estimation_windows__tail_18_20__samples
hover,2000,20.0,position_error,20.0,True,False,True,False,full 20 seconds,[],,horizon,0.000703820088961248,0.00047136957975505003,0.0008470844104006822,0.0007319001438315304,0.0006780980887502069,0.017776231696443812,0.01196380783963772,0.09412411624855815,0.07010658332849286,0.11736386950085255,last physics substep of each control interval,1e-12,1e-09,0.0,"[0.0, 0.0, 0.0, 0.0]",0.0,"[0.0, 0.0, 0.0, 0.0]",0.0,"[0.0, 0.0, 0.0, 0.0]",0.0,"[0.0, 0.0, 0.0, 0.0]",0.0,"[0.0, 0.0, 0.0, 0.0]","[0.10614253194336605, 0.10619599397222682, 0.10627330207839197, 0.1062484710913614]","[0.10676440893938297, 0.1067546964788349, 0.10677794831144322, 0.10662973211242761]",1,1,0.0007319001438315304,0.003467127790992692,3.107498982773964e-05,2.2747014948573084e-05,3.851079954849976e-05,9.274865642528466e-06,0.00014484877332765817,2.998557080580525e-06,2.9743887382734073e-06,3.0414898512458057e-06,0.0,0.0,True,0.0,"[-0.0003560832563404155, -0.00032206610644772]",0.0004801269231863468,0.000703820088961248,0.0005146269087961024,0.0018676853821565273,0.000328193391990396,0.000328193391990396,0.00047136957975505003,0.0003383465356292135,0.0011296484452798516,0.0008470844104006822,-1.1117307432712692e-21,1.0587911840678754e-22,2000,0.01,20.0,0.0006780980887502069,0.0002754283982706421,0.0028964489406908315,0.0019056648847698334,0.11736386950085255,0.02534159412453795,hover,,,False,0.7426250000000001,1.29389625,2.765922,0.04,0.19,healthy,0,"[1.0, 1.0, 1.0, 1.0]",0.0,"[0.0, 0.0, 0.0, 0.0]",0.0,0.0,0.0,0.13532120187245827,,,,,,0.0,,,"[0.0, 0.0, 0.0, 0.0]",0,0.0,20.0,"[-2.110558913966387e-05, -2.2413629044176605e-05]",3.0786631187290605e-05,3.107498982773964e-05,4.2235450668682665e-06,3.891927076204696e-05,2.2542760003055882e-05,2.2542760003055882e-05,2.2747014948573084e-05,3.041489851245806e-06,2.8227298089822384e-05,3.851079954849976e-05,1.8740810753154533e-25,1.1309109937248425e-26,200,18.01,20.0,7.5838006112473005e-06,5.339391442458591e-06,0.00011681280515674979,8.565007697567184e-05,8.402191152933294e-05,1.0040796900541067e-05,not_applicable,,not_applicable,A_best-hover,A_best,"[1, 2, 3, 4]",,,,,,,,,,,,,
step_x,2000,20.0,position_error,20.0,True,False,True,False,full 20 seconds,[],,horizon,0.006987986627896656,0.0017611034764759706,0.007206486145585672,0.014824591274444706,0.014248605152127248,0.15173981551673474,0.37305516014321544,0.6809155218846495,2.5993244622928264,2.603830542037728,last physics substep of each control interval,1e-12,1e-09,0.0,"[0.0, 0.0, 0.0, 0.0]",0.0,"[0.0, 0.0, 0.0, 0.0]",0.0,"[0.0, 0.0, 0.0, 0.0]",0.0,"[0.0, 0.0, 0.0, 0.0]",0.0,"[0.0, 0.0, 0.0, 0.0]","[0.10237454092593486, 0.10222861476844168, 0.10025741869491954, 0.10239010248267552]","[0.11104655905780351, 0.11061843094132445, 0.10967468303106703, 0.11012862959469899]",1,1,0.014824591274444706,0.023244110747937197,0.0003664312327209846,0.0001619666951065682,0.0004006308258698579,0.0001316473243258911,0.0015119513251121521,5.0572400266407966e-05,1.2134914749780917e-05,2.4146366115941958e-05,0.0,7.63,True,0.054920936776747316,"[-0.0003964592410925598, -0.00032155156246749397]",0.0005104658041171564,0.006987986627896656,0.00696931716701783,0.050610745114965314,0.0003100599568984763,0.0003100599568984763,0.0017611034764759706,0.0017335940349412463,0.009213892381433109,0.007206486145585672,8.131516293641283e-20,-5.929230630780102e-21,2000,0.01,20.0,0.014248605152127248,0.00409215807039696,0.021766542297704923,0.008155140763015194,2.603830542037728,0.7115820226345497,step_x,,,False,0.7211595,1.2774596499999997,24.179129,0.04,0.19,healthy,0,"[1.0, 1.0, 1.0, 1.0]",0.0,"[0.0, 0.0, 0.0, 0.0]",0.0,0.0,0.0,0.21775498385911526,,,,,,0.0,,,"[0.0, 0.0, 0.0, 0.0]",0,0.0,20.0,"[0.00036218447027689657, -1.9734081660267403e-05]",0.0003627216901271969,0.0003664312327209846,5.200792078799375e-05,0.0004526496842566445,0.00016015668367926116,0.00016015668367926116,0.0001619666951065682,2.4146366115941958e-05,0.00020570624113958047,0.0004006308258698579,-1.1870041790135947e-22,-3.7223127564886245e-24,200,18.01,20.0,0.00012397520707432383,4.4285054285220044e-05,0.0013857509443764447,0.0006047240111556545,0.006757317078576446,0.0008983992208416946,not_applicable,,not_applicable,A_best-step_x,A_best,"[1, 2, 3, 4]",,,,,,,,,,,,,
step_y,2000,20.0,position_error,20.0,True,False,True,False,full 20 seconds,[],,horizon,0.006976311102341437,0.001956869647645385,0.007245567984259631,0.017876298523022454,0.01760232772790202,0.5157696494295161,0.17510059838272474,2.8161033918864993,0.7241279663327977,2.835769616978308,last physics substep of each control interval,1e-12,1e-09,0.0,"[0.0, 0.0, 0.0, 0.0]",0.0,"[0.0, 0.0, 0.0, 0.0]",0.0,"[0.0, 0.0, 0.0, 0.0]",0.0,"[0.0, 0.0, 0.0, 0.0]",0.0,"[0.0, 0.0, 0.0, 0.0]","[0.10214349880419316, 0.10064845474818251, 0.10372399717177691, 0.10273943939168433]","[0.1148510602578961, 0.11360805107590213, 0.11011998198694917, 0.11070418901972172]",1,1,0.017876298523022454,0.025540556746543954,0.00033888316383087183,0.0001198750002152606,0.00035946044901300373,0.00023117684397491996,0.001375710420490133,1.4680135556798003e-05,6.092256897581021e-05,2.058357841201039e-05,0.0,8.76,True,0.0015941807828038258,"[-0.0003549272617894892, -0.0003575965800050545]",0.0005038339758220916,0.006976311102341437,0.006958093698812892,0.050492072987387344,0.00034650376349337373,0.00034650376349337373,0.001956869647645385,0.001925947548548691,0.008501118260239693,0.007245567984259631,3.3881317890172014e-20,-9.740878893424454e-21,2000,0.01,20.0,0.01760232772790202,0.003117708684875234,0.02410915120254985,0.00843023530015747,2.835769616978308,0.6703638955776291,step_y,,,False,0.715545,1.2393275,2.265689,0.04,0.19,healthy,0,"[1.0, 1.0, 1.0, 1.0]",0.0,"[0.0, 0.0, 0.0, 0.0]",0.0,0.0,0.0,0.47720999787698665,,,,,,0.0,,,"[0.0, 0.0, 0.0, 0.0]",0,0.0,20.0,"[-1.461628925448053e-05, 0.0003327177437797278]",0.0003330386358028799,0.00033888316383087183,6.266630506562772e-05,0.0004467970160174035,-0.00011809458910706006,0.00011809458910706006,0.0001198750002152606,2.0583578412010395e-05,0.00015413663406227407,0.00035946044901300373,-3.474158572722716e-23,4.652890945610781e-25,200,18.01,20.0,0.0002277070960963782,3.9902525954621955e-05,0.0013010015297286437,0.00044718472770083204,0.015180591740583052,0.0020086062830050803,not_applicable,,not_applicable,A_best-step_y,A_best,"[1, 2, 3, 4]",,,,,,,,,,,,,
motor1_80,2000,20.0,position_error,20.0,True,False,True,False,full 20 seconds,[],,horizon,0.02322377877631435,0.011039760887304236,0.025714202711731922,0.02330010374296085,0.02174747039952763,0.5894203405771142,0.38148064883026556,3.112400206693529,2.791939888929806,3.751304961717981,last physics substep of each control interval,1e-12,1e-09,0.0,"[0.0, 0.0, 0.0, 0.0]",0.0,"[0.0, 0.0, 0.0, 0.0]",0.0,"[0.0, 0.0, 0.0, 0.0]",0.0,"[0.0, 0.0, 0.0, 0.0]",0.0,"[0.0, 0.0, 0.0, 0.0]","[0.09633725964125972, 0.08819706517784925, 0.09698263803881421, 0.085124478195844]","[0.11207779578386041, 0.11943593927056474, 0.11281434509876695, 0.11453417487872851]",1,1,0.02330010374296085,0.10549163514854461,0.0033997251421671536,0.0016021204635961808,0.0037583135875226157,0.0009303258598988352,0.014130502792278331,0.0003870574316089213,0.00025270859182879965,0.00020518243620285402,0.0,17.69,True,0.047705105509493785,"[0.012810495074861804, 0.008278027897651925]",0.015252361454455571,0.02322377877631435,0.017513119959442602,0.06008549048547795,-0.007069538325575396,0.007069538325575396,0.011039760887304236,0.008479265788502754,0.028621301387528275,0.025714202711731922,-5.421010862427522e-20,-2.0328790734103208e-19,2000,0.01,20.0,0.02174747039952763,0.008363155245145686,0.09543398286725507,0.0449537540190596,3.751304961717981,1.224180070058224,motor1_80,1,0.8,True,0.7106,1.2324697,2.378453,0.11,0.19,fault,1,"[0.8000000001018024, 1.0, 1.0, 1.0]",0.0,"[0.0, 0.0, 0.0, 0.0]",0.0,0.0,0.0,3.723742159064615,5.12,0.1200000000000001,5.01,5.08,0.08000000000000007,0.0,0.0011293770868005663,0.013929699362725124,"[0.0, 0.0, 0.0]",0,0.0,5.0,"[0.002801125259494715, 0.001870335059596635]",0.0033681531964172414,0.0033997251421671536,0.0004622500273096689,0.004273246119276585,-0.0015889273576055968,0.0015889273576055968,0.0016021204635961808,0.000205182436202854,0.001973593135159435,0.0037583135875226157,1.6675961149069038e-21,-8.470329472543003e-22,200,18.01,20.0,0.0008566528601624607,0.00036283892124740766,0.012771660739736944,0.006046138528982587,0.01636092659035058,0.001813686487992875,,,,A_best-motor1_80,A_best,"[2, 3, 4]",5.0600000000000005,0.03388115982695521,0.07629610560218897,0.8338810224940093,50,0.016940631236460012,0.05394949364950409,0.8169405613410115,100,1.0182424903248944e-10,1.0182446490072835e-10,0.8000000001018244,200
motor1_70,2000,20.0,position_error,20.0,True,False,True,False,full 20 seconds,[],,horizon,0.04100803897120486,0.01953128561329664,0.04542169501429934,0.044511567712585784,0.041736245869825106,1.2106373329261906,0.6875512169638361,5.567355162485021,4.918601655372064,6.851680512672921,last physics substep of each control interval,1e-12,1e-09,0.0,"[0.0, 0.0, 0.0, 0.0]",0.0,"[0.0, 0.0, 0.0, 0.0]",0.0,"[0.0, 0.0, 0.0, 0.0]",0.0,"[0.0, 0.0, 0.0, 0.0]",0.0,"[0.0, 0.0, 0.0, 0.0]","[0.09089957986400407, 0.0795270935222655, 0.0907955477437903, 0.07448391842136348]","[0.11546991256723882, 0.1246317044376572, 0.11596504742391335, 0.11723942599810427]",1,1,0.044511567712585784,0.18711536229517478,0.005857273586820125,0.002725160349613937,0.006460197582270116,0.0018280980981785157,0.02430467987876958,0.0006616043304770598,0.00040450545226610867,0.00034873331026104434,0.0,,False,0.08480471551092304,"[0.022633653662830083, 0.014712222099266772]",0.026995032084201998,0.04100803897120486,0.030869523855038033,0.10751976391825589,-0.012533784323165665,0.012533784323165665,0.01953128561329664,0.014979164470975546,0.05203489107526671,0.04542169501429934,-5.421010862427522e-19,-1.1926223897340549e-18,2000,0.01,20.0,0.041736245869825106,0.015471439523380353,0.16931165730260653,0.07966003708447064,6.851680512672921,1.963586544923694,motor1_70,1,0.7,True,0.710904,1.1950888999999993,1.99435,0.1,0.19,fault,1,"[0.7000000001194435, 1.0, 1.0, 1.0]",0.0,"[0.0, 0.0, 0.0, 0.0]",0.0,0.0,0.0,6.368308478461892,5.13,0.1299999999999999,5.01,5.07,0.07000000000000028,0.0,0.001527930708699735,0.019513609913577902,"[0.0, 0.0, 0.0]",0,0.0,5.0,"[0.004840390972638516, 0.003205764207149565]",0.0058057134720757375,0.005857273586820125,0.000775464345420863,0.0073227815067093424,-0.0027027548925905825,0.0027027548925905825,0.002725160349613937,0.0003487333102610443,0.0033174050178063075,0.006460197582270116,-2.922263668027336e-20,-1.6940658945086007e-21,200,18.01,20.0,0.0017226620416814424,0.0006118644839454488,0.022012683963091365,0.010303359100338442,0.06368155877365526,0.007952142825691852,,,,A_best-motor1_70,A_best,"[2, 3, 4]",5.05,0.045837598917834975,0.10688044327995866,0.745837343189264,50,0.022918891488721265,0.07557588621965479,0.72291874870655,100,1.172304342489383e-10,1.173167299968064e-10,0.7000000001172303,200
motor2_80,2000,20.0,position_error,20.0,True,False,True,False,full 20 seconds,[],,horizon,0.017560810928512464,0.00993699905814604,0.020177364316197446,0.018910056979810783,0.017993887062427487,0.45162501018897916,0.43911030324650513,3.3310140697049184,3.4306035640147674,4.780316922435986,last physics substep of each control interval,1e-12,1e-09,0.0,"[0.0, 0.0, 0.0, 0.0]",0.0,"[0.0, 0.0, 0.0, 0.0]",0.0,"[0.0, 0.0, 0.0, 0.0]",0.0,"[0.0, 0.0, 0.0, 0.0]",0.0,"[0.0, 0.0, 0.0, 0.0]","[0.09693955284878056, 0.10134823879869873, 0.08512076119112257, 0.10078981118034341]","[0.11699529259374997, 0.11276687352891317, 0.11795964534022244, 0.11484219553045662]",1,1,0.018910056979810783,0.08291879699273079,0.0026719605773059293,0.0012551518264601038,0.0029520805263649513,0.0007811425703587439,0.011112882936912946,0.00023576034276387163,0.00025602626993483167,0.00020279860115072842,0.0,16.67,True,0.0,"[-0.008334521188344119, 0.008215709174630444]",0.011703081674544697,0.017560810928512464,0.013092744547492671,0.045421971980194174,-0.006431285517972145,0.006431285517972145,0.00993699905814604,0.007575124874740816,0.023537283640618245,0.020177364316197446,-1.6263032587282567e-19,-3.3881317890172014e-20,2000,0.01,20.0,0.017993887062427487,0.00581466107045762,0.07253529838702458,0.040176577537503234,4.780316922435986,1.3735813177688594,motor2_80,2,0.8,True,0.7266075,1.2387405999999996,2.122573,0.11,0.19,fault,2,"[1.0, 0.8000000001002032, 1.0, 1.0]",0.0,"[0.0, 0.0, 0.0, 0.0]",0.0,0.0,0.0,3.6656797216672854,5.12,0.1200000000000001,5.01,5.08,0.08000000000000007,0.0,0.0011162139418652462,0.013898875701356554,"[0.0, 0.0, 0.0]",0,0.0,5.0,"[-0.0019029369163255057, 0.0018431147628527422]",0.002649196281244586,0.0026719605773059293,0.00034804078800749995,0.0033047509962992826,-0.001238660096571066,0.001238660096571066,0.0012551518264601038,0.0002027986011507283,0.0016168071221209779,0.0029520805263649513,7.72917564369549e-21,1.852884572118782e-22,200,18.01,20.0,0.0006956272278223201,0.00035536808401838687,0.010083440499651635,0.004671230550884433,0.023956590322095576,0.002758341941780852,,,,A_best-motor2_80,A_best,"[1, 3, 4]",5.0600000000000005,0.03348633016316299,0.07612727745591122,0.8334862995213193,50,0.016743183983339252,0.05383011412235693,0.816743167765919,100,1.0133316796778758e-10,1.0134949468132151e-10,0.8000000001013332,200
motor2_70,2000,20.0,position_error,20.0,True,False,True,False,full 20 seconds,[],,horizon,0.030747198377570013,0.017429775964638523,0.03534384385217792,0.039243474878731165,0.03749361410481509,0.9320253016406199,1.049642725183795,6.533955258312384,6.903309506241821,9.494276623817209,last physics substep of each control interval,1e-12,1e-09,0.0,"[0.0, 0.0, 0.0, 0.0]",0.0,"[0.0, 0.0, 0.0, 0.0]",0.0,"[0.0, 0.0, 0.0, 0.0]",0.0,"[0.0, 0.0, 0.0, 0.0]",0.0,"[0.0, 0.0, 0.0, 0.0]","[0.09350451822395639, 0.09939537364296287, 0.07448066604223223, 0.09844602353879472]","[0.12192168193477268, 0.11617547518058682, 0.12415255070049783, 0.12137948197148454]",1,1,0.039243474878731165,0.14677338690723507,0.004581159411229172,0.0021412159245760816,0.005056859419318656,0.0018631906106859014,0.019073323972449246,0.0004437972027062142,0.00042255406808567946,0.0003485518982197403,0.0,18.98,True,0.0,"[-0.01415994363447593, 0.014568618572471183]",0.020316216449961535,0.030747198377570013,0.023079028515688407,0.08183659437543167,-0.011390571393117005,0.011390571393117005,0.017429775964638523,0.013192875862214182,0.04243764639845893,0.03534384385217792,-2.168404344971009e-18,1.6534083130403943e-18,2000,0.01,20.0,0.03749361410481509,0.011587891176431319,0.1286304589422082,0.07068685971620046,9.494276623817209,2.2743657234784034,motor2_70,2,0.7,True,0.7086515,1.3538982499999999,6.131682,0.1,0.19,fault,2,"[1.0, 0.7000000001233372, 1.0, 1.0]",0.0,"[0.0, 0.0, 0.0, 0.0]",0.0,0.0,0.0,6.487843568535385,5.13,0.1299999999999999,5.01,5.07,0.07000000000000028,0.0,0.001498257817403641,0.019440129393456244,"[0.0, 0.0, 0.0]",0,0.0,5.0,"[-0.0032558705844861744, 0.003163988051587059]",0.004539990490464492,0.004581159411229172,0.0006127869920173058,0.005615986485118227,-0.0021126564344222227,0.0021126564344222227,0.0021412159245760816,0.0003485518982197403,0.002835638425418896,0.005056859419318656,-2.3663982963917016e-20,1.4823076576950256e-21,200,18.01,20.0,0.0017235348604107568,0.0007077477210821489,0.01734372491561722,0.007936428252646505,0.09741135160249743,0.01125304447861581,,,,A_best-motor2_70,A_best,"[1, 3, 4]",5.05,0.04494740678004797,0.10647797389602578,0.7449473263969904,50,0.022473741071403763,0.07529129738891223,0.7224736959401539,100,1.1362846552565031e-10,1.1585976984962125e-10,0.7000000001136283,200
motor3_80,2000,20.0,position_error,20.0,True,False,True,False,full 20 seconds,[],,horizon,0.01989006785023674,0.000825244093238709,0.019907180285023956,0.021841281938297253,0.021434097678080726,0.6126412609254904,0.3974729813249202,2.9649801523556896,2.9577715843376686,3.802488975413218,last physics substep of each control interval,1e-12,1e-09,0.0,"[0.0, 0.0, 0.0, 0.0]",0.0,"[0.0, 0.0, 0.0, 0.0]",0.0,"[0.0, 0.0, 0.0, 0.0]",0.0,"[0.0, 0.0, 0.0, 0.0]",0.0,"[0.0, 0.0, 0.0, 0.0]","[0.09689040030801628, 0.08511824562914755, 0.1007638937804965, 0.09338994896224645]","[0.12227722139121265, 0.11911260434911619, 0.11638151013461609, 0.11975640550055022]",1,1,0.021841281938297253,0.08259919703096523,0.002887861451359297,9.016468333376682e-05,0.0028892686673910586,0.0007743222377500497,0.01084518216199964,0.0002769304168312592,0.00027546191821348226,1.397971217390415e-05,0.0,16.490000000000002,True,0.0,"[-0.009773616611686773, -0.009415645471668831]",0.013571218122202494,0.01989006785023674,0.014540867847780772,0.05376778510803333,0.00047781199868701934,0.00047781199868701934,0.000825244093238709,0.0006728473135385888,0.004350697307569762,0.019907180285023956,-8.673617379884035e-19,-1.0587911840678754e-21,2000,0.01,20.0,0.021434097678080726,0.004197743850532588,0.08242552603930235,0.005353504207947014,3.802488975413218,1.2243090843558335,motor3_80,3,0.8,True,0.7033085,1.2957168499999998,2.608737,0.1,0.19,fault,3,"[1.0, 1.0, 0.8000000001019099, 1.0]",0.0,"[0.0, 0.0, 0.0, 0.0]",0.0,0.0,0.0,3.4946748324576293,5.12,0.1200000000000001,5.01,5.07,0.07000000000000028,0.0,0.001032847497207312,0.013036564839334642,"[0.0, 0.0, 0.0]",0,0.0,5.0,"[-0.002024620932012224, -0.0020219011152261598]",0.0028613238261502023,0.002887861451359297,0.0003906017462226534,0.0036608457653357785,8.907433843825752e-05,8.907433843825752e-05,9.016468333376682e-05,1.3979712173904145e-05,0.00012263854795668827,0.0028892686673910586,5.241016361135983e-21,3.6964633623463424e-24,200,18.01,20.0,0.0007733101688668932,3.9576642117565034e-05,0.010840071860372542,0.0003328936600696359,0.022080948345363498,0.0024382588161766033,,,,A_best-motor3_80,A_best,"[1, 2, 4]",5.05,0.030985286694090498,0.07140420634872303,0.8309852434027427,50,0.01549269211115097,0.05049039851449134,0.8154926215031166,100,1.0176371800785233e-10,1.0176428925588366e-10,0.8000000001017638,200
motor3_70,2000,20.0,position_error,20.0,True,False,True,False,full 20 seconds,[],,horizon,0.03438230946684778,0.0014459834163256947,0.03441270219431162,0.04349096414414658,0.042571173307128125,1.2908612501811274,0.814479248184072,5.881163624347412,5.823306637886401,7.458480317964568,last physics substep of each control interval,1e-12,1e-09,0.0,"[0.0, 0.0, 0.0, 0.0]",0.0,"[0.0, 0.0, 0.0, 0.0]",0.0,"[0.0, 0.0, 0.0, 0.0]",0.0,"[0.0, 0.0, 0.0, 0.0]",0.0,"[0.0, 0.0, 0.0, 0.0]","[0.08962100270936267, 0.0744784649255041, 0.09608845650212472, 0.08790098681759453]","[0.1339075303397914, 0.12601399696946075, 0.12395043017641201, 0.12684928574842064]",1,1,0.04349096414414658,0.14442028573762,0.004924092179124968,0.0001696245574629686,0.004927012916465126,0.0013947785745613275,0.018518292628471596,0.0004660367527644093,0.00043585470791658164,2.5567171563710305e-05,0.0,18.92,True,0.0,"[-0.01675758145654803, -0.015934031364556067]",0.02312379492642803,0.03438230946684778,0.0254447108939086,0.09555996752617787,0.0005397632215254699,0.0005397632215254699,0.0014459834163256947,0.0013414632700813613,0.008637802195492705,0.03441270219431162,9.75781955236954e-19,-5.505714157152952e-21,2000,0.01,20.0,0.042571173307128125,0.008897143667599458,0.1440276692798952,0.010641870810009368,7.458480317964568,1.9799531167797086,motor3_70,3,0.7,True,0.7141744999999999,1.2429074,2.55239,0.1,0.19,fault,3,"[1.0, 1.0, 0.7000000001159012, 1.0]",0.0,"[0.0, 0.0, 0.0, 0.0]",0.0,0.0,0.0,5.93326443463352,5.13,0.1299999999999999,5.01,5.07,0.07000000000000028,0.0,0.001501469026135653,0.01943728006980631,"[0.0, 0.0, 0.0]",0,0.0,5.0,"[-0.0034807029171055083, -0.0034240665019874645]",0.004882573522967111,0.004924092179124968,0.0006380905745583803,0.006153999596420366,0.00016768664297653446,0.00016768664297653446,0.0001696245574629686,2.5567171563710315e-05,0.0002050900908143749,0.004927012916465126,-3.4887169515036495e-20,1.0443155233481974e-23,200,18.01,20.0,0.0013924869777087966,7.99205165570797e-05,0.018507146620947434,0.0006424062767901251,0.049501781476578854,0.006149918878264033,,,,A_best-motor3_70,A_best,"[1, 2, 4]",5.05,0.04504367812911596,0.10646236750737903,0.7450435880419088,50,0.02252195413590148,0.07528026200589513,0.722521756902118,100,1.1654489706636185e-10,1.1656070081280318e-10,0.7000000001165447,200
motor4_80,2000,20.0,position_error,20.0,True,False,True,False,full 20 seconds,[],,horizon,0.020064702302164294,0.004515118815552475,0.02056644296890041,0.01839331130875193,0.01768129680357191,0.3893936885685398,0.4098605570036619,2.9745158120442,3.7492548359411915,4.752104445183196,last physics substep of each control interval,1e-12,1e-09,0.0,"[0.0, 0.0, 0.0, 0.0]",0.0,"[0.0, 0.0, 0.0, 0.0]",0.0,"[0.0, 0.0, 0.0, 0.0]",0.0,"[0.0, 0.0, 0.0, 0.0]",0.0,"[0.0, 0.0, 0.0, 0.0]","[0.08511904212095191, 0.10020833466009627, 0.09356004327201192, 0.09940894892598898]","[0.12321199995675672, 0.11131613124045879, 0.11514542966552425, 0.11117262595170468]",1,1,0.01839331130875193,0.08431960314762463,0.0030015274091231853,0.0002942030589113411,0.003015911508580869,0.000738269395488262,0.011366033396090469,0.0002485819450780269,0.0003091078841889867,7.780822427616216e-05,0.0,16.71,True,0.03584023819689457,"[0.008589474449563051, -0.010263960618013658]",0.013383869354108019,0.020064702302164294,0.01494872300855979,0.05083519792130561,0.002779919014579183,0.002779919014579183,0.004515118815552475,0.003557857247127423,0.011291958543014902,0.02056644296890041,4.0657581468206416e-19,-4.2351647362715017e-20,2000,0.01,20.0,0.01768129680357191,0.005068100654550909,0.08220533593718539,0.018763747451599422,4.752104445183196,1.370155586765278,motor4_80,4,0.8,True,0.7084835,1.30667425,2.632881,0.1,0.19,fault,4,"[1.0, 1.0, 1.0, 0.8000000001023289]",0.0,"[0.0, 0.0, 0.0, 0.0]",0.0,0.0,0.0,2.3675184180117315,5.11,0.11000000000000032,5.01,5.07,0.07000000000000028,0.0,0.0010210863849277186,0.013008817230255225,"[0.0, 0.0, 0.0]",0,0.0,5.0,"[0.001943841499407114, -0.0022524001299533505]",0.0029752018620979597,0.0030015274091231853,0.00039666190576682204,0.0037167706290412417,0.0002837275455569666,0.0002837275455569666,0.0002942030589113411,7.780822427616216e-05,0.00043058732623735274,0.003015911508580869,8.735027268559972e-21,-5.293955920339377e-23,200,18.01,20.0,0.0007254949538321087,0.00013674345424461874,0.011318076622344853,0.0010430037065009582,0.01528663669823928,0.001682534693621952,,,,A_best-motor4_80,A_best,"[1, 2, 3]",5.05,0.03063252117054681,0.07125222643469602,0.8306323339455599,50,0.01531628474138928,0.05038293248663392,0.8153161543244815,100,1.0201414324395585e-10,1.02016734962324e-10,0.800000000102014,200
motor4_70,2000,20.0,position_error,20.0,True,False,True,False,full 20 seconds,[],,horizon,0.03477040317565418,0.007765125951685092,0.035626929674658685,0.03683180200315172,0.03544790302206921,0.8434331637620283,0.8853392589146747,6.048012585109318,7.800033927806291,9.858629105011223,last physics substep of each control interval,1e-12,1e-09,0.003,"[0.003, 0.0, 0.0, 0.0]",0.0,"[0.0, 0.0, 0.0, 0.0]",0.0,"[0.0, 0.0, 0.0, 0.0]",0.0,"[0.0, 0.0, 0.0, 0.0]",0.0,"[0.0, 0.0, 0.0, 0.0]","[0.0744791618558329, 0.10031557916168482, 0.09205769255779081, 0.09646772442630268]","[0.12986357231556853, 0.11308312513534549, 0.11526146634142893, 0.11349931779569847]",1,1,0.03683180200315172,0.14723843737845568,0.0051009930262487105,0.0004978070589471478,0.005125226016652884,0.001500868406571574,0.019306850262052914,0.0004129422018684617,0.0005476867567317789,0.00013558995926427677,0.0,,False,0.06448930068747814,"[0.015063235296717235, -0.017451796817626878]",0.023053552215829984,0.03477040317565418,0.026029111917803598,0.08939247875547997,0.00452824520283325,0.00452824520283325,0.007765125951685092,0.006308104028038152,0.01959711688047383,0.035626929674658685,-2.710505431213761e-18,-1.8295911660692887e-19,2000,0.01,20.0,0.03544790302206921,0.010001390410205337,0.14357422177362283,0.03264353356712437,9.858629105011223,2.247498683521987,motor4_70,4,0.7,True,0.7179725,1.2590747,2.36777,0.1,0.19,fault,4,"[1.0, 1.0, 1.0, 0.700000000123367]",0.060000000000000005,"[0.060000000000000005, 0.0, 0.0, 0.0]",0.0,0.0,0.06,4.054030837040625,5.12,0.1200000000000001,5.01,5.07,0.07000000000000028,0.0,0.0014850548805229028,0.019406439676440092,"[0.0, 0.0, 0.0]",0,0.0,5.0,"[0.003291376537039887, -0.0038362075412675407]",0.005054665944279071,0.0051009930262487105,0.0006859169378163424,0.006374718185529708,0.0004789856270122528,0.0004789856270122528,0.0004978070589471478,0.00013558995926427674,0.000730923136734285,0.005125226016652884,0.0,-9.26442286059391e-23,200,18.01,20.0,0.001480068747775852,0.0002490029632392289,0.01922579101174623,0.0017673219893359665,0.06006459147062219,0.006457282088826585,,,,A_best-motor4_70,A_best,"[1, 2, 3]",5.05,0.04455146379853627,0.10629344771642177,0.7445512992244929,50,0.022275776134275803,0.07516081767602434,0.7222756617084406,100,1.1915635644843547e-10,1.1941680060671154e-10,0.7000000001191563,200
hover,2000,20.0,position_error,20.0,True,False,True,False,full 20 seconds,[],,horizon,0.0006843677379197489,0.0006821013490385921,0.0009662408866662916,0.0011459335393636167,0.0008961797712581447,0.002662381915751893,0.0286174294527112,0.019811131166678434,0.18101875625337127,0.18121041310142516,last physics substep of each control interval,1e-12,1e-09,0.0,"[0.0, 0.0, 0.0, 0.0]",0.0,"[0.0, 0.0, 0.0, 0.0]",0.0,"[0.0, 0.0, 0.0, 0.0]",0.0,"[0.0, 0.0, 0.0, 0.0]",0.0,"[0.0, 0.0, 0.0, 0.0]","[0.10591736049461659, 0.10511368346864075, 0.10566032404469783, 0.10489495253616427]","[0.1070213135747492, 0.10884628055106703, 0.10720740766727765, 0.10856656781661143]",1,1,0.0011459335393636167,0.0040325827488274955,2.0575002729484037e-05,2.3267027071972318e-05,3.1059383221277406e-05,7.2824172899202355e-06,0.0001169664653219491,2.6938286915805665e-06,5.022356710471406e-07,3.1268787987371885e-06,0.0,0.0,True,0.0023649531455818013,"[0.00038197223901754, -0.00014563499204010543]",0.0004087937649800866,0.0006843677379197489,0.000548859598092992,0.002393829080655207,0.0004376314317515904,0.0004376314317515904,0.0006821013490385921,0.0005232026187848457,0.002029536658774589,0.0009662408866662916,-7.411538288475128e-22,-2.117582368135751e-22,2000,0.01,20.0,0.0008961797712581447,0.0007141606921597722,0.0028815554574637544,0.002821056853681253,0.18121041310142516,0.052866669592488404,hover,,,False,0.721755,1.3671238999999997,2.795095,0.04,0.19,healthy,0,"[1.0, 1.0, 1.0, 1.0]",0.0,"[0.0, 0.0, 0.0, 0.0]",0.0,0.0,0.0,0.9796232071065554,,,,,,0.0,,,"[0.0, 0.0, 0.0, 0.0]",0,0.0,20.0,"[2.0284997160072352e-05, -2.0834283873647425e-06]",2.0391708698130734e-05,2.0575002729484037e-05,2.7402470123795113e-06,2.5468600722860098e-05,2.3055957532618356e-05,2.3055957532618356e-05,2.3267027071972318e-05,3.1268787987371876e-06,2.8875935845773526e-05,3.1059383221277406e-05,5.00832011506716e-26,-4.297461776154402e-25,200,18.01,20.0,4.7977447997927985e-06,5.478617199676425e-06,7.751924700317678e-05,8.758949910789071e-05,8.954453545231656e-06,7.976989454319198e-07,not_applicable,,not_applicable,B_best-hover,B_best,"[1, 2, 3, 4]",,,,,,,,,,,,,
step_x,2000,20.0,position_error,20.0,True,False,True,False,full 20 seconds,[],,horizon,0.0074726532267277174,0.0011406812874082135,0.007559212925058232,0.013521807291390069,0.01312589804186273,0.09507188315087987,0.32656936872349784,0.56911851720126,2.3553178054307904,2.3995686110302556,last physics substep of each control interval,1e-12,1e-09,0.0,"[0.0, 0.0, 0.0, 0.0]",0.0,"[0.0, 0.0, 0.0, 0.0]",0.0,"[0.0, 0.0, 0.0, 0.0]",0.0,"[0.0, 0.0, 0.0, 0.0]",0.0,"[0.0, 0.0, 0.0, 0.0]","[0.10376035456036647, 0.10237588582351508, 0.10168079962826194, 0.1009787470918749]","[0.10886656919954665, 0.11128566180300913, 0.11033166330713251, 0.11024630161725546]",1,1,0.013521807291390069,0.0246740666159497,0.0004952537329426054,0.0001039410677098695,0.0005060434818770549,0.0001263326688515552,0.0018986178848090045,6.419676910688664e-05,2.753112305494406e-05,1.7650109564233434e-05,0.0,9.38,True,0.055439836823750005,"[0.000334095705910636, -0.00013173673418542944]",0.0003591302101491445,0.0074726532267277174,0.007464018471244725,0.04949105431124262,0.0004296895210741165,0.0004296895210741165,0.0011406812874082135,0.001056655438126524,0.005118350290596707,0.007559212925058232,-4.0657581468206416e-20,-4.235164736271502e-22,2000,0.01,20.0,0.01312589804186273,0.003248087594279713,0.02402822439696751,0.005608386193665581,2.3995686110302556,0.5866592038437834,step_x,,,False,0.749039,1.36577325,3.721158,0.04,0.19,healthy,0,"[1.0, 1.0, 1.0, 1.0]",0.0,"[0.0, 0.0, 0.0, 0.0]",0.0,0.0,0.0,1.0243407449183148,,,,,,0.0,,,"[0.0, 0.0, 0.0, 0.0]",0,0.0,20.0,"[0.0004675665895447236, -0.00014757559566090964]",0.0004903030410808772,0.0004952537329426054,6.985118395868022e-05,0.0006200303865675533,0.00010243153415349315,0.00010243153415349315,0.0001039410677098695,1.765010956423344e-05,0.0001358489624945225,0.0005060434818770549,-1.2490427249550718e-22,-2.3264454728053903e-24,200,18.01,20.0,0.00012244471459945677,3.11004033062962e-05,0.001859242652208885,0.0003846643117367265,0.0003601832114936737,0.00013047759653476144,not_applicable,,not_applicable,B_best-step_x,B_best,"[1, 2, 3, 4]",,,,,,,,,,,,,
step_y,2000,20.0,position_error,20.0,True,False,True,False,full 20 seconds,[],,horizon,0.008018910974455335,0.0017146183653750358,0.008200173739325379,0.012666628948957143,0.012291137425664414,0.2690162864961829,0.12247831604647733,1.7430790767521713,0.5870617021680126,1.746695758219702,last physics substep of each control interval,1e-12,1e-09,0.0,"[0.0, 0.0, 0.0, 0.0]",0.0,"[0.0, 0.0, 0.0, 0.0]",0.0,"[0.0, 0.0, 0.0, 0.0]",0.0,"[0.0, 0.0, 0.0, 0.0]",0.0,"[0.0, 0.0, 0.0, 0.0]","[0.10514372900305897, 0.10477208803686631, 0.1043454944349396, 0.10403205272687471]","[0.10810239801380238, 0.10884628055106703, 0.10954157467552869, 0.1090184460888607]",1,1,0.012666628948957143,0.027066845318929535,0.0005543149332488654,0.00010068537166457877,0.0005633849388206331,0.00014503284869662157,0.002108650232138978,4.668627840772996e-06,8.078143996490079e-05,1.77586169270058e-05,0.0,10.17,True,0.0029136259459689945,"[0.0003831780240017611, -0.00020246655673793936]",0.0004333798618708666,0.008018910974455335,0.008007191462152313,0.05025388797041207,0.00045155430101634104,0.00045155430101634104,0.0017146183653750358,0.0016540903397683588,0.008141391236348827,0.008200173739325379,1.0842021724855044e-19,-1.2705494208814505e-21,2000,0.01,20.0,0.012291137425664414,0.0030612790976960553,0.026002462534526365,0.007515720701264154,1.746695758219702,0.3853362560729517,step_y,,,False,0.6744,1.1305321,2.623615,0.04,0.19,healthy,0,"[1.0, 1.0, 1.0, 1.0]",0.0,"[0.0, 0.0, 0.0, 0.0]",0.0,0.0,0.0,1.039906570321907,,,,,,0.0,,,"[0.0, 0.0, 0.0, 0.0]",0,0.0,20.0,"[2.4115056026770732e-05, 0.0005478467597483818]",0.0005483772497961376,0.0005543149332488654,8.091623526041301e-05,0.0006991247659078888,-9.910688973060466e-05,9.910688973060466e-05,0.00010068537166457877,1.7758616927005804e-05,0.00013282107304590784,0.0005633849388206331,1.5054687148465104e-22,-7.031035206700735e-24,200,18.01,20.0,0.00014160780720119236,3.133298805934496e-05,0.0020756831324090065,0.00037140992896326597,0.00036809032642858437,4.2580277733789684e-05,not_applicable,,not_applicable,B_best-step_y,B_best,"[1, 2, 3, 4]",,,,,,,,,,,,,
motor1_80,2000,20.0,position_error,20.0,True,False,True,False,full 20 seconds,[],,horizon,0.030653263220333165,0.002614359255227477,0.03076454810931608,0.0233476415615896,0.023171271004229787,0.5234603934520823,0.33239401014259695,3.441753597294236,2.8270925365660236,4.422512078084027,last physics substep of each control interval,1e-12,1e-09,0.0,"[0.0, 0.0, 0.0, 0.0]",0.0,"[0.0, 0.0, 0.0, 0.0]",0.0,"[0.0, 0.0, 0.0, 0.0]",0.0,"[0.0, 0.0, 0.0, 0.0]",0.0,"[0.0, 0.0, 0.0, 0.0]","[0.10464256012092402, 0.09831106140615348, 0.1037914437760013, 0.08512988044242972]","[0.1086105563423146, 0.1144536989386803, 0.10977231155626482, 0.11842195661522502]",1,1,0.0233476415615896,0.12528021560452274,0.004422526654074854,0.00021712320348730234,0.004427853259932528,0.0010606401703781199,0.016651041261347962,0.0004444973274874223,0.00040956385763786025,3.56603086844605e-05,0.0,18.42,True,0.050811231016340726,"[0.015086784719835782, 0.014165771102056864]",0.020694930396078646,0.030653263220333165,0.022612881328050376,0.07516637999257691,-0.0012790582557953476,0.0012790582557953476,0.002614359255227477,0.0022801062022799142,0.007627447052348413,0.03076454810931608,8.673617379884035e-19,-1.6940658945086007e-21,2000,0.01,20.0,0.023171271004229787,0.002864361453623842,0.12480984867737188,0.010845925273909793,4.422512078084027,1.3152136114725395,motor1_80,1,0.8,True,0.6397094999999999,1.0373947,2.104967,0.1,0.19,fault,1,"[0.8000000001018028, 1.0, 1.0, 1.0]",0.0,"[0.0, 0.0, 0.0, 0.0]",0.0,0.0,0.0,3.0638763662875648,5.12,0.1200000000000001,5.01,5.07,0.07000000000000028,0.0,0.0010269591124269027,0.013020157019597552,"[0.0, 0.0, 0.0]",0,0.0,5.0,"[0.003164903291970208, 0.0030293247978471997]",0.004381029739499133,0.004422526654074854,0.0006044174282949377,0.005506071675418821,-0.0002141747601308741,0.0002141747601308741,0.00021712320348730234,3.5660308684460514e-05,0.00028129242448393654,0.004427853259932528,2.064642808932357e-20,3.019209235818551e-23,200,18.01,20.0,0.0010587847013062211,6.270986604692498e-05,0.01663153274482632,0.0008057875929066127,0.0017857683554946147,4.419965367296757e-05,,,,B_best-motor1_80,B_best,"[2, 3, 4]",5.05,0.030808712917186377,0.07131433701890218,0.830808600954227,50,0.015404375734754562,0.050426851301905856,0.8154043044926658,100,1.0180348397614836e-10,1.0180348398328607e-10,0.8000000001018036,200
motor1_70,2000,20.0,position_error,20.0,True,False,True,False,full 20 seconds,[],,horizon,0.05342560612927726,0.004671386665703961,0.053629443812715276,0.04352738392962452,0.04312443922764114,1.0610163506747776,0.5847859597680474,7.183079043866738,5.196585701396357,8.754691177926423,last physics substep of each control interval,1e-12,1e-09,0.0,"[0.0, 0.0, 0.0, 0.0]",0.0,"[0.0, 0.0, 0.0, 0.0]",0.0,"[0.0, 0.0, 0.0, 0.0]",0.0,"[0.0, 0.0, 0.0, 0.0]",0.0,"[0.0, 0.0, 0.0, 0.0]","[0.10318322461010643, 0.09603574942745094, 0.10146834638609968, 0.074488645387126]","[0.10989028291907563, 0.11583543870853644, 0.11351869700639439, 0.12390178392806639]",1,1,0.04352738392962452,0.2189396561385788,0.0075964708784319445,0.0003797861774660778,0.007605958673793783,0.0018220117520653246,0.028602247587734993,0.000767773086645746,0.0006980341170828654,6.200226873136461e-05,0.0,,False,0.08830041880969546,"[0.02599506961737455, 0.024667285178849224]",0.03583599590505089,0.05342560612927726,0.039624194474763105,0.13251790260530835,-0.0025407087308911185,0.0025407087308911185,0.004671386665703961,0.003920032209726143,0.01507529071614322,0.053629443812715276,-3.0357660829594124e-18,-6.776263578034403e-21,2000,0.01,20.0,0.04312443922764114,0.005908967173577826,0.21806011009095758,0.019605137520522255,8.754691177926423,2.1622671111074974,motor1_70,1,0.7,True,0.646342,1.0904165,1.990687,0.1,0.19,fault,1,"[0.7000000001169164, 1.0, 1.0, 1.0]",0.0,"[0.0, 0.0, 0.0, 0.0]",0.0,0.0,0.0,6.031773053227675,5.12,0.1200000000000001,5.01,5.07,0.07000000000000028,0.0,0.0014893485962443878,0.019410873427267685,"[0.0, 0.0, 0.0]",0,0.0,5.0,"[0.0054727977362102375, 0.0051650873762413285]",0.0075252669497949,0.0075964708784319445,0.0010376546348324146,0.00945855887535495,-0.00037469088495246163,0.00037469088495246163,0.0003797861774660778,6.200226873136461e-05,0.0004907591730800576,0.007605958673793783,-3.091670257478196e-20,-5.624828165360588e-23,200,18.01,20.0,0.001818768539569724,0.00010866381244723079,0.02856744744592704,0.0014105011500487124,0.0030884986406592985,6.0873004695778046e-05,,,,B_best-motor1_70,B_best,"[2, 3, 4]",5.05,0.044680292723180595,0.10631773236982814,0.744679950256894,50,0.02234018812865125,0.07517798951913778,0.7223400007816368,100,1.1691477119768477e-10,1.169147712750623e-10,0.7000000001169147,200
motor2_80,2000,20.0,position_error,20.0,True,False,True,False,full 20 seconds,[],,horizon,0.03447271004366729,0.006301052702804798,0.035043844008873844,0.026054552473426765,0.024720371023945403,0.5060228818293646,0.5415452355880741,3.265751337540928,2.6840449607294494,4.226277889323727,last physics substep of each control interval,1e-12,1e-09,0.0,"[0.0, 0.0, 0.0, 0.0]",0.0,"[0.0, 0.0, 0.0, 0.0]",0.0,"[0.0, 0.0, 0.0, 0.0]",0.0,"[0.0, 0.0, 0.0, 0.0]",0.0,"[0.0, 0.0, 0.0, 0.0]","[0.09798486270000635, 0.10150810100142262, 0.08511231586213674, 0.09971208008974064]","[0.11763716913421107, 0.11644077167243844, 0.11971027582909965, 0.11452539160989741]",1,1,0.026054552473426765,0.14260393818690695,0.004648290273465936,0.000571131311283841,0.004683246036791877,0.0012377029983126609,0.017499196914206133,0.00027429483850818483,0.0006371065481178269,0.00012416587974180116,0.0,18.67,True,0.0023649531455818013,"[-0.00882237496555546, 0.021416187608443275]",0.023162197471589326,0.03447271004366729,0.0255319475567741,0.0792199723012146,-0.0035927481481140794,0.0035927481481140794,0.006301052702804798,0.0051764298418646125,0.015262991308516716,0.035043844008873844,-2.0599841277224584e-18,1.0164395367051604e-20,2000,0.01,20.0,0.024720371023945403,0.00823061121843507,0.14011537613494857,0.026524791365382352,4.226277889323727,1.2815142462770845,motor2_80,2,0.8,True,0.6375124999999999,1.04614395,1.781708,0.1,0.19,fault,2,"[1.0, 0.8000000001018033, 1.0, 1.0]",0.0,"[0.0, 0.0, 0.0, 0.0]",0.0,0.0,0.0,3.4563314321892986,5.12,0.1200000000000001,5.01,5.07,0.07000000000000028,0.0,0.0010267743559235383,0.013018683437638621,"[0.0, 0.0, 0.0]",0,0.0,5.0,"[-0.0020349146839946665, 0.0041212355287187944]",0.004596244124751339,0.004648290273465936,0.0006936442979559798,0.005895556626318253,-0.0005574709042064385,0.0005574709042064385,0.000571131311283841,0.00012416587974180106,0.0007958464026788237,0.004683246036791877,-1.334076891925523e-20,2.150669592637872e-22,200,18.01,20.0,0.0012179993543962704,0.00021996882670601104,0.01737696985001396,0.0020646577134884334,0.002222651744443401,4.95680694862124e-05,,,,B_best-motor2_80,B_best,"[1, 3, 4]",5.05,0.030803104380184198,0.07130626587808957,0.8308030366439279,50,0.015401578853036677,0.050421144143509004,0.8154015376907465,100,1.0180481679888942e-10,1.0180481685454288e-10,0.8000000001018048,200
motor2_70,2000,20.0,position_error,20.0,True,False,True,False,full 20 seconds,[],,horizon,0.06001138512494589,0.011018477001405529,0.06101453253156234,0.05243196322861591,0.04965565847842751,1.029580082435878,1.2591611051043026,6.396816620066844,5.632274650973729,8.341125024781725,last physics substep of each control interval,1e-12,1e-09,0.0015,"[0.0, 0.0, 0.0015, 0.0]",0.0,"[0.0, 0.0, 0.0, 0.0]",0.0,"[0.0, 0.0, 0.0, 0.0]",0.0,"[0.0, 0.0, 0.0, 0.0]",0.0,"[0.0, 0.0, 0.0, 0.0]","[0.09719708423940546, 0.09826712890720013, 0.07447327637936964, 0.09717787422623315]","[0.12370374599475514, 0.12190233849132448, 0.12473526615113803, 0.11830625576990515]",1,1,0.05243196322861591,0.2496851479379239,0.00792764173640911,0.0009857726300287716,0.007988695211295114,0.0021139387881454605,0.029848185661905106,0.00047164850425107766,0.0010868766043864988,0.00021338239271842955,0.0,,False,0.0023649531455818013,"[-0.015577753399652148, 0.037171644171957986]",0.040303815345783735,0.06001138512494589,0.04446311744792013,0.14050145511111595,-0.006491005450145854,0.006491005450145854,0.011018477001405529,0.008903577015822338,0.028262172120726126,0.06101453253156234,4.7704895589362195e-18,-3.9302328752599536e-19,2000,0.01,20.0,0.04965565847842751,0.01683527098328687,0.24518236081662115,0.04720469304180624,8.341125024781725,2.124962311975139,motor2_70,2,0.7,True,0.636783,1.0542044000000002,1.771173,0.1,0.19,fault,2,"[1.0, 0.7000000001169095, 1.0, 1.0]",0.03,"[0.0, 0.0, 0.03, 0.0]",0.0,0.0,0.03,5.256544730169465,5.12,0.1200000000000001,5.01,5.07,0.07000000000000028,0.0,0.0014848296053244828,0.019397471993084982,"[0.0, 0.0, 0.0]",0,0.0,5.0,"[-0.0034770385948699072, 0.007025236867602092]",0.007838606409058344,0.00792764173640911,0.0011848008544582524,0.01005564646097961,-0.0009624009728754429,0.0009624009728754429,0.0009857726300287716,0.00021338239271842955,0.0013754003516875946,0.007988695211295114,8.936197593532869e-20,6.617444900424222e-24,200,18.01,20.0,0.0020793029134144655,0.00038109919219543576,0.029634836441207336,0.003562394757806512,0.004656861690072603,0.0004048950677086105,,,,B_best-motor2_70,B_best,"[1, 3, 4]",5.05,0.04454443892095819,0.1062443296916051,0.7445442883434101,50,0.02227227745358938,0.07512608598762183,0.7222721811531746,100,1.1690917844919823e-10,1.1690918237823513e-10,0.7000000001169091,200
motor3_80,2000,20.0,position_error,20.0,True,False,True,False,full 20 seconds,[],,horizon,0.028544218435593006,0.0031498283448727535,0.02871748291025889,0.021868404976239497,0.021619704448623486,0.4650031340408617,0.34519876415515177,2.9718238929807494,2.7683754187033998,4.060635993611687,last physics substep of each control interval,1e-12,1e-09,0.0,"[0.0, 0.0, 0.0, 0.0]",0.0,"[0.0, 0.0, 0.0, 0.0]",0.0,"[0.0, 0.0, 0.0, 0.0]",0.0,"[0.0, 0.0, 0.0, 0.0]",0.0,"[0.0, 0.0, 0.0, 0.0]","[0.10333796459896734, 0.08511594761918029, 0.10206903737117502, 0.09372813775773073]","[0.10921357218702721, 0.11959949083718423, 0.1109757193780986, 0.12502870813803102]",1,1,0.021868404976239497,0.1169579008785824,0.00408585125708626,0.000420240856896426,0.004107405856844246,0.0009988866142413783,0.015430986481266385,0.0003365029771183805,0.0004550956636338215,6.877828251958199e-05,0.0,18.12,True,0.0023649531455818013,"[-0.011399032317473617, -0.015369586560193675]",0.019135363304784523,0.028544218435593006,0.021180422028202243,0.0695101023114807,0.0023137728928858984,0.0023137728928858984,0.0031498283448727535,0.002137258431334468,0.007619729465918379,0.02871748291025889,-1.2468324983583301e-18,-2.1175823681357508e-20,2000,0.01,20.0,0.021619704448623486,0.003288695145340509,0.11623031563689276,0.013025525128477025,4.060635993611687,1.256661580860004,motor3_80,3,0.8,True,0.6410575000000001,1.0141829,1.767385,0.11,0.19,fault,3,"[1.0, 1.0, 0.8000000001018024, 1.0]",0.0,"[0.0, 0.0, 0.0, 0.0]",0.0,0.0,0.0,1.9969545355676757,5.12,0.1200000000000001,5.01,5.08,0.08000000000000007,0.0,0.0011150350380983052,0.013899605100357159,"[0.0, 0.0, 0.0]",0,0.0,5.0,"[-0.0023733545298410645, -0.0032773499132757295]",0.0040464594620934395,0.00408585125708626,0.0005659914457550058,0.005100650354885146,0.00041457439098272706,0.00041457439098272706,0.000420240856896426,6.877828251958197e-05,0.0005443195789160971,0.004107405856844246,-2.117582368135751e-22,-1.075334796318936e-22,200,18.01,20.0,0.000991525102409415,0.00012104726102891793,0.015351937909248535,0.0015599186567265724,0.0018798135631914886,3.977967361721231e-05,,,,B_best-motor3_80,B_best,"[1, 2, 4]",5.0600000000000005,0.033450892077950545,0.07613127253868612,0.833450866294949,50,0.016725498474682805,0.05383293907253409,0.8167254111901527,100,1.0180210840982085e-10,1.0180210842043325e-10,0.8000000001018022,200
motor3_70,2000,20.0,position_error,20.0,True,False,True,False,full 20 seconds,[],,horizon,0.04951660368235377,0.0053853311004983225,0.04980859194252821,0.04176767840676978,0.04108507278691558,0.9331000052593593,0.701054777407691,5.473501732998786,5.456071694552526,7.722517224089148,last physics substep of each control interval,1e-12,1e-09,0.0015,"[0.0, 0.0015, 0.0, 0.0]",0.0,"[0.0, 0.0, 0.0, 0.0]",0.0,"[0.0, 0.0, 0.0, 0.0]",0.0,"[0.0, 0.0, 0.0, 0.0]",0.0,"[0.0, 0.0, 0.0, 0.0]","[0.10150841736030043, 0.07447645416678275, 0.1001817671074236, 0.08690556945390185]","[0.1154589984587593, 0.12764792144613996, 0.11476689898305881, 0.13457769105312617]",1,1,0.04176767840676978,0.20361401510218904,0.006988532626198579,0.00073609988621409,0.00702719227785368,0.0017113545665171687,0.026397841401585593,0.0005708938392810862,0.0007831476435529142,0.00012027354277352947,0.0,,False,0.0023649531455818013,"[-0.01986467641832501, -0.026542979178452972]",0.033153206675562256,0.04951660368235377,0.036779871225478045,0.12165231830303046,0.003706809037307533,0.003706809037307533,0.0053853311004983225,0.003906578787498049,0.013759188161392766,0.04980859194252821,-2.168404344971009e-18,-6.437450399132683e-20,2000,0.01,20.0,0.04108507278691558,0.007520355948038005,0.2023303536593218,0.02282750827681867,7.722517224089148,2.049185819486937,motor3_70,3,0.7,True,0.6423925,1.0135619,2.095702,0.1,0.19,fault,3,"[1.0, 1.0, 0.7000000001169129, 1.0]",0.03,"[0.0, 0.03, 0.0, 0.0]",0.0,0.0,0.03,4.149607796038535,5.13,0.1299999999999999,5.01,5.07,0.07000000000000028,0.0,0.0015039839120934292,0.01946466493907836,"[0.0, 0.0, 0.0]",0,0.0,5.0,"[-0.0040228148904034875, -0.005631812196589867]",0.0069210077488838576,0.006988532626198579,0.0009691439559382192,0.008726895576539917,0.0007262074892157888,0.0007262074892157888,0.00073609988621409,0.00012027354277352944,0.0009532218763368405,0.00702719227785368,1.3234889800848443e-20,1.5881867761018131e-22,200,18.01,20.0,0.001698198290953236,0.00021179475192429527,0.026256025406528542,0.002732610567752764,0.0031116759455033036,5.61347288358882e-05,,,,B_best-motor3_70,B_best,"[1, 2, 4]",5.05,0.04511927477922814,0.10661236061394656,0.7451192583528804,50,0.022559716964969657,0.0753863231485413,0.7225596190096834,100,1.1691256462942333e-10,1.169125646549023e-10,0.7000000001169124,200
motor4_80,2000,20.0,position_error,20.0,True,False,True,False,full 20 seconds,[],,horizon,0.03385777540848298,0.012089362270533767,0.03595137877355305,0.026734883917354315,0.023428201270880942,0.4721374562855578,0.4675141292391985,3.0685016589268437,2.542245107798304,3.8446965002167874,last physics substep of each control interval,1e-12,1e-09,0.0,"[0.0, 0.0, 0.0, 0.0]",0.0,"[0.0, 0.0, 0.0, 0.0]",0.0,"[0.0, 0.0, 0.0, 0.0]",0.0,"[0.0, 0.0, 0.0, 0.0]",0.0,"[0.0, 0.0, 0.0, 0.0]","[0.08512616234135734, 0.09510633813027723, 0.08566638850709997, 0.09501098295360816]","[0.11237623199874783, 0.11252343450428932, 0.1186936358066651, 0.11449472563256882]",1,1,0.026734883917354315,0.1462985800309871,0.004352871193605761,0.002202605882898513,0.0048784178073943175,0.0012320066481709441,0.018293660099975653,0.00025051740021590644,0.0006116034381810981,0.00023455234500180245,0.0,18.830000000000002,True,0.03819057252313558,"[0.009284462283655953, -0.021051748295211364]",0.023008201715509286,0.03385777540848298,0.02483891320951284,0.07889127906500049,-0.007399512506528266,0.007399512506528266,0.012089362270533767,0.009560329218909654,0.0392185277696645,0.03595137877355305,-6.505213034913027e-19,-5.421010862427522e-19,2000,0.01,20.0,0.023428201270880942,0.012879184884359065,0.13746628035552125,0.0500629232496503,3.8446965002167874,1.2353320015737566,motor4_80,4,0.8,True,0.632207,1.0205877499999996,1.925319,0.11,0.19,fault,4,"[1.0, 1.0, 1.0, 0.8000000001018073]",0.0,"[0.0, 0.0, 0.0, 0.0]",0.0,0.0,0.0,5.1898818172574375,5.12,0.1200000000000001,5.01,5.08,0.08000000000000007,0.0,0.0011351060496438733,0.013945379059474905,"[0.0, 0.0, 0.0]",0,0.0,5.0,"[0.0017675201901766798, -0.003922568325986781]",0.004302402804796054,0.004352871193605761,0.0006609218814700243,0.005544958221787064,-0.002190081704602204,0.002190081704602204,0.002202605882898513,0.0002345523450018025,0.002617080160692953,0.0048784178073943175,1.8317087484374245e-20,-1.7139182292098733e-21,200,18.01,20.0,0.0011622942709279393,0.00040854915115013366,0.016250112344956883,0.008401895537896272,0.0026408006946657234,0.00013239431403949204,,,,B_best-motor4_80,B_best,"[1, 2, 3]",5.0600000000000005,0.03405294022338215,0.07638198683807645,0.8340527847119632,50,0.01702654290990294,0.05401022085387541,0.8170263527325041,100,1.0180555898298138e-10,1.0180555916101524e-10,0.8000000001018057,200
motor4_70,2000,20.0,position_error,20.0,True,False,True,False,full 20 seconds,[],,horizon,0.05928634887038079,0.02138343950232509,0.06302477804268808,0.05157101540272332,0.045833132669807146,0.9471238111932078,0.9784953295528187,5.441098308122768,4.551424528652866,6.885303078903267,last physics substep of each control interval,1e-12,1e-09,0.0,"[0.0, 0.0, 0.0, 0.0]",0.0,"[0.0, 0.0, 0.0, 0.0]",0.0,"[0.0, 0.0, 0.0, 0.0]",0.0,"[0.0, 0.0, 0.0, 0.0]",0.0,"[0.0, 0.0, 0.0, 0.0]","[0.07448539204868765, 0.08745628815136813, 0.07488565566611592, 0.08812880369842244]","[0.11467344170047239, 0.11565039606296218, 0.12322708023207841, 0.11748417139108752]",1,1,0.05157101540272332,0.25737728911270796,0.007468631802096493,0.003843687997779117,0.008399666565975007,0.002226965912596768,0.03149533557601934,0.0004345580032068056,0.0010385976655390638,0.00040622872773335054,0.0,,False,0.06916871713515892,"[0.01599263729992705, -0.03660491482733254]",0.03994601653886514,0.05928634887038079,0.04380852571198004,0.14066636915857583,-0.013259917654656566,0.013259917654656566,0.02138343950232509,0.01677575836560975,0.07159202495656558,0.06302477804268808,-2.3852447794681098e-18,-1.4094628242311558e-18,2000,0.01,20.0,0.045833132669807146,0.023640930170781844,0.2415816796834061,0.0887770296436563,6.885303078903267,1.9640854594850254,motor4_70,4,0.7,True,0.635088,1.00186505,1.712252,0.11,0.19,fault,4,"[1.0, 1.0, 1.0, 0.7000000001162003]",0.0,"[0.0, 0.0, 0.0, 0.0]",0.0,0.0,0.0,8.387396246904808,5.13,0.1299999999999999,5.01,5.08,0.08000000000000007,0.0,0.0016726484216309752,0.020856401157782794,"[0.0, 0.0, 0.0]",0,0.0,5.0,"[0.003048902951695925, -0.006724368075694006]",0.007383287562209184,0.007468631802096493,0.0011258444692826266,0.009550395302843195,-0.003822161122327966,0.003822161122327966,0.003843687997779117,0.0004062287277333506,0.004544957274718597,0.008399666565975007,-9.317362419797304e-21,2.6469779601696886e-21,200,18.01,20.0,0.0021100075166529727,0.0007122116648412267,0.027870177321068012,0.014670016330539512,0.0384150880571289,0.004369290880216818,,,,B_best-motor4_70,B_best,"[1, 2, 3]",5.0600000000000005,0.05017898281654379,0.11423521382456568,0.7501787254460119,50,0.025089591803251984,0.08077649434585746,0.725089369718562,100,1.17653836118059e-10,1.1775989553000927e-10,0.7000000001176538,200
