condition,label,completed,end_reason,actual_duration_sec,recovery_xy_s,recovery_z_s,recovery_3d_s,settling_time_s,common_gain,baseline60_offset_xy_m,baseline60_mean_error_z_m,baseline60_offset_z_abs_m,baseline60_sway_xy_rms_m,baseline60_sway_z_rms_m,baseline60_rmse_xy_m,baseline60_rmse_z_m,integral20_offset_xy_m,integral20_mean_error_z_m,integral20_offset_z_abs_m,integral20_sway_xy_rms_m,integral20_sway_z_rms_m,integral20_rmse_xy_m,integral20_rmse_z_m,integral60_offset_xy_m,integral60_mean_error_z_m,integral60_offset_z_abs_m,integral60_sway_xy_rms_m,integral60_sway_z_rms_m,integral60_rmse_xy_m,integral60_rmse_z_m,allocator_clip_s,freeze_s,longest_freeze_s,xy_offset_reduction_fraction,z_offset_reduction_fraction
nominal,A_best,True,horizon,60.0,,,,0.0,integral_020,0.001940712865766943,0.0013277906302989174,0.0013277906302989174,7.807473279546274e-09,9.768102348287492e-10,0.0019407128657826474,0.0013277906302992767,3.0785283256488344e-05,2.25420362595774e-05,2.25420362595774e-05,4.223298144536367e-06,3.0413771967107124e-06,3.107362084469504e-05,2.274628264092342e-05,2.8919168842672224e-09,1.644509729503696e-09,1.644509729503696e-09,6.885235023054633e-09,8.859803820528677e-10,7.467907644595507e-09,1.867986479558901e-09,0.0,0.0,0.0,0.9999985098687522,0.9999987614690962
nominal,B_best,True,horizon,60.0,,,,0.0,integral_020,0.0016481483379844764,0.0017659352567087748,0.0017659352567087748,2.5955038898424892e-09,7.289922691272491e-10,0.0016481483379865193,0.001765935256708925,2.039362531645022e-05,2.3056487946169212e-05,2.3056487946169212e-05,2.739164655383894e-06,3.126468607180018e-06,2.0576758164420934e-05,2.3267497552670505e-05,2.7048511271674107e-09,2.3209898514231496e-09,2.3209898514231496e-09,2.144581019845166e-09,1.9512509863889723e-09,3.451875920542183e-09,3.032222667004052e-09,0.0,0.0,0.0,0.9999983588545613,0.999998685688027
centered_payload,A_best,True,horizon,60.0,,,,7.76,integral_020,0.009325352632170995,-0.020638146684119195,0.020638146684119195,7.448638193649657e-09,7.218044418273645e-10,0.00932535263217397,0.02063814668411922,0.00013321925960866143,-0.0003736012773637537,0.0003736012773637537,1.939775977563488e-05,4.805672624250525e-05,0.00013462408482509055,0.00037667939070909555,1.8837377749934153e-09,-4.202602230773955e-08,4.202602230773955e-08,6.568060974607065e-09,5.594814582985796e-09,6.832853940418563e-09,4.2396798242657596e-08,0.0,0.0,0.0,0.999999797998226,0.9999979636726616
centered_payload,B_best,True,horizon,60.0,,,,7.53,integral_020,0.00588062009921355,-0.02052900432795636,0.02052900432795636,5.2369489176340665e-09,1.7268885727487458e-09,0.0058806200992158825,0.020529004327956443,6.0437852394630815e-05,-0.00037810517882480853,0.00037810517882480853,1.0040859419129338e-05,4.862047505937098e-05,6.126624568185895e-05,0.00038121841095248716,9.768183502519434e-09,-4.4041893387247734e-08,4.4041893387247734e-08,5.092591851639262e-09,5.729255559202384e-09,1.1015983873729826e-08,4.441297943615522e-08,0.0,0.0,0.0,0.9999983389194783,0.9999978546502946
offset_payload,A_best,True,horizon,60.0,,,,12.97,integral_020,0.0718724979112614,-0.018575539226715967,0.018575539226715967,6.1741004573009196e-09,8.712260030249434e-10,0.07187249791126167,0.018575539226715985,0.0011664342095819623,-0.00047295360698588416,0.00047295360698588416,0.0001583106838359426,5.2007655282726035e-05,0.001177128301375725,0.0004758044877562265,8.327557124746331e-08,-1.0856616187049361e-07,1.0856616187049361e-07,1.2178655596412508e-08,1.4030008311032571e-08,8.416139506167523e-08,1.0946895741029907e-07,0.0,0.0,0.0,0.9999988413430217,0.9999941554234014
offset_payload,B_best,True,horizon,60.0,,,,13.5,integral_020,0.081080649438646,-0.03303955294401936,0.03303955294401936,5.2032228401195164e-09,1.2873455161153684e-09,0.08108064943864618,0.03303955294401936,0.0011505312053382874,-0.0007379125590102376,0.0007379125590102376,0.00016482073184449176,8.750136562123393e-05,0.0011622770444704332,0.0007430823869064711,6.292527749369672e-08,-1.1224248251340274e-07,1.1224248251340274e-07,8.140747915601671e-09,1.4547931179934481e-08,6.344968340570426e-08,1.1318134644183924e-07,0.0,0.0,0.0,0.999999223917446,0.9999966027844656
motor_80,A_best,True,horizon,60.0,11.969999999999999,4.77,11.969999999999999,16.97,integral_020,0.05807432061625702,0.00483153057309217,0.00483153057309217,7.689496283908463e-09,6.739811625783309e-10,0.05807432061625752,0.0048315305730922175,0.003150912545452935,-1.6091734153208524e-05,1.6091734153208524e-05,0.0004174330884941478,3.842273338674819e-05,0.003178443054777364,4.1656336240320894e-05,2.8050521802618897e-07,-2.716660506207891e-07,2.716660506207891e-07,4.077492471492098e-08,3.275772586901491e-08,2.834532974326234e-07,2.7363390079448615e-07,0.0,0.0,0.0,0.9999951698923888,0.9999437722588089
motor_80,B_best,True,horizon,60.0,13.760000000000002,2.13,13.8,18.8,integral_020,0.10009070727645372,-0.006459154788111032,0.006459154788111032,4.642665956652423e-09,1.0870392607195243e-09,0.10009070727645386,0.006459154788111124,0.004732779340360645,-0.0007286494488878053,0.0007286494488878053,0.0007185038428830087,4.078602576704471e-05,0.004787008257438272,0.0007297900514958891,1.0537859755170037e-07,-3.2006435500386844e-07,3.2006435500386844e-07,1.7036547908277344e-08,3.9690648146682305e-08,1.0674686312297078e-07,3.225159513796892e-07,0.0,0.0,0.0,0.9999989471690188,0.9999504479509311
motor_70,A_best,True,horizon,60.0,14.3,6.34,14.3,19.3,integral_020,0.10031868570079965,0.0072169756355942236,0.0072169756355942236,1.0835043029122268e-08,1.678157255223611e-09,0.10031868570080026,0.00721697563559442,0.005399580129727502,-4.991294825079762e-05,4.991294825079762e-05,0.000713048655797718,6.378805714740414e-05,0.005446457928129347,8.099517663248408e-05,4.7665592069544e-07,-4.694974669650076e-07,4.694974669650076e-07,6.677877625240759e-08,5.681372482408215e-08,4.81310992697847e-07,4.729224786526274e-07,0.0,0.0,0.0,0.99999524858288,0.999934945399476
motor_70,B_best,True,horizon,60.0,15.830000000000002,2.54,15.91,20.91,integral_020,0.17311694009790315,-0.01280672068552901,0.01280672068552901,4.0814937264480625e-09,1.4316340441512855e-09,0.17311694009790318,0.012806720685529085,0.008168321543528066,-0.0012915204589802893,0.0012915204589802893,0.0012400623027478774,7.492810832566801e-05,0.008261914508947733,0.001293692126196152,1.8199160189782243e-07,-5.586655000772156e-07,5.586655000772156e-07,3.040299007459024e-08,7.108103086083896e-08,1.8451364439198288e-07,5.631692941955951e-07,0.0,0.0,0.0,0.999998948736029,0.9999563771621327
combined_80,A_best,True,horizon,60.0,13.900000000000002,1.6100000000000003,13.920000000000002,18.92,integral_020,0.1374378772531151,-0.014986869902928383,0.014986869902928383,7.912806125226303e-09,8.166455453503428e-10,0.13743787725311532,0.01498686990292841,0.004910320348167348,-0.0005588666304280277,0.0005588666304280277,0.000653583065552963,1.3509736569318409e-05,0.004953626625534457,0.0005590298950755229,4.1191685023931487e-07,-4.5344909142264187e-07,4.5344909142264187e-07,5.8268155041175326e-08,5.461783057577758e-08,4.1601763112034186e-07,4.567265986657925e-07,0.0,0.0,0.0,0.9999970028869881,0.9999697435759195
combined_80,B_best,True,horizon,60.0,14.98,4.040000000000001,15.14,20.14,integral_020,0.18669392798113865,-0.04436593246848785,0.04436593246848785,5.519383768018832e-09,1.6445897457269232e-09,0.1866939279811387,0.044365932468487884,0.006523358202409033,-0.001729337915971751,0.001729337915971751,0.0009898277426366082,0.0001497417568298469,0.006598027068528157,0.0017358088089867523,1.6439774450683872e-07,-5.187519960003773e-07,5.187519960003773e-07,2.503265257469445e-08,6.634218227515733e-08,1.6629266999438418e-07,5.229769770299698e-07,0.0,0.0,0.0,0.9999991194263986,0.9999883074249286
combined_70,A_best,True,horizon,60.0,15.93,5.26,15.990000000000002,20.990000000000002,integral_020,0.19061304030409348,-0.012762833246414132,0.012762833246414132,5.898959960488908e-09,1.7489623262248366e-09,0.19061304030409354,0.012762833246414251,0.007934516749130458,-0.0008852172258629987,0.0008852172258629987,0.0010502434274610355,2.7231819300971766e-05,0.008003722090325032,0.0008856359912215763,6.597770190978559e-07,-7.380494728731479e-07,7.380494728731479e-07,9.181226762701682e-08,8.967237433939586e-08,6.661345265158286e-07,7.434770737070486e-07,0.51,0.51,0.3,0.9999965386574914,0.9999421719724277
combined_70,B_best,True,horizon,60.0,16.990000000000002,5.08,17.2,22.2,integral_020,0.2774855909257868,-0.05365206209346394,0.05365206209346394,2.1300958565921744e-09,1.105107573159602e-09,0.2774855909257867,0.053652062093463966,0.011078429379983067,-0.0026974945368639226,0.0026974945368639226,0.0016826374736943065,0.00022321412121042305,0.011205483764441072,0.0027067141186904935,2.7871628784694345e-07,-8.58867763968707e-07,8.58867763968707e-07,4.6335231201945044e-08,1.0946772709634496e-07,2.825415416566526e-07,8.658158113942287e-07,0.29,0.29,0.17,0.9999989955648259,0.9999839918964816
