label,condition,gain,completed,actual_duration_sec,end_reason,integral_frozen,interval_allocator_clipping,interval_esc_boundary,interval_action_boundary,integral_xy_at_limit,integral_z_at_limit,integral_xy_projected,integral_z_projected,xi_final_m,xi_max_xy_norm_m,xi_max_abs_z_m
A_best,nominal,no_integral,True,60.0,horizon,"{""duration_s_per_channel"": [0.0], ""longest_continuous_s_per_channel"": [0.0], ""duration_any_s"": 0.0}","{""duration_s_per_channel"": [0.0], ""longest_continuous_s_per_channel"": [0.0], ""duration_any_s"": 0.0}","{""duration_s_per_channel"": [0.0], ""longest_continuous_s_per_channel"": [0.0], ""duration_any_s"": 0.0}","{""duration_s_per_channel"": [0.0], ""longest_continuous_s_per_channel"": [0.0], ""duration_any_s"": 0.0}","{""duration_s_per_channel"": [0.0], ""longest_continuous_s_per_channel"": [0.0], ""duration_any_s"": 0.0}","{""duration_s_per_channel"": [0.0], ""longest_continuous_s_per_channel"": [0.0], ""duration_any_s"": 0.0}","{""duration_s_per_channel"": [0.0], ""longest_continuous_s_per_channel"": [0.0], ""duration_any_s"": 0.0}","{""duration_s_per_channel"": [0.0], ""longest_continuous_s_per_channel"": [0.0], ""duration_any_s"": 0.0}","[0.0, 0.0, 0.0]",0.0,0.0
B_best,nominal,no_integral,True,60.0,horizon,"{""duration_s_per_channel"": [0.0], ""longest_continuous_s_per_channel"": [0.0], ""duration_any_s"": 0.0}","{""duration_s_per_channel"": [0.0], ""longest_continuous_s_per_channel"": [0.0], ""duration_any_s"": 0.0}","{""duration_s_per_channel"": [0.0], ""longest_continuous_s_per_channel"": [0.0], ""duration_any_s"": 0.0}","{""duration_s_per_channel"": [0.0], ""longest_continuous_s_per_channel"": [0.0], ""duration_any_s"": 0.0}","{""duration_s_per_channel"": [0.0], ""longest_continuous_s_per_channel"": [0.0], ""duration_any_s"": 0.0}","{""duration_s_per_channel"": [0.0], ""longest_continuous_s_per_channel"": [0.0], ""duration_any_s"": 0.0}","{""duration_s_per_channel"": [0.0], ""longest_continuous_s_per_channel"": [0.0], ""duration_any_s"": 0.0}","{""duration_s_per_channel"": [0.0], ""longest_continuous_s_per_channel"": [0.0], ""duration_any_s"": 0.0}","[0.0, 0.0, 0.0]",0.0,0.0
A_best,centered_payload,no_integral,True,60.0,horizon,"{""duration_s_per_channel"": [0.0], ""longest_continuous_s_per_channel"": [0.0], ""duration_any_s"": 0.0}","{""duration_s_per_channel"": [0.0], ""longest_continuous_s_per_channel"": [0.0], ""duration_any_s"": 0.0}","{""duration_s_per_channel"": [0.0], ""longest_continuous_s_per_channel"": [0.0], ""duration_any_s"": 0.0}","{""duration_s_per_channel"": [0.0], ""longest_continuous_s_per_channel"": [0.0], ""duration_any_s"": 0.0}","{""duration_s_per_channel"": [0.0], ""longest_continuous_s_per_channel"": [0.0], ""duration_any_s"": 0.0}","{""duration_s_per_channel"": [0.0], ""longest_continuous_s_per_channel"": [0.0], ""duration_any_s"": 0.0}","{""duration_s_per_channel"": [0.0], ""longest_continuous_s_per_channel"": [0.0], ""duration_any_s"": 0.0}","{""duration_s_per_channel"": [0.0], ""longest_continuous_s_per_channel"": [0.0], ""duration_any_s"": 0.0}","[0.0, 0.0, 0.0]",0.0,0.0
B_best,centered_payload,no_integral,True,60.0,horizon,"{""duration_s_per_channel"": [0.0], ""longest_continuous_s_per_channel"": [0.0], ""duration_any_s"": 0.0}","{""duration_s_per_channel"": [0.0], ""longest_continuous_s_per_channel"": [0.0], ""duration_any_s"": 0.0}","{""duration_s_per_channel"": [0.0], ""longest_continuous_s_per_channel"": [0.0], ""duration_any_s"": 0.0}","{""duration_s_per_channel"": [0.0], ""longest_continuous_s_per_channel"": [0.0], ""duration_any_s"": 0.0}","{""duration_s_per_channel"": [0.0], ""longest_continuous_s_per_channel"": [0.0], ""duration_any_s"": 0.0}","{""duration_s_per_channel"": [0.0], ""longest_continuous_s_per_channel"": [0.0], ""duration_any_s"": 0.0}","{""duration_s_per_channel"": [0.0], ""longest_continuous_s_per_channel"": [0.0], ""duration_any_s"": 0.0}","{""duration_s_per_channel"": [0.0], ""longest_continuous_s_per_channel"": [0.0], ""duration_any_s"": 0.0}","[0.0, 0.0, 0.0]",0.0,0.0
A_best,offset_payload,no_integral,True,60.0,horizon,"{""duration_s_per_channel"": [0.0], ""longest_continuous_s_per_channel"": [0.0], ""duration_any_s"": 0.0}","{""duration_s_per_channel"": [0.0], ""longest_continuous_s_per_channel"": [0.0], ""duration_any_s"": 0.0}","{""duration_s_per_channel"": [0.0], ""longest_continuous_s_per_channel"": [0.0], ""duration_any_s"": 0.0}","{""duration_s_per_channel"": [0.0], ""longest_continuous_s_per_channel"": [0.0], ""duration_any_s"": 0.0}","{""duration_s_per_channel"": [0.0], ""longest_continuous_s_per_channel"": [0.0], ""duration_any_s"": 0.0}","{""duration_s_per_channel"": [0.0], ""longest_continuous_s_per_channel"": [0.0], ""duration_any_s"": 0.0}","{""duration_s_per_channel"": [0.0], ""longest_continuous_s_per_channel"": [0.0], ""duration_any_s"": 0.0}","{""duration_s_per_channel"": [0.0], ""longest_continuous_s_per_channel"": [0.0], ""duration_any_s"": 0.0}","[0.0, 0.0, 0.0]",0.0,0.0
B_best,offset_payload,no_integral,True,60.0,horizon,"{""duration_s_per_channel"": [0.0], ""longest_continuous_s_per_channel"": [0.0], ""duration_any_s"": 0.0}","{""duration_s_per_channel"": [0.0], ""longest_continuous_s_per_channel"": [0.0], ""duration_any_s"": 0.0}","{""duration_s_per_channel"": [0.0], ""longest_continuous_s_per_channel"": [0.0], ""duration_any_s"": 0.0}","{""duration_s_per_channel"": [0.0], ""longest_continuous_s_per_channel"": [0.0], ""duration_any_s"": 0.0}","{""duration_s_per_channel"": [0.0], ""longest_continuous_s_per_channel"": [0.0], ""duration_any_s"": 0.0}","{""duration_s_per_channel"": [0.0], ""longest_continuous_s_per_channel"": [0.0], ""duration_any_s"": 0.0}","{""duration_s_per_channel"": [0.0], ""longest_continuous_s_per_channel"": [0.0], ""duration_any_s"": 0.0}","{""duration_s_per_channel"": [0.0], ""longest_continuous_s_per_channel"": [0.0], ""duration_any_s"": 0.0}","[0.0, 0.0, 0.0]",0.0,0.0
A_best,motor_80,no_integral,True,60.0,horizon,"{""duration_s_per_channel"": [0.0], ""longest_continuous_s_per_channel"": [0.0], ""duration_any_s"": 0.0}","{""duration_s_per_channel"": [0.0], ""longest_continuous_s_per_channel"": [0.0], ""duration_any_s"": 0.0}","{""duration_s_per_channel"": [0.0], ""longest_continuous_s_per_channel"": [0.0], ""duration_any_s"": 0.0}","{""duration_s_per_channel"": [0.0], ""longest_continuous_s_per_channel"": [0.0], ""duration_any_s"": 0.0}","{""duration_s_per_channel"": [0.0], ""longest_continuous_s_per_channel"": [0.0], ""duration_any_s"": 0.0}","{""duration_s_per_channel"": [0.0], ""longest_continuous_s_per_channel"": [0.0], ""duration_any_s"": 0.0}","{""duration_s_per_channel"": [0.0], ""longest_continuous_s_per_channel"": [0.0], ""duration_any_s"": 0.0}","{""duration_s_per_channel"": [0.0], ""longest_continuous_s_per_channel"": [0.0], ""duration_any_s"": 0.0}","[0.0, 0.0, 0.0]",0.0,0.0
B_best,motor_80,no_integral,True,60.0,horizon,"{""duration_s_per_channel"": [0.0], ""longest_continuous_s_per_channel"": [0.0], ""duration_any_s"": 0.0}","{""duration_s_per_channel"": [0.0], ""longest_continuous_s_per_channel"": [0.0], ""duration_any_s"": 0.0}","{""duration_s_per_channel"": [0.0], ""longest_continuous_s_per_channel"": [0.0], ""duration_any_s"": 0.0}","{""duration_s_per_channel"": [0.0], ""longest_continuous_s_per_channel"": [0.0], ""duration_any_s"": 0.0}","{""duration_s_per_channel"": [0.0], ""longest_continuous_s_per_channel"": [0.0], ""duration_any_s"": 0.0}","{""duration_s_per_channel"": [0.0], ""longest_continuous_s_per_channel"": [0.0], ""duration_any_s"": 0.0}","{""duration_s_per_channel"": [0.0], ""longest_continuous_s_per_channel"": [0.0], ""duration_any_s"": 0.0}","{""duration_s_per_channel"": [0.0], ""longest_continuous_s_per_channel"": [0.0], ""duration_any_s"": 0.0}","[0.0, 0.0, 0.0]",0.0,0.0
A_best,motor_70,no_integral,True,60.0,horizon,"{""duration_s_per_channel"": [0.0], ""longest_continuous_s_per_channel"": [0.0], ""duration_any_s"": 0.0}","{""duration_s_per_channel"": [0.0], ""longest_continuous_s_per_channel"": [0.0], ""duration_any_s"": 0.0}","{""duration_s_per_channel"": [0.0], ""longest_continuous_s_per_channel"": [0.0], ""duration_any_s"": 0.0}","{""duration_s_per_channel"": [0.0], ""longest_continuous_s_per_channel"": [0.0], ""duration_any_s"": 0.0}","{""duration_s_per_channel"": [0.0], ""longest_continuous_s_per_channel"": [0.0], ""duration_any_s"": 0.0}","{""duration_s_per_channel"": [0.0], ""longest_continuous_s_per_channel"": [0.0], ""duration_any_s"": 0.0}","{""duration_s_per_channel"": [0.0], ""longest_continuous_s_per_channel"": [0.0], ""duration_any_s"": 0.0}","{""duration_s_per_channel"": [0.0], ""longest_continuous_s_per_channel"": [0.0], ""duration_any_s"": 0.0}","[0.0, 0.0, 0.0]",0.0,0.0
B_best,motor_70,no_integral,True,60.0,horizon,"{""duration_s_per_channel"": [0.0], ""longest_continuous_s_per_channel"": [0.0], ""duration_any_s"": 0.0}","{""duration_s_per_channel"": [0.0], ""longest_continuous_s_per_channel"": [0.0], ""duration_any_s"": 0.0}","{""duration_s_per_channel"": [0.0], ""longest_continuous_s_per_channel"": [0.0], ""duration_any_s"": 0.0}","{""duration_s_per_channel"": [0.0], ""longest_continuous_s_per_channel"": [0.0], ""duration_any_s"": 0.0}","{""duration_s_per_channel"": [0.0], ""longest_continuous_s_per_channel"": [0.0], ""duration_any_s"": 0.0}","{""duration_s_per_channel"": [0.0], ""longest_continuous_s_per_channel"": [0.0], ""duration_any_s"": 0.0}","{""duration_s_per_channel"": [0.0], ""longest_continuous_s_per_channel"": [0.0], ""duration_any_s"": 0.0}","{""duration_s_per_channel"": [0.0], ""longest_continuous_s_per_channel"": [0.0], ""duration_any_s"": 0.0}","[0.0, 0.0, 0.0]",0.0,0.0
A_best,combined_80,no_integral,True,60.0,horizon,"{""duration_s_per_channel"": [0.0], ""longest_continuous_s_per_channel"": [0.0], ""duration_any_s"": 0.0}","{""duration_s_per_channel"": [0.0], ""longest_continuous_s_per_channel"": [0.0], ""duration_any_s"": 0.0}","{""duration_s_per_channel"": [0.0], ""longest_continuous_s_per_channel"": [0.0], ""duration_any_s"": 0.0}","{""duration_s_per_channel"": [0.0], ""longest_continuous_s_per_channel"": [0.0], ""duration_any_s"": 0.0}","{""duration_s_per_channel"": [0.0], ""longest_continuous_s_per_channel"": [0.0], ""duration_any_s"": 0.0}","{""duration_s_per_channel"": [0.0], ""longest_continuous_s_per_channel"": [0.0], ""duration_any_s"": 0.0}","{""duration_s_per_channel"": [0.0], ""longest_continuous_s_per_channel"": [0.0], ""duration_any_s"": 0.0}","{""duration_s_per_channel"": [0.0], ""longest_continuous_s_per_channel"": [0.0], ""duration_any_s"": 0.0}","[0.0, 0.0, 0.0]",0.0,0.0
B_best,combined_80,no_integral,True,60.0,horizon,"{""duration_s_per_channel"": [0.0], ""longest_continuous_s_per_channel"": [0.0], ""duration_any_s"": 0.0}","{""duration_s_per_channel"": [0.0], ""longest_continuous_s_per_channel"": [0.0], ""duration_any_s"": 0.0}","{""duration_s_per_channel"": [0.0], ""longest_continuous_s_per_channel"": [0.0], ""duration_any_s"": 0.0}","{""duration_s_per_channel"": [0.0], ""longest_continuous_s_per_channel"": [0.0], ""duration_any_s"": 0.0}","{""duration_s_per_channel"": [0.0], ""longest_continuous_s_per_channel"": [0.0], ""duration_any_s"": 0.0}","{""duration_s_per_channel"": [0.0], ""longest_continuous_s_per_channel"": [0.0], ""duration_any_s"": 0.0}","{""duration_s_per_channel"": [0.0], ""longest_continuous_s_per_channel"": [0.0], ""duration_any_s"": 0.0}","{""duration_s_per_channel"": [0.0], ""longest_continuous_s_per_channel"": [0.0], ""duration_any_s"": 0.0}","[0.0, 0.0, 0.0]",0.0,0.0
A_best,combined_70,no_integral,True,60.0,horizon,"{""duration_s_per_channel"": [0.0], ""longest_continuous_s_per_channel"": [0.0], ""duration_any_s"": 0.0}","{""duration_s_per_channel"": [0.52], ""longest_continuous_s_per_channel"": [0.3], ""duration_any_s"": 0.52}","{""duration_s_per_channel"": [0.0], ""longest_continuous_s_per_channel"": [0.0], ""duration_any_s"": 0.0}","{""duration_s_per_channel"": [0.0], ""longest_continuous_s_per_channel"": [0.0], ""duration_any_s"": 0.0}","{""duration_s_per_channel"": [0.0], ""longest_continuous_s_per_channel"": [0.0], ""duration_any_s"": 0.0}","{""duration_s_per_channel"": [0.0], ""longest_continuous_s_per_channel"": [0.0], ""duration_any_s"": 0.0}","{""duration_s_per_channel"": [0.0], ""longest_continuous_s_per_channel"": [0.0], ""duration_any_s"": 0.0}","{""duration_s_per_channel"": [0.0], ""longest_continuous_s_per_channel"": [0.0], ""duration_any_s"": 0.0}","[0.0, 0.0, 0.0]",0.0,0.0
B_best,combined_70,no_integral,True,60.0,horizon,"{""duration_s_per_channel"": [0.0], ""longest_continuous_s_per_channel"": [0.0], ""duration_any_s"": 0.0}","{""duration_s_per_channel"": [0.29], ""longest_continuous_s_per_channel"": [0.17], ""duration_any_s"": 0.29}","{""duration_s_per_channel"": [0.0], ""longest_continuous_s_per_channel"": [0.0], ""duration_any_s"": 0.0}","{""duration_s_per_channel"": [0.0], ""longest_continuous_s_per_channel"": [0.0], ""duration_any_s"": 0.0}","{""duration_s_per_channel"": [0.0], ""longest_continuous_s_per_channel"": [0.0], ""duration_any_s"": 0.0}","{""duration_s_per_channel"": [0.0], ""longest_continuous_s_per_channel"": [0.0], ""duration_any_s"": 0.0}","{""duration_s_per_channel"": [0.0], ""longest_continuous_s_per_channel"": [0.0], ""duration_any_s"": 0.0}","{""duration_s_per_channel"": [0.0], ""longest_continuous_s_per_channel"": [0.0], ""duration_any_s"": 0.0}","[0.0, 0.0, 0.0]",0.0,0.0
A_best,nominal,integral_005,True,60.0,horizon,"{""duration_s_per_channel"": [0.0], ""longest_continuous_s_per_channel"": [0.0], ""duration_any_s"": 0.0}","{""duration_s_per_channel"": [0.0], ""longest_continuous_s_per_channel"": [0.0], ""duration_any_s"": 0.0}","{""duration_s_per_channel"": [0.0], ""longest_continuous_s_per_channel"": [0.0], ""duration_any_s"": 0.0}","{""duration_s_per_channel"": [0.0], ""longest_continuous_s_per_channel"": [0.0], ""duration_any_s"": 0.0}","{""duration_s_per_channel"": [0.0], ""longest_continuous_s_per_channel"": [0.0], ""duration_any_s"": 0.0}","{""duration_s_per_channel"": [0.0], ""longest_continuous_s_per_channel"": [0.0], ""duration_any_s"": 0.0}","{""duration_s_per_channel"": [0.0], ""longest_continuous_s_per_channel"": [0.0], ""duration_any_s"": 0.0}","{""duration_s_per_channel"": [0.0], ""longest_continuous_s_per_channel"": [0.0], ""duration_any_s"": 0.0}","[0.0013720158362663982, 0.0012426300799077774, -0.0012657527376794054]",0.0018510961537579276,0.0012657527376794054
B_best,nominal,integral_005,True,60.0,horizon,"{""duration_s_per_channel"": [0.0], ""longest_continuous_s_per_channel"": [0.0], ""duration_any_s"": 0.0}","{""duration_s_per_channel"": [0.0], ""longest_continuous_s_per_channel"": [0.0], ""duration_any_s"": 0.0}","{""duration_s_per_channel"": [0.0], ""longest_continuous_s_per_channel"": [0.0], ""duration_any_s"": 0.0}","{""duration_s_per_channel"": [0.0], ""longest_continuous_s_per_channel"": [0.0], ""duration_any_s"": 0.0}","{""duration_s_per_channel"": [0.0], ""longest_continuous_s_per_channel"": [0.0], ""duration_any_s"": 0.0}","{""duration_s_per_channel"": [0.0], ""longest_continuous_s_per_channel"": [0.0], ""duration_any_s"": 0.0}","{""duration_s_per_channel"": [0.0], ""longest_continuous_s_per_channel"": [0.0], ""duration_any_s"": 0.0}","{""duration_s_per_channel"": [0.0], ""longest_continuous_s_per_channel"": [0.0], ""duration_any_s"": 0.0}","[-0.0014728804137223246, 0.0005594226185574238, -0.0016870110221935597]",0.0015755412972310472,0.0016870110221935597
A_best,centered_payload,integral_005,True,60.0,horizon,"{""duration_s_per_channel"": [0.0], ""longest_continuous_s_per_channel"": [0.0], ""duration_any_s"": 0.0}","{""duration_s_per_channel"": [0.0], ""longest_continuous_s_per_channel"": [0.0], ""duration_any_s"": 0.0}","{""duration_s_per_channel"": [0.0], ""longest_continuous_s_per_channel"": [0.0], ""duration_any_s"": 0.0}","{""duration_s_per_channel"": [0.0], ""longest_continuous_s_per_channel"": [0.0], ""duration_any_s"": 0.0}","{""duration_s_per_channel"": [0.0], ""longest_continuous_s_per_channel"": [0.0], ""duration_any_s"": 0.0}","{""duration_s_per_channel"": [0.0], ""longest_continuous_s_per_channel"": [0.0], ""duration_any_s"": 0.0}","{""duration_s_per_channel"": [0.0], ""longest_continuous_s_per_channel"": [0.0], ""duration_any_s"": 0.0}","{""duration_s_per_channel"": [0.0], ""longest_continuous_s_per_channel"": [0.0], ""duration_any_s"": 0.0}","[-0.007176044731679381, 0.005268223663346657, 0.019663300947148746]",0.008902235593271449,0.019663300947148746
B_best,centered_payload,integral_005,True,60.0,horizon,"{""duration_s_per_channel"": [0.0], ""longest_continuous_s_per_channel"": [0.0], ""duration_any_s"": 0.0}","{""duration_s_per_channel"": [0.0], ""longest_continuous_s_per_channel"": [0.0], ""duration_any_s"": 0.0}","{""duration_s_per_channel"": [0.0], ""longest_continuous_s_per_channel"": [0.0], ""duration_any_s"": 0.0}","{""duration_s_per_channel"": [0.0], ""longest_continuous_s_per_channel"": [0.0], ""duration_any_s"": 0.0}","{""duration_s_per_channel"": [0.0], ""longest_continuous_s_per_channel"": [0.0], ""duration_any_s"": 0.0}","{""duration_s_per_channel"": [0.0], ""longest_continuous_s_per_channel"": [0.0], ""duration_any_s"": 0.0}","{""duration_s_per_channel"": [0.0], ""longest_continuous_s_per_channel"": [0.0], ""duration_any_s"": 0.0}","{""duration_s_per_channel"": [0.0], ""longest_continuous_s_per_channel"": [0.0], ""duration_any_s"": 0.0}","[-0.005588851045289944, 0.0006580061770667341, 0.01955588799838012]",0.005627453077147466,0.01955588799838012
A_best,offset_payload,integral_005,True,60.0,horizon,"{""duration_s_per_channel"": [0.0], ""longest_continuous_s_per_channel"": [0.0], ""duration_any_s"": 0.0}","{""duration_s_per_channel"": [0.0], ""longest_continuous_s_per_channel"": [0.0], ""duration_any_s"": 0.0}","{""duration_s_per_channel"": [0.0], ""longest_continuous_s_per_channel"": [0.0], ""duration_any_s"": 0.0}","{""duration_s_per_channel"": [0.0], ""longest_continuous_s_per_channel"": [0.0], ""duration_any_s"": 0.0}","{""duration_s_per_channel"": [0.0], ""longest_continuous_s_per_channel"": [0.0], ""duration_any_s"": 0.0}","{""duration_s_per_channel"": [0.0], ""longest_continuous_s_per_channel"": [0.0], ""duration_any_s"": 0.0}","{""duration_s_per_channel"": [0.0], ""longest_continuous_s_per_channel"": [0.0], ""duration_any_s"": 0.0}","{""duration_s_per_channel"": [0.0], ""longest_continuous_s_per_channel"": [0.0], ""duration_any_s"": 0.0}","[-0.06825693138406247, 0.006245309311764705, 0.017633252066074724]",0.06854204965105892,0.017633252066074724
B_best,offset_payload,integral_005,True,60.0,horizon,"{""duration_s_per_channel"": [0.0], ""longest_continuous_s_per_channel"": [0.0], ""duration_any_s"": 0.0}","{""duration_s_per_channel"": [0.0], ""longest_continuous_s_per_channel"": [0.0], ""duration_any_s"": 0.0}","{""duration_s_per_channel"": [0.0], ""longest_continuous_s_per_channel"": [0.0], ""duration_any_s"": 0.0}","{""duration_s_per_channel"": [0.0], ""longest_continuous_s_per_channel"": [0.0], ""duration_any_s"": 0.0}","{""duration_s_per_channel"": [0.0], ""longest_continuous_s_per_channel"": [0.0], ""duration_any_s"": 0.0}","{""duration_s_per_channel"": [0.0], ""longest_continuous_s_per_channel"": [0.0], ""duration_any_s"": 0.0}","{""duration_s_per_channel"": [0.0], ""longest_continuous_s_per_channel"": [0.0], ""duration_any_s"": 0.0}","{""duration_s_per_channel"": [0.0], ""longest_continuous_s_per_channel"": [0.0], ""duration_any_s"": 0.0}","[-0.0747805022663763, 0.02001806893096278, 0.03141745911772279]",0.07741347817361191,0.03141745911772279
A_best,motor_80,integral_005,True,60.0,horizon,"{""duration_s_per_channel"": [0.0], ""longest_continuous_s_per_channel"": [0.0], ""duration_any_s"": 0.0}","{""duration_s_per_channel"": [0.0], ""longest_continuous_s_per_channel"": [0.0], ""duration_any_s"": 0.0}","{""duration_s_per_channel"": [0.0], ""longest_continuous_s_per_channel"": [0.0], ""duration_any_s"": 0.0}","{""duration_s_per_channel"": [0.0], ""longest_continuous_s_per_channel"": [0.0], ""duration_any_s"": 0.0}","{""duration_s_per_channel"": [0.0], ""longest_continuous_s_per_channel"": [0.0], ""duration_any_s"": 0.0}","{""duration_s_per_channel"": [0.0], ""longest_continuous_s_per_channel"": [0.0], ""duration_any_s"": 0.0}","{""duration_s_per_channel"": [0.0], ""longest_continuous_s_per_channel"": [0.0], ""duration_any_s"": 0.0}","{""duration_s_per_channel"": [0.0], ""longest_continuous_s_per_channel"": [0.0], ""duration_any_s"": 0.0}","[-0.039158623784613884, 0.03798842102088211, -0.004655484021839811]",0.05455747380849599,0.004655484021839811
B_best,motor_80,integral_005,True,60.0,horizon,"{""duration_s_per_channel"": [0.0], ""longest_continuous_s_per_channel"": [0.0], ""duration_any_s"": 0.0}","{""duration_s_per_channel"": [0.0], ""longest_continuous_s_per_channel"": [0.0], ""duration_any_s"": 0.0}","{""duration_s_per_channel"": [0.0], ""longest_continuous_s_per_channel"": [0.0], ""duration_any_s"": 0.0}","{""duration_s_per_channel"": [0.0], ""longest_continuous_s_per_channel"": [0.0], ""duration_any_s"": 0.0}","{""duration_s_per_channel"": [0.0], ""longest_continuous_s_per_channel"": [0.0], ""duration_any_s"": 0.0}","{""duration_s_per_channel"": [0.0], ""longest_continuous_s_per_channel"": [0.0], ""duration_any_s"": 0.0}","{""duration_s_per_channel"": [0.0], ""longest_continuous_s_per_channel"": [0.0], ""duration_any_s"": 0.0}","{""duration_s_per_channel"": [0.0], ""longest_continuous_s_per_channel"": [0.0], ""duration_any_s"": 0.0}","[-0.042083685685659046, 0.08436144957199186, 0.005920391901303099]",0.09427561071017822,0.005920391901303099
A_best,motor_70,integral_005,True,60.0,horizon,"{""duration_s_per_channel"": [0.0], ""longest_continuous_s_per_channel"": [0.0], ""duration_any_s"": 0.0}","{""duration_s_per_channel"": [0.0], ""longest_continuous_s_per_channel"": [0.0], ""duration_any_s"": 0.0}","{""duration_s_per_channel"": [0.0], ""longest_continuous_s_per_channel"": [0.0], ""duration_any_s"": 0.0}","{""duration_s_per_channel"": [0.0], ""longest_continuous_s_per_channel"": [0.0], ""duration_any_s"": 0.0}","{""duration_s_per_channel"": [0.0], ""longest_continuous_s_per_channel"": [0.0], ""duration_any_s"": 0.0}","{""duration_s_per_channel"": [0.0], ""longest_continuous_s_per_channel"": [0.0], ""duration_any_s"": 0.0}","{""duration_s_per_channel"": [0.0], ""longest_continuous_s_per_channel"": [0.0], ""duration_any_s"": 0.0}","{""duration_s_per_channel"": [0.0], ""longest_continuous_s_per_channel"": [0.0], ""duration_any_s"": 0.0}","[-0.06898391518086812, 0.06422736462582147, -0.006966759723710163]",0.09425462811161811,0.006966759723710163
B_best,motor_70,integral_005,True,60.0,horizon,"{""duration_s_per_channel"": [0.0], ""longest_continuous_s_per_channel"": [0.0], ""duration_any_s"": 0.0}","{""duration_s_per_channel"": [0.0], ""longest_continuous_s_per_channel"": [0.0], ""duration_any_s"": 0.0}","{""duration_s_per_channel"": [0.0], ""longest_continuous_s_per_channel"": [0.0], ""duration_any_s"": 0.0}","{""duration_s_per_channel"": [0.0], ""longest_continuous_s_per_channel"": [0.0], ""duration_any_s"": 0.0}","{""duration_s_per_channel"": [0.0], ""longest_continuous_s_per_channel"": [0.0], ""duration_any_s"": 0.0}","{""duration_s_per_channel"": [0.0], ""longest_continuous_s_per_channel"": [0.0], ""duration_any_s"": 0.0}","{""duration_s_per_channel"": [0.0], ""longest_continuous_s_per_channel"": [0.0], ""duration_any_s"": 0.0}","{""duration_s_per_channel"": [0.0], ""longest_continuous_s_per_channel"": [0.0], ""duration_any_s"": 0.0}","[-0.07228136942310233, 0.1461605721577805, 0.011797650359370606]",0.16305676686101914,0.011797650359370606
A_best,combined_80,integral_005,True,60.0,horizon,"{""duration_s_per_channel"": [0.0], ""longest_continuous_s_per_channel"": [0.0], ""duration_any_s"": 0.0}","{""duration_s_per_channel"": [0.0], ""longest_continuous_s_per_channel"": [0.0], ""duration_any_s"": 0.0}","{""duration_s_per_channel"": [0.0], ""longest_continuous_s_per_channel"": [0.0], ""duration_any_s"": 0.0}","{""duration_s_per_channel"": [0.0], ""longest_continuous_s_per_channel"": [0.0], ""duration_any_s"": 0.0}","{""duration_s_per_channel"": [0.0], ""longest_continuous_s_per_channel"": [0.0], ""duration_any_s"": 0.0}","{""duration_s_per_channel"": [0.0], ""longest_continuous_s_per_channel"": [0.0], ""duration_any_s"": 0.0}","{""duration_s_per_channel"": [0.0], ""longest_continuous_s_per_channel"": [0.0], ""duration_any_s"": 0.0}","{""duration_s_per_channel"": [0.0], ""longest_continuous_s_per_channel"": [0.0], ""duration_any_s"": 0.0}","[-0.11975958735361475, 0.05081132159863013, 0.014140802117704099]",0.13009284824965398,0.014140802117704099
B_best,combined_80,integral_005,True,60.0,horizon,"{""duration_s_per_channel"": [0.0], ""longest_continuous_s_per_channel"": [0.0], ""duration_any_s"": 0.0}","{""duration_s_per_channel"": [0.0], ""longest_continuous_s_per_channel"": [0.0], ""duration_any_s"": 0.0}","{""duration_s_per_channel"": [0.0], ""longest_continuous_s_per_channel"": [0.0], ""duration_any_s"": 0.0}","{""duration_s_per_channel"": [0.0], ""longest_continuous_s_per_channel"": [0.0], ""duration_any_s"": 0.0}","{""duration_s_per_channel"": [0.0], ""longest_continuous_s_per_channel"": [0.0], ""duration_any_s"": 0.0}","{""duration_s_per_channel"": [0.0], ""longest_continuous_s_per_channel"": [0.0], ""duration_any_s"": 0.0}","{""duration_s_per_channel"": [0.0], ""longest_continuous_s_per_channel"": [0.0], ""duration_any_s"": 0.0}","{""duration_s_per_channel"": [0.0], ""longest_continuous_s_per_channel"": [0.0], ""duration_any_s"": 0.0}","[-0.12669757838585427, 0.12325662234785685, 0.04191028828267087]",0.17676105714054183,0.04191028828267087
A_best,combined_70,integral_005,True,60.0,horizon,"{""duration_s_per_channel"": [0.51], ""longest_continuous_s_per_channel"": [0.3], ""duration_any_s"": 0.51}","{""duration_s_per_channel"": [0.51], ""longest_continuous_s_per_channel"": [0.3], ""duration_any_s"": 0.51}","{""duration_s_per_channel"": [0.0], ""longest_continuous_s_per_channel"": [0.0], ""duration_any_s"": 0.0}","{""duration_s_per_channel"": [0.0], ""longest_continuous_s_per_channel"": [0.0], ""duration_any_s"": 0.0}","{""duration_s_per_channel"": [0.0], ""longest_continuous_s_per_channel"": [0.0], ""duration_any_s"": 0.0}","{""duration_s_per_channel"": [0.0], ""longest_continuous_s_per_channel"": [0.0], ""duration_any_s"": 0.0}","{""duration_s_per_channel"": [0.0], ""longest_continuous_s_per_channel"": [0.0], ""duration_any_s"": 0.0}","{""duration_s_per_channel"": [0.0], ""longest_continuous_s_per_channel"": [0.0], ""duration_any_s"": 0.0}","[-0.15945379397633114, 0.08339496399855344, 0.011895141100018743]",0.17994508171596768,0.011895141100018743
B_best,combined_70,integral_005,True,60.0,horizon,"{""duration_s_per_channel"": [0.29], ""longest_continuous_s_per_channel"": [0.17], ""duration_any_s"": 0.29}","{""duration_s_per_channel"": [0.29], ""longest_continuous_s_per_channel"": [0.17], ""duration_any_s"": 0.29}","{""duration_s_per_channel"": [0.0], ""longest_continuous_s_per_channel"": [0.0], ""duration_any_s"": 0.0}","{""duration_s_per_channel"": [0.0], ""longest_continuous_s_per_channel"": [0.0], ""duration_any_s"": 0.0}","{""duration_s_per_channel"": [0.0], ""longest_continuous_s_per_channel"": [0.0], ""duration_any_s"": 0.0}","{""duration_s_per_channel"": [0.0], ""longest_continuous_s_per_channel"": [0.0], ""duration_any_s"": 0.0}","{""duration_s_per_channel"": [0.0], ""longest_continuous_s_per_channel"": [0.0], ""duration_any_s"": 0.0}","{""duration_s_per_channel"": [0.0], ""longest_continuous_s_per_channel"": [0.0], ""duration_any_s"": 0.0}","[-0.16700194387237347, 0.2020607005248942, 0.050467110180059435]",0.2621415189430365,0.050467110180059435
A_best,nominal,integral_010,True,60.0,horizon,"{""duration_s_per_channel"": [0.0], ""longest_continuous_s_per_channel"": [0.0], ""duration_any_s"": 0.0}","{""duration_s_per_channel"": [0.0], ""longest_continuous_s_per_channel"": [0.0], ""duration_any_s"": 0.0}","{""duration_s_per_channel"": [0.0], ""longest_continuous_s_per_channel"": [0.0], ""duration_any_s"": 0.0}","{""duration_s_per_channel"": [0.0], ""longest_continuous_s_per_channel"": [0.0], ""duration_any_s"": 0.0}","{""duration_s_per_channel"": [0.0], ""longest_continuous_s_per_channel"": [0.0], ""duration_any_s"": 0.0}","{""duration_s_per_channel"": [0.0], ""longest_continuous_s_per_channel"": [0.0], ""duration_any_s"": 0.0}","{""duration_s_per_channel"": [0.0], ""longest_continuous_s_per_channel"": [0.0], ""duration_any_s"": 0.0}","{""duration_s_per_channel"": [0.0], ""longest_continuous_s_per_channel"": [0.0], ""duration_any_s"": 0.0}","[0.0014353614398921971, 0.001301353706788245, -0.001325481005812216]",0.0019374684341430977,0.001325481005812216
B_best,nominal,integral_010,True,60.0,horizon,"{""duration_s_per_channel"": [0.0], ""longest_continuous_s_per_channel"": [0.0], ""duration_any_s"": 0.0}","{""duration_s_per_channel"": [0.0], ""longest_continuous_s_per_channel"": [0.0], ""duration_any_s"": 0.0}","{""duration_s_per_channel"": [0.0], ""longest_continuous_s_per_channel"": [0.0], ""duration_any_s"": 0.0}","{""duration_s_per_channel"": [0.0], ""longest_continuous_s_per_channel"": [0.0], ""duration_any_s"": 0.0}","{""duration_s_per_channel"": [0.0], ""longest_continuous_s_per_channel"": [0.0], ""duration_any_s"": 0.0}","{""duration_s_per_channel"": [0.0], ""longest_continuous_s_per_channel"": [0.0], ""duration_any_s"": 0.0}","{""duration_s_per_channel"": [0.0], ""longest_continuous_s_per_channel"": [0.0], ""duration_any_s"": 0.0}","{""duration_s_per_channel"": [0.0], ""longest_continuous_s_per_channel"": [0.0], ""duration_any_s"": 0.0}","[-0.0015392547681045202, 0.0005822031408108664, -0.001763168529899582]",0.0016456809345382045,0.001763168529899582
A_best,centered_payload,integral_010,True,60.0,horizon,"{""duration_s_per_channel"": [0.0], ""longest_continuous_s_per_channel"": [0.0], ""duration_any_s"": 0.0}","{""duration_s_per_channel"": [0.0], ""longest_continuous_s_per_channel"": [0.0], ""duration_any_s"": 0.0}","{""duration_s_per_channel"": [0.0], ""longest_continuous_s_per_channel"": [0.0], ""duration_any_s"": 0.0}","{""duration_s_per_channel"": [0.0], ""longest_continuous_s_per_channel"": [0.0], ""duration_any_s"": 0.0}","{""duration_s_per_channel"": [0.0], ""longest_continuous_s_per_channel"": [0.0], ""duration_any_s"": 0.0}","{""duration_s_per_channel"": [0.0], ""longest_continuous_s_per_channel"": [0.0], ""duration_any_s"": 0.0}","{""duration_s_per_channel"": [0.0], ""longest_continuous_s_per_channel"": [0.0], ""duration_any_s"": 0.0}","{""duration_s_per_channel"": [0.0], ""longest_continuous_s_per_channel"": [0.0], ""duration_any_s"": 0.0}","[-0.007505040790590997, 0.005511792215114706, 0.02059904400736062]",0.009311578313639091,0.02059904400736062
B_best,centered_payload,integral_010,True,60.0,horizon,"{""duration_s_per_channel"": [0.0], ""longest_continuous_s_per_channel"": [0.0], ""duration_any_s"": 0.0}","{""duration_s_per_channel"": [0.0], ""longest_continuous_s_per_channel"": [0.0], ""duration_any_s"": 0.0}","{""duration_s_per_channel"": [0.0], ""longest_continuous_s_per_channel"": [0.0], ""duration_any_s"": 0.0}","{""duration_s_per_channel"": [0.0], ""longest_continuous_s_per_channel"": [0.0], ""duration_any_s"": 0.0}","{""duration_s_per_channel"": [0.0], ""longest_continuous_s_per_channel"": [0.0], ""duration_any_s"": 0.0}","{""duration_s_per_channel"": [0.0], ""longest_continuous_s_per_channel"": [0.0], ""duration_any_s"": 0.0}","{""duration_s_per_channel"": [0.0], ""longest_continuous_s_per_channel"": [0.0], ""duration_any_s"": 0.0}","{""duration_s_per_channel"": [0.0], ""longest_continuous_s_per_channel"": [0.0], ""duration_any_s"": 0.0}","[-0.005835180409928282, 0.0006779137356929984, 0.02048975392709216]",0.005874427414604084,0.02048975392709216
A_best,offset_payload,integral_010,True,60.0,horizon,"{""duration_s_per_channel"": [0.0], ""longest_continuous_s_per_channel"": [0.0], ""duration_any_s"": 0.0}","{""duration_s_per_channel"": [0.0], ""longest_continuous_s_per_channel"": [0.0], ""duration_any_s"": 0.0}","{""duration_s_per_channel"": [0.0], ""longest_continuous_s_per_channel"": [0.0], ""duration_any_s"": 0.0}","{""duration_s_per_channel"": [0.0], ""longest_continuous_s_per_channel"": [0.0], ""duration_any_s"": 0.0}","{""duration_s_per_channel"": [0.0], ""longest_continuous_s_per_channel"": [0.0], ""duration_any_s"": 0.0}","{""duration_s_per_channel"": [0.0], ""longest_continuous_s_per_channel"": [0.0], ""duration_any_s"": 0.0}","{""duration_s_per_channel"": [0.0], ""longest_continuous_s_per_channel"": [0.0], ""duration_any_s"": 0.0}","{""duration_s_per_channel"": [0.0], ""longest_continuous_s_per_channel"": [0.0], ""duration_any_s"": 0.0}","[-0.07145184464996145, 0.006540463842698774, 0.018525683431747566]",0.07175056634731097,0.018525683431747566
B_best,offset_payload,integral_010,True,60.0,horizon,"{""duration_s_per_channel"": [0.0], ""longest_continuous_s_per_channel"": [0.0], ""duration_any_s"": 0.0}","{""duration_s_per_channel"": [0.0], ""longest_continuous_s_per_channel"": [0.0], ""duration_any_s"": 0.0}","{""duration_s_per_channel"": [0.0], ""longest_continuous_s_per_channel"": [0.0], ""duration_any_s"": 0.0}","{""duration_s_per_channel"": [0.0], ""longest_continuous_s_per_channel"": [0.0], ""duration_any_s"": 0.0}","{""duration_s_per_channel"": [0.0], ""longest_continuous_s_per_channel"": [0.0], ""duration_any_s"": 0.0}","{""duration_s_per_channel"": [0.0], ""longest_continuous_s_per_channel"": [0.0], ""duration_any_s"": 0.0}","{""duration_s_per_channel"": [0.0], ""longest_continuous_s_per_channel"": [0.0], ""duration_any_s"": 0.0}","{""duration_s_per_channel"": [0.0], ""longest_continuous_s_per_channel"": [0.0], ""duration_any_s"": 0.0}","[-0.07823102358944377, 0.02084616037568926, 0.03296422712307996]",0.08096082666488198,0.03296422712307996
A_best,motor_80,integral_010,True,60.0,horizon,"{""duration_s_per_channel"": [0.0], ""longest_continuous_s_per_channel"": [0.0], ""duration_any_s"": 0.0}","{""duration_s_per_channel"": [0.0], ""longest_continuous_s_per_channel"": [0.0], ""duration_any_s"": 0.0}","{""duration_s_per_channel"": [0.0], ""longest_continuous_s_per_channel"": [0.0], ""duration_any_s"": 0.0}","{""duration_s_per_channel"": [0.0], ""longest_continuous_s_per_channel"": [0.0], ""duration_any_s"": 0.0}","{""duration_s_per_channel"": [0.0], ""longest_continuous_s_per_channel"": [0.0], ""duration_any_s"": 0.0}","{""duration_s_per_channel"": [0.0], ""longest_continuous_s_per_channel"": [0.0], ""duration_any_s"": 0.0}","{""duration_s_per_channel"": [0.0], ""longest_continuous_s_per_channel"": [0.0], ""duration_any_s"": 0.0}","{""duration_s_per_channel"": [0.0], ""longest_continuous_s_per_channel"": [0.0], ""duration_any_s"": 0.0}","[-0.041582376323925405, 0.04028729602799062, -0.004849133180968146]",0.05789784315491813,0.004866107447018291
B_best,motor_80,integral_010,True,60.0,horizon,"{""duration_s_per_channel"": [0.0], ""longest_continuous_s_per_channel"": [0.0], ""duration_any_s"": 0.0}","{""duration_s_per_channel"": [0.0], ""longest_continuous_s_per_channel"": [0.0], ""duration_any_s"": 0.0}","{""duration_s_per_channel"": [0.0], ""longest_continuous_s_per_channel"": [0.0], ""duration_any_s"": 0.0}","{""duration_s_per_channel"": [0.0], ""longest_continuous_s_per_channel"": [0.0], ""duration_any_s"": 0.0}","{""duration_s_per_channel"": [0.0], ""longest_continuous_s_per_channel"": [0.0], ""duration_any_s"": 0.0}","{""duration_s_per_channel"": [0.0], ""longest_continuous_s_per_channel"": [0.0], ""duration_any_s"": 0.0}","{""duration_s_per_channel"": [0.0], ""longest_continuous_s_per_channel"": [0.0], ""duration_any_s"": 0.0}","{""duration_s_per_channel"": [0.0], ""longest_continuous_s_per_channel"": [0.0], ""duration_any_s"": 0.0}","[-0.044608385459730955, 0.08933292162391086, 0.006400002658308073]",0.09985128411386474,0.006400002658308073
A_best,motor_70,integral_010,True,60.0,horizon,"{""duration_s_per_channel"": [0.0], ""longest_continuous_s_per_channel"": [0.0], ""duration_any_s"": 0.0}","{""duration_s_per_channel"": [0.0], ""longest_continuous_s_per_channel"": [0.0], ""duration_any_s"": 0.0}","{""duration_s_per_channel"": [0.0], ""longest_continuous_s_per_channel"": [0.0], ""duration_any_s"": 0.0}","{""duration_s_per_channel"": [0.0], ""longest_continuous_s_per_channel"": [0.0], ""duration_any_s"": 0.0}","{""duration_s_per_channel"": [0.0], ""longest_continuous_s_per_channel"": [0.0], ""duration_any_s"": 0.0}","{""duration_s_per_channel"": [0.0], ""longest_continuous_s_per_channel"": [0.0], ""duration_any_s"": 0.0}","{""duration_s_per_channel"": [0.0], ""longest_continuous_s_per_channel"": [0.0], ""duration_any_s"": 0.0}","{""duration_s_per_channel"": [0.0], ""longest_continuous_s_per_channel"": [0.0], ""duration_any_s"": 0.0}","[-0.07323028632625099, 0.06812045772081397, -0.007249358743486306]",0.10001535679843325,0.007288345098347247
B_best,motor_70,integral_010,True,60.0,horizon,"{""duration_s_per_channel"": [0.0], ""longest_continuous_s_per_channel"": [0.0], ""duration_any_s"": 0.0}","{""duration_s_per_channel"": [0.0], ""longest_continuous_s_per_channel"": [0.0], ""duration_any_s"": 0.0}","{""duration_s_per_channel"": [0.0], ""longest_continuous_s_per_channel"": [0.0], ""duration_any_s"": 0.0}","{""duration_s_per_channel"": [0.0], ""longest_continuous_s_per_channel"": [0.0], ""duration_any_s"": 0.0}","{""duration_s_per_channel"": [0.0], ""longest_continuous_s_per_channel"": [0.0], ""duration_any_s"": 0.0}","{""duration_s_per_channel"": [0.0], ""longest_continuous_s_per_channel"": [0.0], ""duration_any_s"": 0.0}","{""duration_s_per_channel"": [0.0], ""longest_continuous_s_per_channel"": [0.0], ""duration_any_s"": 0.0}","{""duration_s_per_channel"": [0.0], ""longest_continuous_s_per_channel"": [0.0], ""duration_any_s"": 0.0}","[-0.07662846828377223, 0.15477184922706777, 0.012701399466127479]",0.17270277202373818,0.012701399466127479
A_best,combined_80,integral_010,True,60.0,horizon,"{""duration_s_per_channel"": [0.0], ""longest_continuous_s_per_channel"": [0.0], ""duration_any_s"": 0.0}","{""duration_s_per_channel"": [0.0], ""longest_continuous_s_per_channel"": [0.0], ""duration_any_s"": 0.0}","{""duration_s_per_channel"": [0.0], ""longest_continuous_s_per_channel"": [0.0], ""duration_any_s"": 0.0}","{""duration_s_per_channel"": [0.0], ""longest_continuous_s_per_channel"": [0.0], ""duration_any_s"": 0.0}","{""duration_s_per_channel"": [0.0], ""longest_continuous_s_per_channel"": [0.0], ""duration_any_s"": 0.0}","{""duration_s_per_channel"": [0.0], ""longest_continuous_s_per_channel"": [0.0], ""duration_any_s"": 0.0}","{""duration_s_per_channel"": [0.0], ""longest_continuous_s_per_channel"": [0.0], ""duration_any_s"": 0.0}","{""duration_s_per_channel"": [0.0], ""longest_continuous_s_per_channel"": [0.0], ""duration_any_s"": 0.0}","[-0.12610779139439882, 0.05382247191549098, 0.014910133233158568]",0.1371132142919384,0.014910133233158568
B_best,combined_80,integral_010,True,60.0,horizon,"{""duration_s_per_channel"": [0.0], ""longest_continuous_s_per_channel"": [0.0], ""duration_any_s"": 0.0}","{""duration_s_per_channel"": [0.0], ""longest_continuous_s_per_channel"": [0.0], ""duration_any_s"": 0.0}","{""duration_s_per_channel"": [0.0], ""longest_continuous_s_per_channel"": [0.0], ""duration_any_s"": 0.0}","{""duration_s_per_channel"": [0.0], ""longest_continuous_s_per_channel"": [0.0], ""duration_any_s"": 0.0}","{""duration_s_per_channel"": [0.0], ""longest_continuous_s_per_channel"": [0.0], ""duration_any_s"": 0.0}","{""duration_s_per_channel"": [0.0], ""longest_continuous_s_per_channel"": [0.0], ""duration_any_s"": 0.0}","{""duration_s_per_channel"": [0.0], ""longest_continuous_s_per_channel"": [0.0], ""duration_any_s"": 0.0}","{""duration_s_per_channel"": [0.0], ""longest_continuous_s_per_channel"": [0.0], ""duration_any_s"": 0.0}","[-0.1332908309644246, 0.1301775650189602, 0.04421044198462459]",0.18631329542856684,0.04421044198462459
A_best,combined_70,integral_010,True,60.0,horizon,"{""duration_s_per_channel"": [0.51], ""longest_continuous_s_per_channel"": [0.3], ""duration_any_s"": 0.51}","{""duration_s_per_channel"": [0.51], ""longest_continuous_s_per_channel"": [0.3], ""duration_any_s"": 0.51}","{""duration_s_per_channel"": [0.0], ""longest_continuous_s_per_channel"": [0.0], ""duration_any_s"": 0.0}","{""duration_s_per_channel"": [0.0], ""longest_continuous_s_per_channel"": [0.0], ""duration_any_s"": 0.0}","{""duration_s_per_channel"": [0.0], ""longest_continuous_s_per_channel"": [0.0], ""duration_any_s"": 0.0}","{""duration_s_per_channel"": [0.0], ""longest_continuous_s_per_channel"": [0.0], ""duration_any_s"": 0.0}","{""duration_s_per_channel"": [0.0], ""longest_continuous_s_per_channel"": [0.0], ""duration_any_s"": 0.0}","{""duration_s_per_channel"": [0.0], ""longest_continuous_s_per_channel"": [0.0], ""duration_any_s"": 0.0}","[-0.16831364678484803, 0.0884093317711529, 0.012657146742952242]",0.19012020838994567,0.012657146742952242
B_best,combined_70,integral_010,True,60.0,horizon,"{""duration_s_per_channel"": [0.29], ""longest_continuous_s_per_channel"": [0.17], ""duration_any_s"": 0.29}","{""duration_s_per_channel"": [0.29], ""longest_continuous_s_per_channel"": [0.17], ""duration_any_s"": 0.29}","{""duration_s_per_channel"": [0.0], ""longest_continuous_s_per_channel"": [0.0], ""duration_any_s"": 0.0}","{""duration_s_per_channel"": [0.0], ""longest_continuous_s_per_channel"": [0.0], ""duration_any_s"": 0.0}","{""duration_s_per_channel"": [0.0], ""longest_continuous_s_per_channel"": [0.0], ""duration_any_s"": 0.0}","{""duration_s_per_channel"": [0.0], ""longest_continuous_s_per_channel"": [0.0], ""duration_any_s"": 0.0}","{""duration_s_per_channel"": [0.0], ""longest_continuous_s_per_channel"": [0.0], ""duration_any_s"": 0.0}","{""duration_s_per_channel"": [0.0], ""longest_continuous_s_per_channel"": [0.0], ""duration_any_s"": 0.0}","[-0.1760988528361521, 0.21366042421498185, 0.053427509874137774]",0.27687828164363987,0.053427509874137774
A_best,nominal,integral_020,True,60.0,horizon,"{""duration_s_per_channel"": [0.0], ""longest_continuous_s_per_channel"": [0.0], ""duration_any_s"": 0.0}","{""duration_s_per_channel"": [0.0], ""longest_continuous_s_per_channel"": [0.0], ""duration_any_s"": 0.0}","{""duration_s_per_channel"": [0.0], ""longest_continuous_s_per_channel"": [0.0], ""duration_any_s"": 0.0}","{""duration_s_per_channel"": [0.0], ""longest_continuous_s_per_channel"": [0.0], ""duration_any_s"": 0.0}","{""duration_s_per_channel"": [0.0], ""longest_continuous_s_per_channel"": [0.0], ""duration_any_s"": 0.0}","{""duration_s_per_channel"": [0.0], ""longest_continuous_s_per_channel"": [0.0], ""duration_any_s"": 0.0}","{""duration_s_per_channel"": [0.0], ""longest_continuous_s_per_channel"": [0.0], ""duration_any_s"": 0.0}","{""duration_s_per_channel"": [0.0], ""longest_continuous_s_per_channel"": [0.0], ""duration_any_s"": 0.0}","[0.0014376058458151998, 0.0013037057885478258, -0.0013277910553573782]",0.0019407110426375032,0.0013277910553573782
B_best,nominal,integral_020,True,60.0,horizon,"{""duration_s_per_channel"": [0.0], ""longest_continuous_s_per_channel"": [0.0], ""duration_any_s"": 0.0}","{""duration_s_per_channel"": [0.0], ""longest_continuous_s_per_channel"": [0.0], ""duration_any_s"": 0.0}","{""duration_s_per_channel"": [0.0], ""longest_continuous_s_per_channel"": [0.0], ""duration_any_s"": 0.0}","{""duration_s_per_channel"": [0.0], ""longest_continuous_s_per_channel"": [0.0], ""duration_any_s"": 0.0}","{""duration_s_per_channel"": [0.0], ""longest_continuous_s_per_channel"": [0.0], ""duration_any_s"": 0.0}","{""duration_s_per_channel"": [0.0], ""longest_continuous_s_per_channel"": [0.0], ""duration_any_s"": 0.0}","{""duration_s_per_channel"": [0.0], ""longest_continuous_s_per_channel"": [0.0], ""duration_any_s"": 0.0}","{""duration_s_per_channel"": [0.0], ""longest_continuous_s_per_channel"": [0.0], ""duration_any_s"": 0.0}","[-0.0015417336739428557, 0.0005826210614345499, -0.0017659343046257216]",0.0016481474517155488,0.0017659343046257216
A_best,centered_payload,integral_020,True,60.0,horizon,"{""duration_s_per_channel"": [0.0], ""longest_continuous_s_per_channel"": [0.0], ""duration_any_s"": 0.0}","{""duration_s_per_channel"": [0.0], ""longest_continuous_s_per_channel"": [0.0], ""duration_any_s"": 0.0}","{""duration_s_per_channel"": [0.0], ""longest_continuous_s_per_channel"": [0.0], ""duration_any_s"": 0.0}","{""duration_s_per_channel"": [0.0], ""longest_continuous_s_per_channel"": [0.0], ""duration_any_s"": 0.0}","{""duration_s_per_channel"": [0.0], ""longest_continuous_s_per_channel"": [0.0], ""duration_any_s"": 0.0}","{""duration_s_per_channel"": [0.0], ""longest_continuous_s_per_channel"": [0.0], ""duration_any_s"": 0.0}","{""duration_s_per_channel"": [0.0], ""longest_continuous_s_per_channel"": [0.0], ""duration_any_s"": 0.0}","{""duration_s_per_channel"": [0.0], ""longest_continuous_s_per_channel"": [0.0], ""duration_any_s"": 0.0}","[-0.007515808055696826, 0.005520402114145372, 0.020638117694404157]",0.009325353282652823,0.020638117694404157
B_best,centered_payload,integral_020,True,60.0,horizon,"{""duration_s_per_channel"": [0.0], ""longest_continuous_s_per_channel"": [0.0], ""duration_any_s"": 0.0}","{""duration_s_per_channel"": [0.0], ""longest_continuous_s_per_channel"": [0.0], ""duration_any_s"": 0.0}","{""duration_s_per_channel"": [0.0], ""longest_continuous_s_per_channel"": [0.0], ""duration_any_s"": 0.0}","{""duration_s_per_channel"": [0.0], ""longest_continuous_s_per_channel"": [0.0], ""duration_any_s"": 0.0}","{""duration_s_per_channel"": [0.0], ""longest_continuous_s_per_channel"": [0.0], ""duration_any_s"": 0.0}","{""duration_s_per_channel"": [0.0], ""longest_continuous_s_per_channel"": [0.0], ""duration_any_s"": 0.0}","{""duration_s_per_channel"": [0.0], ""longest_continuous_s_per_channel"": [0.0], ""duration_any_s"": 0.0}","{""duration_s_per_channel"": [0.0], ""longest_continuous_s_per_channel"": [0.0], ""duration_any_s"": 0.0}","[-0.00584156358314406, 0.0006766877001371839, 0.020528975816704296]",0.005881336234863934,0.020528975816704296
A_best,offset_payload,integral_020,True,60.0,horizon,"{""duration_s_per_channel"": [0.0], ""longest_continuous_s_per_channel"": [0.0], ""duration_any_s"": 0.0}","{""duration_s_per_channel"": [0.0], ""longest_continuous_s_per_channel"": [0.0], ""duration_any_s"": 0.0}","{""duration_s_per_channel"": [0.0], ""longest_continuous_s_per_channel"": [0.0], ""duration_any_s"": 0.0}","{""duration_s_per_channel"": [0.0], ""longest_continuous_s_per_channel"": [0.0], ""duration_any_s"": 0.0}","{""duration_s_per_channel"": [0.0], ""longest_continuous_s_per_channel"": [0.0], ""duration_any_s"": 0.0}","{""duration_s_per_channel"": [0.0], ""longest_continuous_s_per_channel"": [0.0], ""duration_any_s"": 0.0}","{""duration_s_per_channel"": [0.0], ""longest_continuous_s_per_channel"": [0.0], ""duration_any_s"": 0.0}","{""duration_s_per_channel"": [0.0], ""longest_continuous_s_per_channel"": [0.0], ""duration_any_s"": 0.0}","[-0.07157317830981019, 0.006551999507878896, 0.01857546009829353]",0.07187244639581382,0.01857546009829353
B_best,offset_payload,integral_020,True,60.0,horizon,"{""duration_s_per_channel"": [0.0], ""longest_continuous_s_per_channel"": [0.0], ""duration_any_s"": 0.0}","{""duration_s_per_channel"": [0.0], ""longest_continuous_s_per_channel"": [0.0], ""duration_any_s"": 0.0}","{""duration_s_per_channel"": [0.0], ""longest_continuous_s_per_channel"": [0.0], ""duration_any_s"": 0.0}","{""duration_s_per_channel"": [0.0], ""longest_continuous_s_per_channel"": [0.0], ""duration_any_s"": 0.0}","{""duration_s_per_channel"": [0.0], ""longest_continuous_s_per_channel"": [0.0], ""duration_any_s"": 0.0}","{""duration_s_per_channel"": [0.0], ""longest_continuous_s_per_channel"": [0.0], ""duration_any_s"": 0.0}","{""duration_s_per_channel"": [0.0], ""longest_continuous_s_per_channel"": [0.0], ""duration_any_s"": 0.0}","{""duration_s_per_channel"": [0.0], ""longest_continuous_s_per_channel"": [0.0], ""duration_any_s"": 0.0}","[-0.07835242602076145, 0.02085585086736202, 0.03303947616678205]",0.08108063380820689,0.03303947616678205
A_best,motor_80,integral_020,True,60.0,horizon,"{""duration_s_per_channel"": [0.0], ""longest_continuous_s_per_channel"": [0.0], ""duration_any_s"": 0.0}","{""duration_s_per_channel"": [0.0], ""longest_continuous_s_per_channel"": [0.0], ""duration_any_s"": 0.0}","{""duration_s_per_channel"": [0.0], ""longest_continuous_s_per_channel"": [0.0], ""duration_any_s"": 0.0}","{""duration_s_per_channel"": [0.0], ""longest_continuous_s_per_channel"": [0.0], ""duration_any_s"": 0.0}","{""duration_s_per_channel"": [0.0], ""longest_continuous_s_per_channel"": [0.0], ""duration_any_s"": 0.0}","{""duration_s_per_channel"": [0.0], ""longest_continuous_s_per_channel"": [0.0], ""duration_any_s"": 0.0}","{""duration_s_per_channel"": [0.0], ""longest_continuous_s_per_channel"": [0.0], ""duration_any_s"": 0.0}","{""duration_s_per_channel"": [0.0], ""longest_continuous_s_per_channel"": [0.0], ""duration_any_s"": 0.0}","[-0.041711581877436114, 0.04040728987776847, -0.004831739051700481]",0.05807413484490377,0.005114500746536849
B_best,motor_80,integral_020,True,60.0,horizon,"{""duration_s_per_channel"": [0.0], ""longest_continuous_s_per_channel"": [0.0], ""duration_any_s"": 0.0}","{""duration_s_per_channel"": [0.0], ""longest_continuous_s_per_channel"": [0.0], ""duration_any_s"": 0.0}","{""duration_s_per_channel"": [0.0], ""longest_continuous_s_per_channel"": [0.0], ""duration_any_s"": 0.0}","{""duration_s_per_channel"": [0.0], ""longest_continuous_s_per_channel"": [0.0], ""duration_any_s"": 0.0}","{""duration_s_per_channel"": [0.0], ""longest_continuous_s_per_channel"": [0.0], ""duration_any_s"": 0.0}","{""duration_s_per_channel"": [0.0], ""longest_continuous_s_per_channel"": [0.0], ""duration_any_s"": 0.0}","{""duration_s_per_channel"": [0.0], ""longest_continuous_s_per_channel"": [0.0], ""duration_any_s"": 0.0}","{""duration_s_per_channel"": [0.0], ""longest_continuous_s_per_channel"": [0.0], ""duration_any_s"": 0.0}","[-0.04473111525437978, 0.08953921410062077, 0.006458921494033766]",0.10009067655709702,0.006458921494033766
A_best,motor_70,integral_020,True,60.0,horizon,"{""duration_s_per_channel"": [0.0], ""longest_continuous_s_per_channel"": [0.0], ""duration_any_s"": 0.0}","{""duration_s_per_channel"": [0.0], ""longest_continuous_s_per_channel"": [0.0], ""duration_any_s"": 0.0}","{""duration_s_per_channel"": [0.0], ""longest_continuous_s_per_channel"": [0.0], ""duration_any_s"": 0.0}","{""duration_s_per_channel"": [0.0], ""longest_continuous_s_per_channel"": [0.0], ""duration_any_s"": 0.0}","{""duration_s_per_channel"": [0.0], ""longest_continuous_s_per_channel"": [0.0], ""duration_any_s"": 0.0}","{""duration_s_per_channel"": [0.0], ""longest_continuous_s_per_channel"": [0.0], ""duration_any_s"": 0.0}","{""duration_s_per_channel"": [0.0], ""longest_continuous_s_per_channel"": [0.0], ""duration_any_s"": 0.0}","{""duration_s_per_channel"": [0.0], ""longest_continuous_s_per_channel"": [0.0], ""duration_any_s"": 0.0}","[-0.0734549831742822, 0.06832379799496713, -0.007217337837340862]",0.10031837282168783,0.007724131195038568
B_best,motor_70,integral_020,True,60.0,horizon,"{""duration_s_per_channel"": [0.0], ""longest_continuous_s_per_channel"": [0.0], ""duration_any_s"": 0.0}","{""duration_s_per_channel"": [0.0], ""longest_continuous_s_per_channel"": [0.0], ""duration_any_s"": 0.0}","{""duration_s_per_channel"": [0.0], ""longest_continuous_s_per_channel"": [0.0], ""duration_any_s"": 0.0}","{""duration_s_per_channel"": [0.0], ""longest_continuous_s_per_channel"": [0.0], ""duration_any_s"": 0.0}","{""duration_s_per_channel"": [0.0], ""longest_continuous_s_per_channel"": [0.0], ""duration_any_s"": 0.0}","{""duration_s_per_channel"": [0.0], ""longest_continuous_s_per_channel"": [0.0], ""duration_any_s"": 0.0}","{""duration_s_per_channel"": [0.0], ""longest_continuous_s_per_channel"": [0.0], ""duration_any_s"": 0.0}","{""duration_s_per_channel"": [0.0], ""longest_continuous_s_per_channel"": [0.0], ""duration_any_s"": 0.0}","[-0.07684031425570208, 0.15512905590548492, 0.012806319071529024]",0.17311689080226147,0.012806319071529024
A_best,combined_80,integral_020,True,60.0,horizon,"{""duration_s_per_channel"": [0.0], ""longest_continuous_s_per_channel"": [0.0], ""duration_any_s"": 0.0}","{""duration_s_per_channel"": [0.0], ""longest_continuous_s_per_channel"": [0.0], ""duration_any_s"": 0.0}","{""duration_s_per_channel"": [0.0], ""longest_continuous_s_per_channel"": [0.0], ""duration_any_s"": 0.0}","{""duration_s_per_channel"": [0.0], ""longest_continuous_s_per_channel"": [0.0], ""duration_any_s"": 0.0}","{""duration_s_per_channel"": [0.0], ""longest_continuous_s_per_channel"": [0.0], ""duration_any_s"": 0.0}","{""duration_s_per_channel"": [0.0], ""longest_continuous_s_per_channel"": [0.0], ""duration_any_s"": 0.0}","{""duration_s_per_channel"": [0.0], ""longest_continuous_s_per_channel"": [0.0], ""duration_any_s"": 0.0}","{""duration_s_per_channel"": [0.0], ""longest_continuous_s_per_channel"": [0.0], ""duration_any_s"": 0.0}","[-0.1263946819898734, 0.05397668167638762, 0.014986531884382827]",0.137437614211377,0.016660384711064912
B_best,combined_80,integral_020,True,60.0,horizon,"{""duration_s_per_channel"": [0.0], ""longest_continuous_s_per_channel"": [0.0], ""duration_any_s"": 0.0}","{""duration_s_per_channel"": [0.0], ""longest_continuous_s_per_channel"": [0.0], ""duration_any_s"": 0.0}","{""duration_s_per_channel"": [0.0], ""longest_continuous_s_per_channel"": [0.0], ""duration_any_s"": 0.0}","{""duration_s_per_channel"": [0.0], ""longest_continuous_s_per_channel"": [0.0], ""duration_any_s"": 0.0}","{""duration_s_per_channel"": [0.0], ""longest_continuous_s_per_channel"": [0.0], ""duration_any_s"": 0.0}","{""duration_s_per_channel"": [0.0], ""longest_continuous_s_per_channel"": [0.0], ""duration_any_s"": 0.0}","{""duration_s_per_channel"": [0.0], ""longest_continuous_s_per_channel"": [0.0], ""duration_any_s"": 0.0}","{""duration_s_per_channel"": [0.0], ""longest_continuous_s_per_channel"": [0.0], ""duration_any_s"": 0.0}","[-0.13356629945832038, 0.13044021760767038, 0.04436555673730331]",0.18669388506463228,0.04436555673730331
A_best,combined_70,integral_020,True,60.0,horizon,"{""duration_s_per_channel"": [0.51], ""longest_continuous_s_per_channel"": [0.3], ""duration_any_s"": 0.51}","{""duration_s_per_channel"": [0.51], ""longest_continuous_s_per_channel"": [0.3], ""duration_any_s"": 0.51}","{""duration_s_per_channel"": [0.0], ""longest_continuous_s_per_channel"": [0.0], ""duration_any_s"": 0.0}","{""duration_s_per_channel"": [0.0], ""longest_continuous_s_per_channel"": [0.0], ""duration_any_s"": 0.0}","{""duration_s_per_channel"": [0.0], ""longest_continuous_s_per_channel"": [0.0], ""duration_any_s"": 0.0}","{""duration_s_per_channel"": [0.0], ""longest_continuous_s_per_channel"": [0.0], ""duration_any_s"": 0.0}","{""duration_s_per_channel"": [0.0], ""longest_continuous_s_per_channel"": [0.0], ""duration_any_s"": 0.0}","{""duration_s_per_channel"": [0.0], ""longest_continuous_s_per_channel"": [0.0], ""duration_any_s"": 0.0}","[-0.16873336674544545, 0.08866915968106849, 0.012762277674333126]",0.19061261482860944,0.017271756090637115
B_best,combined_70,integral_020,True,60.0,horizon,"{""duration_s_per_channel"": [0.29], ""longest_continuous_s_per_channel"": [0.17], ""duration_any_s"": 0.29}","{""duration_s_per_channel"": [0.29], ""longest_continuous_s_per_channel"": [0.17], ""duration_any_s"": 0.29}","{""duration_s_per_channel"": [0.0], ""longest_continuous_s_per_channel"": [0.0], ""duration_any_s"": 0.0}","{""duration_s_per_channel"": [0.0], ""longest_continuous_s_per_channel"": [0.0], ""duration_any_s"": 0.0}","{""duration_s_per_channel"": [0.0], ""longest_continuous_s_per_channel"": [0.0], ""duration_any_s"": 0.0}","{""duration_s_per_channel"": [0.0], ""longest_continuous_s_per_channel"": [0.0], ""duration_any_s"": 0.0}","{""duration_s_per_channel"": [0.0], ""longest_continuous_s_per_channel"": [0.0], ""duration_any_s"": 0.0}","{""duration_s_per_channel"": [0.0], ""longest_continuous_s_per_channel"": [0.0], ""duration_any_s"": 0.0}","[-0.17649907091822561, 0.21411746355334108, 0.0536514456923255]",0.27748551355613715,0.0536514456923255
