label,condition,gain,completed,actual_duration_sec,end_reason,motor,allocator_clipped__duration_s_per_channel,allocator_clipped__longest_continuous_s_per_channel,allocator_lower__duration_s_per_channel,allocator_lower__longest_continuous_s_per_channel,allocator_upper__duration_s_per_channel,allocator_upper__longest_continuous_s_per_channel,esc_lower__duration_s_per_channel,esc_lower__longest_continuous_s_per_channel,esc_upper__duration_s_per_channel,esc_upper__longest_continuous_s_per_channel,actual_effective_upper__duration_s_per_channel,actual_effective_upper__longest_continuous_s_per_channel,policy_action_at_bound__duration_s_per_channel,policy_action_at_bound__longest_continuous_s_per_channel,policy_action_clipped__duration_s_per_channel,policy_action_clipped__longest_continuous_s_per_channel,allocator_lower_margin_n_minimum_per_motor,allocator_upper_margin_n_minimum_per_motor,esc_lower_margin_minimum_per_motor,esc_upper_margin_minimum_per_motor,effective_max_margin_n_minimum_per_motor,nominal_max_thrust_n_minimum_per_motor,nominal_max_thrust_n_maximum_per_motor,effective_max_thrust_n_minimum_per_motor,effective_max_thrust_n_maximum_per_motor,thrust_lag_rms_n_per_motor
A_best,nominal,no_integral,True,60.0,horizon,1,0.0,0.0,0.0,0.0,0.0,0.0,0.0,0.0,0.0,0.0,0.0,0.0,0.0,0.0,0.0,0.0,0.10608781943199337,0.09317272527158255,0.5445250322635028,0.45344813304266796,0.09334842929037353,0.2,0.2,0.2,0.2,1.9786539396298477e-05
A_best,nominal,no_integral,True,60.0,horizon,2,0.0,0.0,0.0,0.0,0.0,0.0,0.0,0.0,0.0,0.0,0.0,0.0,0.0,0.0,0.0,0.0,0.1056541063434537,0.09290513386465199,0.5433342776748339,0.4527156952282009,0.09322790610416859,0.2,0.2,0.2,0.2,4.853845212816196e-05
A_best,nominal,no_integral,True,60.0,horizon,3,0.0,0.0,0.0,0.0,0.0,0.0,0.0,0.0,0.0,0.0,0.0,0.0,0.0,0.0,0.0,0.0,0.10626050377640389,0.09334738131334983,0.5449987316720872,0.45392648582351136,0.09347135858663615,0.2,0.2,0.2,0.2,6.860482614106698e-06
A_best,nominal,no_integral,True,60.0,horizon,4,0.0,0.0,0.0,0.0,0.0,0.0,0.0,0.0,0.0,0.0,0.0,0.0,0.0,0.0,0.0,0.0,0.10586889641945596,0.09241521406922501,0.5439241631748784,0.4513761109637442,0.09311040039565242,0.2,0.2,0.2,0.2,3.33670509610455e-05
B_best,nominal,no_integral,True,60.0,horizon,1,0.0,0.0,0.0,0.0,0.0,0.0,0.0,0.0,0.0,0.0,0.0,0.0,0.0,0.0,0.0,0.0,0.10348083943231043,0.08915205527603103,0.5373453793343408,0.4424987441414293,0.09144909078433726,0.2,0.2,0.2,0.2,0.00012145640018485999
B_best,nominal,no_integral,True,60.0,horizon,2,0.0,0.0,0.0,0.0,0.0,0.0,0.0,0.0,0.0,0.0,0.0,0.0,0.0,0.0,0.0,0.0,0.10521752633029427,0.09174335442457095,0.5421341780778369,0.44954196790985734,0.09280424558739014,0.2,0.2,0.2,0.2,5.7123357883777614e-05
B_best,nominal,no_integral,True,60.0,horizon,3,0.0,0.0,0.0,0.0,0.0,0.0,0.0,0.0,0.0,0.0,0.0,0.0,0.0,0.0,0.0,0.0,0.10362834240000592,0.088101977811932,0.5377530448749994,0.4396582093426138,0.091141694383681,0.2,0.2,0.2,0.2,0.00012867018750525029
B_best,nominal,no_integral,True,60.0,horizon,4,0.0,0.0,0.0,0.0,0.0,0.0,0.0,0.0,0.0,0.0,0.0,0.0,0.0,0.0,0.0,0.0,0.10542740116590521,0.0926829054676796,0.5427112810321129,0.45210783399302035,0.09295633442948528,0.2,0.2,0.2,0.2,3.897948700701306e-05
A_best,centered_payload,no_integral,True,60.0,horizon,1,0.0,0.0,0.0,0.0,0.0,0.0,0.0,0.0,0.0,0.0,0.0,0.0,0.0,0.0,0.0,0.0,0.10644243302100408,0.07225878867169397,0.5454975438093234,0.3976490956723422,0.07619338518978028,0.2,0.2,0.2,0.2,0.0003423798285141616
A_best,centered_payload,no_integral,True,60.0,horizon,2,0.0,0.0,0.0,0.0,0.0,0.0,0.0,0.0,0.0,0.0,0.0,0.0,0.0,0.0,0.0,0.0,0.10671204466234556,0.07425213854443968,0.5462362977132903,0.40285469972082266,0.0781539740825892,0.2,0.2,0.2,0.2,0.00032468052611515935
A_best,centered_payload,no_integral,True,60.0,horizon,3,0.0,0.0,0.0,0.0,0.0,0.0,0.0,0.0,0.0,0.0,0.0,0.0,0.0,0.0,0.0,0.0,0.10665261868665019,0.07440351515927673,0.5460735141764886,0.403250880308445,0.07682581417001073,0.2,0.2,0.2,0.2,0.00031972694489186077
A_best,centered_payload,no_integral,True,60.0,horizon,4,0.0,0.0,0.0,0.0,0.0,0.0,0.0,0.0,0.0,0.0,0.0,0.0,0.0,0.0,0.0,0.0,0.107584785930775,0.07457533389270446,0.5486238890362558,0.4037007113544786,0.07774243172565892,0.2,0.2,0.2,0.2,0.00031454381189147573
B_best,centered_payload,no_integral,True,60.0,horizon,1,0.0,0.0,0.0,0.0,0.0,0.0,0.0,0.0,0.0,0.0,0.0,0.0,0.0,0.0,0.0,0.0,0.11084794472396899,0.07705961214505601,0.5575012558585707,0.4102227797263751,0.07808340521612221,0.2,0.2,0.2,0.2,0.00028510411996349747
B_best,centered_payload,no_integral,True,60.0,horizon,2,0.0,0.0,0.0,0.0,0.0,0.0,0.0,0.0,0.0,0.0,0.0,0.0,0.0,0.0,0.0,0.0,0.10825664557542906,0.07427672583809339,0.5504580320901427,0.40291904082790175,0.0770229406952326,0.2,0.2,0.2,0.2,0.0003027020035751975
B_best,centered_payload,no_integral,True,60.0,horizon,3,0.0,0.0,0.0,0.0,0.0,0.0,0.0,0.0,0.0,0.0,0.0,0.0,0.0,0.0,0.0,0.0,0.111898022188068,0.07680679649769723,0.5603417906573862,0.4095574841509675,0.07814121193824516,0.2,0.2,0.2,0.2,0.00027835754322572213
B_best,centered_payload,no_integral,True,60.0,horizon,4,0.0,0.0,0.0,0.0,0.0,0.0,0.0,0.0,0.0,0.0,0.0,0.0,0.0,0.0,0.0,0.0,0.10723644076694763,0.07461411789910172,0.5476715968262034,0.40380227211161657,0.07724025806938901,0.2,0.2,0.2,0.2,0.00030773692137723994
A_best,offset_payload,no_integral,True,60.0,horizon,1,0.0,0.0,0.0,0.0,0.0,0.0,0.0,0.0,0.0,0.0,0.0,0.0,0.0,0.0,0.0,0.0,0.10644243302100408,0.049906643780395665,0.5454975438093234,0.34052675378949904,0.06289076965451446,0.2,0.2,0.2,0.2,0.001031125991910599
A_best,offset_payload,no_integral,True,60.0,horizon,2,0.0,0.0,0.0,0.0,0.0,0.0,0.0,0.0,0.0,0.0,0.0,0.0,0.0,0.0,0.0,0.0,0.08620230139162141,0.06529496075687061,0.48823049730948004,0.3796200639048056,0.08067663343698087,0.2,0.2,0.2,0.2,0.001071664023892515
A_best,offset_payload,no_integral,True,60.0,horizon,3,0.0,0.0,0.0,0.0,0.0,0.0,0.0,0.0,0.0,0.0,0.0,0.0,0.0,0.0,0.0,0.0,0.09142449670463727,0.0791633116175647,0.5033824614675109,0.4157729357963218,0.0863260939243688,0.2,0.2,0.2,0.2,0.0005517469211060536
A_best,offset_payload,no_integral,True,60.0,horizon,4,0.0,0.0,0.0,0.0,0.0,0.0,0.0,0.0,0.0,0.0,0.0,0.0,0.0,0.0,0.0,0.0,0.107584785930775,0.04914706158610746,0.5486238890362558,0.3386200122204496,0.061098957673363985,0.2,0.2,0.2,0.2,0.0008238292085592042
B_best,offset_payload,no_integral,True,60.0,horizon,1,0.0,0.0,0.0,0.0,0.0,0.0,0.0,0.0,0.0,0.0,0.0,0.0,0.0,0.0,0.0,0.0,0.10874675902696974,0.049835196356451034,0.5517939096782379,0.34034732001268697,0.06028092916911651,0.2,0.2,0.2,0.2,0.0010948139973941656
B_best,offset_payload,no_integral,True,60.0,horizon,2,0.0,0.0,0.0,0.0,0.0,0.0,0.0,0.0,0.0,0.0,0.0,0.0,0.0,0.0,0.0,0.0,0.07820461516263547,0.0628126597315258,0.4644139951539059,0.37324849006192085,0.08016912632588799,0.2,0.2,0.2,0.2,0.0012428108488914636
B_best,offset_payload,no_integral,True,60.0,horizon,3,0.0,0.0,0.0,0.0,0.0,0.0,0.0,0.0,0.0,0.0,0.0,0.0,0.0,0.0,0.0,0.0,0.08152967911983627,0.07374976274607156,0.47441196404626107,0.40154077006597333,0.08503115416817117,0.2,0.2,0.2,0.2,0.0007858686233521372
B_best,offset_payload,no_integral,True,60.0,horizon,4,0.0,0.0,0.0,0.0,0.0,0.0,0.0,0.0,0.0,0.0,0.0,0.0,0.0,0.0,0.0,0.0,0.10723644076694763,0.05971041581111747,0.5476715968262034,0.3653232171718679,0.06427692213708991,0.2,0.2,0.2,0.2,0.0007763617925496227
A_best,motor_80,no_integral,True,60.0,horizon,1,0.0,0.0,0.0,0.0,0.0,0.0,0.0,0.0,0.0,0.0,0.0,0.0,0.0,0.0,0.0,0.0,0.10608781943199337,0.032486666730792896,0.5445250322635028,0.2972326026047174,0.042168243494934476,0.2,0.2,0.16000000000000003,0.2,0.0013946789773355201
A_best,motor_80,no_integral,True,60.0,horizon,2,0.0,0.0,0.0,0.0,0.0,0.0,0.0,0.0,0.0,0.0,0.0,0.0,0.0,0.0,0.0,0.0,0.09545194058035227,0.08096193674947595,0.5148764043084405,0.4205388046774676,0.0877149381523029,0.2,0.2,0.2,0.2,0.0006630850652733738
A_best,motor_80,no_integral,True,60.0,horizon,3,0.0,0.0,0.0,0.0,0.0,0.0,0.0,0.0,0.0,0.0,0.0,0.0,0.0,0.0,0.0,0.0,0.09033732573600106,0.07863281346498205,0.5002519825720604,0.41437091784350333,0.08727326766804663,0.2,0.2,0.2,0.2,0.0006052765273588614
A_best,motor_80,no_integral,True,60.0,horizon,4,0.0,0.0,0.0,0.0,0.0,0.0,0.0,0.0,0.0,0.0,0.0,0.0,0.0,0.0,0.0,0.0,0.09741121831329265,0.08397669031884751,0.5204120095456773,0.42857146583016814,0.08992625329460613,0.2,0.2,0.2,0.2,0.00040821769177794883
B_best,motor_80,no_integral,True,60.0,horizon,1,0.0,0.0,0.0,0.0,0.0,0.0,0.0,0.0,0.0,0.0,0.0,0.0,0.0,0.0,0.0,0.0,0.10348083943231043,0.0412396146738406,0.5373453793343408,0.3188792706035476,0.046056525874147325,0.2,0.2,0.16000000000000003,0.2,0.001161177422993957
B_best,motor_80,no_integral,True,60.0,horizon,2,0.0,0.0,0.0,0.0,0.0,0.0,0.0,0.0,0.0,0.0,0.0,0.0,0.0,0.0,0.0,0.0,0.09337306524734451,0.08099938245593816,0.5089633384845151,0.42063823214028584,0.0867555356600414,0.2,0.2,0.2,0.2,0.0008980853185058095
B_best,motor_80,no_integral,True,60.0,horizon,3,0.0,0.0,0.0,0.0,0.0,0.0,0.0,0.0,0.0,0.0,0.0,0.0,0.0,0.0,0.0,0.0,0.07916651136708498,0.06458179220420285,0.4673210609902091,0.3777866817097475,0.08143339331678294,0.2,0.2,0.2,0.2,0.0013024516778557022
B_best,motor_80,no_integral,True,60.0,horizon,4,0.0,0.0,0.0,0.0,0.0,0.0,0.0,0.0,0.0,0.0,0.0,0.0,0.0,0.0,0.0,0.0,0.09447247072854478,0.08171365403784854,0.5120956127263259,0.4225364346754914,0.0869125342978107,0.2,0.2,0.2,0.2,0.0007945435296729493
A_best,motor_70,no_integral,True,60.0,horizon,1,0.0,0.0,0.0,0.0,0.0,0.0,0.0,0.0,0.0,0.0,0.0,0.0,0.0,0.0,0.0,0.0,0.10608781943199337,0.003931860817610211,0.5445250322635028,0.22765163964108415,0.01863614590270915,0.2,0.2,0.13999999999999999,0.2,0.0017831613576897352
A_best,motor_70,no_integral,True,60.0,horizon,2,0.0,0.0,0.0,0.0,0.0,0.0,0.0,0.0,0.0,0.0,0.0,0.0,0.0,0.0,0.0,0.0,0.08843428700143051,0.07632637210315235,0.49474243946358254,0.40829421633176843,0.08449172715960487,0.2,0.2,0.2,0.2,0.0008550341143412932
A_best,motor_70,no_integral,True,60.0,horizon,3,0.0,0.0,0.0,0.0,0.0,0.0,0.0,0.0,0.0,0.0,0.0,0.0,0.0,0.0,0.0,0.0,0.08187309022688405,0.0719245788959609,0.47543651156586475,0.3967783480506758,0.08430488408257042,0.2,0.2,0.2,0.2,0.0008455815382636092
A_best,motor_70,no_integral,True,60.0,horizon,4,0.0,0.0,0.0,0.0,0.0,0.0,0.0,0.0,0.0,0.0,0.0,0.0,0.0,0.0,0.0,0.0,0.0899380197813453,0.07466890940362014,0.4990991154328981,0.4039457643689188,0.08545726119676533,0.2,0.2,0.2,0.2,0.0006533504000032486
B_best,motor_70,no_integral,True,60.0,horizon,1,0.0,0.0,0.0,0.0,0.0,0.0,0.0,0.0,0.0,0.0,0.0,0.0,0.0,0.0,0.0,0.0,0.10348083943231043,0.013713986240788734,0.5373453793343408,0.2513543391455776,0.02407180056231345,0.2,0.2,0.13999999999999999,0.2,0.0014981215277262796
B_best,motor_70,no_integral,True,60.0,horizon,2,0.0,0.0,0.0,0.0,0.0,0.0,0.0,0.0,0.0,0.0,0.0,0.0,0.0,0.0,0.0,0.0,0.08469079885673537,0.07897001263843335,0.48378871606881185,0.41526188823758403,0.08438835716992536,0.2,0.2,0.2,0.2,0.0008711278535463075
B_best,motor_70,no_integral,True,60.0,horizon,3,0.0,0.0,0.0,0.0,0.0,0.0,0.0,0.0,0.0,0.0,0.0,0.0,0.0,0.0,0.0,0.0,0.06569099275711118,0.05238472556977322,0.42535734719810403,0.34676111446848024,0.07619307516927581,0.2,0.2,0.2,0.2,0.0017099810932541266
B_best,motor_70,no_integral,True,60.0,horizon,4,0.0,0.0,0.0,0.0,0.0,0.0,0.0,0.0,0.0,0.0,0.0,0.0,0.0,0.0,0.0,0.0,0.08325752462971256,0.08063263584336142,0.4795521719305333,0.4196647965912297,0.08473391793702419,0.2,0.2,0.2,0.2,0.0008022514177005238
A_best,combined_80,no_integral,True,60.0,horizon,1,0.0,0.0,0.0,0.0,0.0,0.0,0.0,0.0,0.0,0.0,0.0,0.0,0.0,0.0,0.0,0.0,0.10644243302100408,0.006687375748364033,0.5454975438093234,0.23431849902782353,0.02049275122953753,0.2,0.2,0.16000000000000003,0.2,0.0016445196378147948
A_best,combined_80,no_integral,True,60.0,horizon,2,0.0,0.0,0.0,0.0,0.0,0.0,0.0,0.0,0.0,0.0,0.0,0.0,0.0,0.0,0.0,0.0,0.08597659474999605,0.06529496075687061,0.48756888701170276,0.3796200639048056,0.08067663343698087,0.2,0.2,0.2,0.2,0.0015513313926964448
A_best,combined_80,no_integral,True,60.0,horizon,3,0.0,0.0,0.0,0.0,0.0,0.0,0.0,0.0,0.0,0.0,0.0,0.0,0.0,0.0,0.0,0.0,0.09002075341067167,0.07618163126421104,0.49933811913205434,0.40791387576329696,0.08549194437668091,0.2,0.2,0.2,0.2,0.0008102933879252538
A_best,combined_80,no_integral,True,60.0,horizon,4,0.0,0.0,0.0,0.0,0.0,0.0,0.0,0.0,0.0,0.0,0.0,0.0,0.0,0.0,0.0,0.0,0.107584785930775,0.04914706158610746,0.5486238890362558,0.3386200122204496,0.061098957673363985,0.2,0.2,0.2,0.2,0.0010292182110797387
B_best,combined_80,no_integral,True,60.0,horizon,1,0.0,0.0,0.0,0.0,0.0,0.0,0.0,0.0,0.0,0.0,0.0,0.0,0.0,0.0,0.0,0.0,0.10874675902696974,0.014393199394249823,0.5517939096782379,0.2530042057763474,0.023713283038449023,0.2,0.2,0.16000000000000003,0.2,0.0015476292755307564
B_best,combined_80,no_integral,True,60.0,horizon,2,0.0,0.0,0.0,0.0,0.0,0.0,0.0,0.0,0.0,0.0,0.0,0.0,0.0,0.0,0.0,0.0,0.07820461516263547,0.0628126597315258,0.4644139951539059,0.37324849006192085,0.08016912632588799,0.2,0.2,0.2,0.2,0.0012877128765759517
B_best,combined_80,no_integral,True,60.0,horizon,3,0.0,0.0,0.0,0.0,0.0,0.0,0.0,0.0,0.0,0.0,0.0,0.0,0.0,0.0,0.0,0.0,0.07806054090967446,0.06106554714455248,0.4639775075668515,0.3687801587978009,0.07925085478672815,0.2,0.2,0.2,0.2,0.0015074105243959876
B_best,combined_80,no_integral,True,60.0,horizon,4,0.0,0.0,0.0,0.0,0.0,0.0,0.0,0.0,0.0,0.0,0.0,0.0,0.0,0.0,0.0,0.0,0.10723644076694763,0.059182421969386084,0.5476715968262034,0.3639783562103376,0.06427692213708991,0.2,0.2,0.2,0.2,0.0009754531209894059
A_best,combined_70,no_integral,True,60.0,horizon,1,0.52,0.3,0.0,0.0,0.52,0.3,0.0,0.0,0.0,0.0,0.0,0.0,0.0,0.0,0.0,0.0,0.10644243302100408,0.0,0.5454975438093234,0.21814922562016836,3.841525674880275e-05,0.2,0.2,0.13999999999999999,0.2,0.001871170414130625
A_best,combined_70,no_integral,True,60.0,horizon,2,0.0,0.0,0.0,0.0,0.0,0.0,0.0,0.0,0.0,0.0,0.0,0.0,0.0,0.0,0.0,0.0,0.08542044607835711,0.06495259372901682,0.4859361778362878,0.3787396343392121,0.07862791591296524,0.2,0.2,0.2,0.2,0.0014456207094959215
A_best,combined_70,no_integral,True,60.0,horizon,3,0.0,0.0,0.0,0.0,0.0,0.0,0.0,0.0,0.0,0.0,0.0,0.0,0.0,0.0,0.0,0.0,0.08031160589484806,0.07268699632987308,0.4707659595835554,0.3987655911605784,0.07850613702336912,0.2,0.2,0.2,0.2,0.000972348932332531
A_best,combined_70,no_integral,True,60.0,horizon,4,0.0,0.0,0.0,0.0,0.0,0.0,0.0,0.0,0.0,0.0,0.0,0.0,0.0,0.0,0.0,0.0,0.10041977779381023,0.0464261612634716,0.5288448714315095,0.33180546389225185,0.05751443886327895,0.2,0.2,0.2,0.2,0.0012626013057378393
B_best,combined_70,no_integral,True,60.0,horizon,1,0.29,0.17,0.0,0.0,0.29,0.17,0.0,0.0,0.0,0.0,0.0,0.0,0.0,0.0,0.0,0.0,0.10874675902696974,0.0,0.5517939096782379,0.21814922562016836,0.00015356438759189794,0.2,0.2,0.13999999999999999,0.2,0.0017283065985923048
B_best,combined_70,no_integral,True,60.0,horizon,2,0.0,0.0,0.0,0.0,0.0,0.0,0.0,0.0,0.0,0.0,0.0,0.0,0.0,0.0,0.0,0.0,0.07820461516263547,0.0628126597315258,0.4644139951539059,0.37324849006192085,0.08016912632588799,0.2,0.2,0.2,0.2,0.0013657303326024483
B_best,combined_70,no_integral,True,60.0,horizon,3,0.0,0.0,0.0,0.0,0.0,0.0,0.0,0.0,0.0,0.0,0.0,0.0,0.0,0.0,0.0,0.0,0.06500402325747949,0.0570077995284157,0.4231389116735895,0.3584511639793465,0.07999410657499173,0.2,0.2,0.2,0.2,0.0015849206021303268
B_best,combined_70,no_integral,True,60.0,horizon,4,0.0,0.0,0.0,0.0,0.0,0.0,0.0,0.0,0.0,0.0,0.0,0.0,0.0,0.0,0.0,0.0,0.09311215773456968,0.05321940181428067,0.5082182662060422,0.3488658649738665,0.058355379855044104,0.2,0.2,0.2,0.2,0.0012404212641782266
A_best,nominal,integral_005,True,60.0,horizon,1,0.0,0.0,0.0,0.0,0.0,0.0,0.0,0.0,0.0,0.0,0.0,0.0,0.0,0.0,0.0,0.0,0.10608773492207597,0.09317272894507282,0.544524800383828,0.45344814310128834,0.09334843510378925,0.2,0.2,0.2,0.2,1.978667164022123e-05
A_best,nominal,integral_005,True,60.0,horizon,2,0.0,0.0,0.0,0.0,0.0,0.0,0.0,0.0,0.0,0.0,0.0,0.0,0.0,0.0,0.0,0.0,0.10565405359385735,0.09290529871408527,0.5433341327628715,0.4527161462790513,0.09322790697557205,0.2,0.2,0.2,0.2,4.85388234682593e-05
A_best,nominal,integral_005,True,60.0,horizon,3,0.0,0.0,0.0,0.0,0.0,0.0,0.0,0.0,0.0,0.0,0.0,0.0,0.0,0.0,0.0,0.0,0.10626031115823985,0.09334738131334983,0.5449982034187553,0.45392648582351136,0.09347135878127685,0.2,0.2,0.2,0.2,6.861548288287184e-06
A_best,nominal,integral_005,True,60.0,horizon,4,0.0,0.0,0.0,0.0,0.0,0.0,0.0,0.0,0.0,0.0,0.0,0.0,0.0,0.0,0.0,0.0,0.10586887858496505,0.09241521406922501,0.5439241142102116,0.4513761109637442,0.0931103998591896,0.2,0.2,0.2,0.2,3.336720132670808e-05
B_best,nominal,integral_005,True,60.0,horizon,1,0.0,0.0,0.0,0.0,0.0,0.0,0.0,0.0,0.0,0.0,0.0,0.0,0.0,0.0,0.0,0.0,0.1034804440235573,0.08915205527603103,0.537344286276076,0.4424987441414293,0.09144909306452029,0.2,0.2,0.2,0.2,0.00012145649864501559
B_best,nominal,integral_005,True,60.0,horizon,2,0.0,0.0,0.0,0.0,0.0,0.0,0.0,0.0,0.0,0.0,0.0,0.0,0.0,0.0,0.0,0.0,0.10521616161695532,0.09174335442457095,0.5421304243338386,0.44954196790985734,0.09280424703146396,0.2,0.2,0.2,0.2,5.712839280372448e-05
B_best,nominal,integral_005,True,60.0,horizon,3,0.0,0.0,0.0,0.0,0.0,0.0,0.0,0.0,0.0,0.0,0.0,0.0,0.0,0.0,0.0,0.0,0.10362803378741285,0.088101977811932,0.5377521921212998,0.4396582093426138,0.09114169531358499,0.2,0.2,0.2,0.2,0.00012867042664871546
B_best,nominal,integral_005,True,60.0,horizon,4,0.0,0.0,0.0,0.0,0.0,0.0,0.0,0.0,0.0,0.0,0.0,0.0,0.0,0.0,0.0,0.0,0.10542663304717576,0.09268290847936157,0.5427091695255154,0.452107842228352,0.09295634851401569,0.2,0.2,0.2,0.2,3.898677858250738e-05
A_best,centered_payload,integral_005,True,60.0,horizon,1,0.0,0.0,0.0,0.0,0.0,0.0,0.0,0.0,0.0,0.0,0.0,0.0,0.0,0.0,0.0,0.0,0.10644243302100408,0.07225557328060689,0.5454975438093234,0.39764071556445857,0.07619037593181306,0.2,0.2,0.2,0.2,0.00034238789981004276
A_best,centered_payload,integral_005,True,60.0,horizon,2,0.0,0.0,0.0,0.0,0.0,0.0,0.0,0.0,0.0,0.0,0.0,0.0,0.0,0.0,0.0,0.0,0.10671204466234556,0.0742504971766923,0.5462362977132903,0.40285040463350374,0.07815136641068034,0.2,0.2,0.2,0.2,0.0003246906465397895
A_best,centered_payload,integral_005,True,60.0,horizon,3,0.0,0.0,0.0,0.0,0.0,0.0,0.0,0.0,0.0,0.0,0.0,0.0,0.0,0.0,0.0,0.0,0.10665261868665019,0.07439983074829312,0.5460735141764886,0.40324123605879136,0.07682128858621232,0.2,0.2,0.2,0.2,0.0003197451786002754
A_best,centered_payload,integral_005,True,60.0,horizon,4,0.0,0.0,0.0,0.0,0.0,0.0,0.0,0.0,0.0,0.0,0.0,0.0,0.0,0.0,0.0,0.0,0.107584785930775,0.07457328337019345,0.5486238890362558,0.4036953420319679,0.07773996125910568,0.2,0.2,0.2,0.2,0.00031455251264374647
B_best,centered_payload,integral_005,True,60.0,horizon,1,0.0,0.0,0.0,0.0,0.0,0.0,0.0,0.0,0.0,0.0,0.0,0.0,0.0,0.0,0.0,0.0,0.11084794472396899,0.07705810525815363,0.5575012558585707,0.41021881321746945,0.07807777934025437,0.2,0.2,0.2,0.2,0.00028512045112061356
B_best,centered_payload,integral_005,True,60.0,horizon,2,0.0,0.0,0.0,0.0,0.0,0.0,0.0,0.0,0.0,0.0,0.0,0.0,0.0,0.0,0.0,0.0,0.10825664557542906,0.07427304063571,0.5504580320901427,0.40290939702182704,0.07701894399737202,0.2,0.2,0.2,0.2,0.0003027200702072459
B_best,centered_payload,integral_005,True,60.0,horizon,3,0.0,0.0,0.0,0.0,0.0,0.0,0.0,0.0,0.0,0.0,0.0,0.0,0.0,0.0,0.0,0.0,0.111898022188068,0.07680254089409635,0.5603417906573862,0.4095462884257728,0.07813613535276405,0.2,0.2,0.2,0.2,0.0002783759044665636
B_best,centered_payload,integral_005,True,60.0,horizon,4,0.0,0.0,0.0,0.0,0.0,0.0,0.0,0.0,0.0,0.0,0.0,0.0,0.0,0.0,0.0,0.0,0.10723644076694763,0.07461130176163824,0.5476715968262034,0.40379489743057273,0.07723570239050101,0.2,0.2,0.2,0.2,0.0003077517273096212
A_best,offset_payload,integral_005,True,60.0,horizon,1,0.0,0.0,0.0,0.0,0.0,0.0,0.0,0.0,0.0,0.0,0.0,0.0,0.0,0.0,0.0,0.0,0.10644243302100408,0.04990582483683961,0.5454975438093234,0.3405246969884782,0.06289006351312271,0.2,0.2,0.2,0.2,0.0010310178915441518
A_best,offset_payload,integral_005,True,60.0,horizon,2,0.0,0.0,0.0,0.0,0.0,0.0,0.0,0.0,0.0,0.0,0.0,0.0,0.0,0.0,0.0,0.0,0.08620986145558629,0.06529179976990432,0.48825264800390866,0.3796119326851266,0.08067429991466774,0.2,0.2,0.2,0.2,0.0010712453263622345
A_best,offset_payload,integral_005,True,60.0,horizon,3,0.0,0.0,0.0,0.0,0.0,0.0,0.0,0.0,0.0,0.0,0.0,0.0,0.0,0.0,0.0,0.0,0.09142468553574161,0.07915864135802585,0.5033830041476752,0.41576058588920317,0.08630793368729202,0.2,0.2,0.2,0.2,0.0005517939141543222
A_best,offset_payload,integral_005,True,60.0,horizon,4,0.0,0.0,0.0,0.0,0.0,0.0,0.0,0.0,0.0,0.0,0.0,0.0,0.0,0.0,0.0,0.0,0.107584785930775,0.04914608607455437,0.5486238890362558,0.33861756468648163,0.061097787664489145,0.2,0.2,0.2,0.2,0.0008236890245041992
B_best,offset_payload,integral_005,True,60.0,horizon,1,0.0,0.0,0.0,0.0,0.0,0.0,0.0,0.0,0.0,0.0,0.0,0.0,0.0,0.0,0.0,0.0,0.10876552986193047,0.04982290974271164,0.5518450373063121,0.34031646502928514,0.060270037268185334,0.2,0.2,0.2,0.2,0.0010948823484023824
B_best,offset_payload,integral_005,True,60.0,horizon,2,0.0,0.0,0.0,0.0,0.0,0.0,0.0,0.0,0.0,0.0,0.0,0.0,0.0,0.0,0.0,0.0,0.07820479455880522,0.06280831669509626,0.4644145384789868,0.3732373662244125,0.0801650994041564,0.2,0.2,0.2,0.2,0.00124277994306568
B_best,offset_payload,integral_005,True,60.0,horizon,3,0.0,0.0,0.0,0.0,0.0,0.0,0.0,0.0,0.0,0.0,0.0,0.0,0.0,0.0,0.0,0.0,0.08153000589210035,0.07374465659532675,0.47441293965113895,0.4015274221976015,0.08502729933096059,0.2,0.2,0.2,0.2,0.0007858619905089173
B_best,offset_payload,integral_005,True,60.0,horizon,4,0.0,0.0,0.0,0.0,0.0,0.0,0.0,0.0,0.0,0.0,0.0,0.0,0.0,0.0,0.0,0.0,0.10723644076694763,0.05970942026141943,0.5476715968262034,0.36532068031895804,0.06426530667776659,0.2,0.2,0.2,0.2,0.0007764560796287596
A_best,motor_80,integral_005,True,60.0,horizon,1,0.0,0.0,0.0,0.0,0.0,0.0,0.0,0.0,0.0,0.0,0.0,0.0,0.0,0.0,0.0,0.0,0.10608773492207597,0.03248577446717629,0.544524800383828,0.2972304056260915,0.04216771875550279,0.2,0.2,0.16000000000000003,0.2,0.0013946713476377358
A_best,motor_80,integral_005,True,60.0,horizon,2,0.0,0.0,0.0,0.0,0.0,0.0,0.0,0.0,0.0,0.0,0.0,0.0,0.0,0.0,0.0,0.0,0.09545838799659825,0.08094877863577507,0.514894678912662,0.4205038687051509,0.08770051318205195,0.2,0.2,0.2,0.2,0.0006628912738085973
A_best,motor_80,integral_005,True,60.0,horizon,3,0.0,0.0,0.0,0.0,0.0,0.0,0.0,0.0,0.0,0.0,0.0,0.0,0.0,0.0,0.0,0.0,0.090337960779221,0.07863122123877074,0.5002538147285019,0.41436671232890476,0.08727154035019644,0.2,0.2,0.2,0.2,0.0006052584290050925
A_best,motor_80,integral_005,True,60.0,horizon,4,0.0,0.0,0.0,0.0,0.0,0.0,0.0,0.0,0.0,0.0,0.0,0.0,0.0,0.0,0.0,0.0,0.0974113091247904,0.08397486010573915,0.5204122653012919,0.4285665719557632,0.08992467132780407,0.2,0.2,0.2,0.2,0.0004081734890396491
B_best,motor_80,integral_005,True,60.0,horizon,1,0.0,0.0,0.0,0.0,0.0,0.0,0.0,0.0,0.0,0.0,0.0,0.0,0.0,0.0,0.0,0.0,0.1034804440235573,0.04123927537091099,0.537344286276076,0.3188784275546187,0.046056074283664594,0.2,0.2,0.16000000000000003,0.2,0.0011612413837733134
B_best,motor_80,integral_005,True,60.0,horizon,2,0.0,0.0,0.0,0.0,0.0,0.0,0.0,0.0,0.0,0.0,0.0,0.0,0.0,0.0,0.0,0.0,0.09337312970425495,0.08097379017026904,0.5089635224711763,0.4205702774730071,0.08673152282377086,0.2,0.2,0.2,0.2,0.0008984815454301555
B_best,motor_80,integral_005,True,60.0,horizon,3,0.0,0.0,0.0,0.0,0.0,0.0,0.0,0.0,0.0,0.0,0.0,0.0,0.0,0.0,0.0,0.0,0.07917272209737182,0.06457951629737016,0.4673397914240353,0.37778083458859946,0.08143135439586813,0.2,0.2,0.2,0.2,0.0013023135646668144
B_best,motor_80,integral_005,True,60.0,horizon,4,0.0,0.0,0.0,0.0,0.0,0.0,0.0,0.0,0.0,0.0,0.0,0.0,0.0,0.0,0.0,0.0,0.09447253668257671,0.08168789926596308,0.5120958002829813,0.42246793611497324,0.0868867158517098,0.2,0.2,0.2,0.2,0.0007940937812170833
A_best,motor_70,integral_005,True,60.0,horizon,1,0.0,0.0,0.0,0.0,0.0,0.0,0.0,0.0,0.0,0.0,0.0,0.0,0.0,0.0,0.0,0.0,0.10608773492207597,0.003929986141881586,0.544524800383828,0.22764710617734984,0.01863504830459478,0.2,0.2,0.13999999999999999,0.2,0.0017831814839917776
A_best,motor_70,integral_005,True,60.0,horizon,2,0.0,0.0,0.0,0.0,0.0,0.0,0.0,0.0,0.0,0.0,0.0,0.0,0.0,0.0,0.0,0.0,0.08844790843305805,0.0762946440204504,0.49478201273474126,0.40821083334317076,0.08446138319918264,0.2,0.2,0.2,0.2,0.0008546821053986253
A_best,motor_70,integral_005,True,60.0,horizon,3,0.0,0.0,0.0,0.0,0.0,0.0,0.0,0.0,0.0,0.0,0.0,0.0,0.0,0.0,0.0,0.0,0.08187410771940774,0.07192116352985758,0.4754395450191272,0.396769452657605,0.08430074891604963,0.2,0.2,0.2,0.2,0.0008456047284600608
A_best,motor_70,integral_005,True,60.0,horizon,4,0.0,0.0,0.0,0.0,0.0,0.0,0.0,0.0,0.0,0.0,0.0,0.0,0.0,0.0,0.0,0.0,0.08993811417786068,0.07466520045415212,0.49909938816965826,0.40393605057050586,0.08545395410199895,0.2,0.2,0.2,0.2,0.0006533252723724532
B_best,motor_70,integral_005,True,60.0,horizon,1,0.0,0.0,0.0,0.0,0.0,0.0,0.0,0.0,0.0,0.0,0.0,0.0,0.0,0.0,0.0,0.0,0.1034804440235573,0.013712581978455485,0.537344286276076,0.2513509287001685,0.024070556023234616,0.2,0.2,0.13999999999999999,0.2,0.0014981890693988305
B_best,motor_70,integral_005,True,60.0,horizon,2,0.0,0.0,0.0,0.0,0.0,0.0,0.0,0.0,0.0,0.0,0.0,0.0,0.0,0.0,0.0,0.0,0.08469075931055886,0.07896348669408468,0.48378859951070763,0.41524463864259964,0.08434054413797705,0.2,0.2,0.2,0.2,0.0008716633376944583
B_best,motor_70,integral_005,True,60.0,horizon,3,0.0,0.0,0.0,0.0,0.0,0.0,0.0,0.0,0.0,0.0,0.0,0.0,0.0,0.0,0.0,0.0,0.06569073062100776,0.05237990359124681,0.4253565023077771,0.34674896243779063,0.07618887814685177,0.2,0.2,0.2,0.2,0.0017097469974004986
B_best,motor_70,integral_005,True,60.0,horizon,4,0.0,0.0,0.0,0.0,0.0,0.0,0.0,0.0,0.0,0.0,0.0,0.0,0.0,0.0,0.0,0.0,0.08325741554056908,0.08058236403773716,0.47955184854732813,0.41953142625635964,0.08468287923521212,0.2,0.2,0.2,0.2,0.0008018877292843095
A_best,combined_80,integral_005,True,60.0,horizon,1,0.0,0.0,0.0,0.0,0.0,0.0,0.0,0.0,0.0,0.0,0.0,0.0,0.0,0.0,0.0,0.0,0.10644243302100408,0.006677919556406731,0.5454975438093234,0.2342956083186234,0.02049075608877496,0.2,0.2,0.16000000000000003,0.2,0.0016447920632293813
A_best,combined_80,integral_005,True,60.0,horizon,2,0.0,0.0,0.0,0.0,0.0,0.0,0.0,0.0,0.0,0.0,0.0,0.0,0.0,0.0,0.0,0.0,0.0860118221057888,0.06529179976990432,0.48767218650647903,0.3796119326851266,0.08067429991466774,0.2,0.2,0.2,0.2,0.0015501526037576588
A_best,combined_80,integral_005,True,60.0,horizon,3,0.0,0.0,0.0,0.0,0.0,0.0,0.0,0.0,0.0,0.0,0.0,0.0,0.0,0.0,0.0,0.0,0.09001406301965273,0.07616427549435548,0.49931879437237475,0.40786827723539043,0.08548315752003491,0.2,0.2,0.2,0.2,0.0008106041341103666
A_best,combined_80,integral_005,True,60.0,horizon,4,0.0,0.0,0.0,0.0,0.0,0.0,0.0,0.0,0.0,0.0,0.0,0.0,0.0,0.0,0.0,0.0,0.107584785930775,0.04914608607455437,0.5486238890362558,0.33861756468648163,0.061097787664489145,0.2,0.2,0.2,0.2,0.001028878271303095
B_best,combined_80,integral_005,True,60.0,horizon,1,0.0,0.0,0.0,0.0,0.0,0.0,0.0,0.0,0.0,0.0,0.0,0.0,0.0,0.0,0.0,0.0,0.10876552986193047,0.014383815058999938,0.5518450373063121,0.2529814062642901,0.023714240343603282,0.2,0.2,0.16000000000000003,0.2,0.0015482223445595577
B_best,combined_80,integral_005,True,60.0,horizon,2,0.0,0.0,0.0,0.0,0.0,0.0,0.0,0.0,0.0,0.0,0.0,0.0,0.0,0.0,0.0,0.0,0.07820479455880522,0.06280831669509626,0.4644145384789868,0.3732373662244125,0.0801650994041564,0.2,0.2,0.2,0.2,0.001287759063123276
B_best,combined_80,integral_005,True,60.0,horizon,3,0.0,0.0,0.0,0.0,0.0,0.0,0.0,0.0,0.0,0.0,0.0,0.0,0.0,0.0,0.0,0.0,0.07805934784807066,0.06104355268180328,0.46397389190002775,0.36872398966954156,0.07924003726601622,0.2,0.2,0.2,0.2,0.0015085535225171404
B_best,combined_80,integral_005,True,60.0,horizon,4,0.0,0.0,0.0,0.0,0.0,0.0,0.0,0.0,0.0,0.0,0.0,0.0,0.0,0.0,0.0,0.0,0.10723644076694763,0.05918102171969744,0.5476715968262034,0.3639747911251858,0.06426530667776659,0.2,0.2,0.2,0.2,0.000975505812655846
A_best,combined_70,integral_005,True,60.0,horizon,1,0.51,0.3,0.0,0.0,0.51,0.3,0.0,0.0,0.0,0.0,0.0,0.0,0.0,0.0,0.0,0.0,0.10644243302100408,0.0,0.5454975438093234,0.21814922562016836,3.82179392552362e-05,0.2,0.2,0.13999999999999999,0.2,0.0018689636570945038
A_best,combined_70,integral_005,True,60.0,horizon,2,0.0,0.0,0.0,0.0,0.0,0.0,0.0,0.0,0.0,0.0,0.0,0.0,0.0,0.0,0.0,0.0,0.08544139219774353,0.06500701009933302,0.4859977345022502,0.3788795356570335,0.07864298050189078,0.2,0.2,0.2,0.2,0.0014447056138698327
A_best,combined_70,integral_005,True,60.0,horizon,3,0.0,0.0,0.0,0.0,0.0,0.0,0.0,0.0,0.0,0.0,0.0,0.0,0.0,0.0,0.0,0.0,0.08029808045709552,0.07277106569990291,0.4707253686297449,0.39898490329421354,0.0785534632983273,0.2,0.2,0.2,0.2,0.0009721883492286326
A_best,combined_70,integral_005,True,60.0,horizon,4,0.0,0.0,0.0,0.0,0.0,0.0,0.0,0.0,0.0,0.0,0.0,0.0,0.0,0.0,0.0,0.0,0.1004264778187785,0.04646939509583564,0.5288635631806946,0.33191355770788433,0.05756544895099602,0.2,0.2,0.2,0.2,0.0012606397171442065
B_best,combined_70,integral_005,True,60.0,horizon,1,0.29,0.17,0.0,0.0,0.29,0.17,0.0,0.0,0.0,0.0,0.0,0.0,0.0,0.0,0.0,0.0,0.10876552986193047,0.0,0.5518450373063121,0.21814922562016836,0.00015188202654950467,0.2,0.2,0.13999999999999999,0.2,0.0017280995165540349
B_best,combined_70,integral_005,True,60.0,horizon,2,0.0,0.0,0.0,0.0,0.0,0.0,0.0,0.0,0.0,0.0,0.0,0.0,0.0,0.0,0.0,0.0,0.07820479455880522,0.06280831669509626,0.4644145384789868,0.3732373662244125,0.0801650994041564,0.2,0.2,0.2,0.2,0.0013655133434357127
B_best,combined_70,integral_005,True,60.0,horizon,3,0.0,0.0,0.0,0.0,0.0,0.0,0.0,0.0,0.0,0.0,0.0,0.0,0.0,0.0,0.0,0.0,0.06500084064651865,0.05698214658938022,0.4231286140693995,0.3583860740070567,0.0799780396352265,0.2,0.2,0.2,0.2,0.0015851499139555286
B_best,combined_70,integral_005,True,60.0,horizon,4,0.0,0.0,0.0,0.0,0.0,0.0,0.0,0.0,0.0,0.0,0.0,0.0,0.0,0.0,0.0,0.0,0.09311969053882235,0.05324734331752756,0.5082397869868212,0.3489363667111235,0.0583869752050353,0.2,0.2,0.2,0.2,0.0012395506177345409
A_best,nominal,integral_010,True,60.0,horizon,1,0.0,0.0,0.0,0.0,0.0,0.0,0.0,0.0,0.0,0.0,0.0,0.0,0.0,0.0,0.0,0.0,0.10608765440846517,0.09317273701339937,0.5445245794692355,0.4534481651936868,0.09334843991855934,0.2,0.2,0.2,0.2,1.9786791483963764e-05
A_best,nominal,integral_010,True,60.0,horizon,2,0.0,0.0,0.0,0.0,0.0,0.0,0.0,0.0,0.0,0.0,0.0,0.0,0.0,0.0,0.0,0.0,0.10565397797480647,0.09290546541706773,0.5433339250246507,0.45271660240167855,0.09322790917941881,0.2,0.2,0.2,0.2,4.8538708819054445e-05
A_best,nominal,integral_010,True,60.0,horizon,3,0.0,0.0,0.0,0.0,0.0,0.0,0.0,0.0,0.0,0.0,0.0,0.0,0.0,0.0,0.0,0.0,0.10626012328966075,0.09334738131334983,0.5449976881908358,0.45392648582351136,0.09347136002181933,0.2,0.2,0.2,0.2,6.862508977390785e-06
A_best,nominal,integral_010,True,60.0,horizon,4,0.0,0.0,0.0,0.0,0.0,0.0,0.0,0.0,0.0,0.0,0.0,0.0,0.0,0.0,0.0,0.0,0.10586885251076938,0.09241521406922501,0.5439240426233936,0.4513761109637442,0.0931104000867854,0.2,0.2,0.2,0.2,3.3367371560763495e-05
B_best,nominal,integral_010,True,60.0,horizon,1,0.0,0.0,0.0,0.0,0.0,0.0,0.0,0.0,0.0,0.0,0.0,0.0,0.0,0.0,0.0,0.0,0.10348006940442585,0.08915205527603103,0.5373432506869683,0.4424987441414293,0.09144909514460181,0.2,0.2,0.2,0.2,0.00012145643231553696
B_best,nominal,integral_010,True,60.0,horizon,2,0.0,0.0,0.0,0.0,0.0,0.0,0.0,0.0,0.0,0.0,0.0,0.0,0.0,0.0,0.0,0.0,0.10521478540161382,0.09174335442457095,0.5421266389379902,0.44954196790985734,0.09280424759496128,0.2,0.2,0.2,0.2,5.7132853939639975e-05
B_best,nominal,integral_010,True,60.0,horizon,3,0.0,0.0,0.0,0.0,0.0,0.0,0.0,0.0,0.0,0.0,0.0,0.0,0.0,0.0,0.0,0.0,0.10362773258972223,0.088101977811932,0.537751359855606,0.4396582093426138,0.0911416960472819,0.2,0.2,0.2,0.2,0.00012867049663037308
B_best,nominal,integral_010,True,60.0,horizon,4,0.0,0.0,0.0,0.0,0.0,0.0,0.0,0.0,0.0,0.0,0.0,0.0,0.0,0.0,0.0,0.0,0.10542586689019737,0.09268292061469312,0.5427070634070575,0.4521078754119634,0.09295636423168657,0.2,0.2,0.2,0.2,3.899369927570285e-05
A_best,centered_payload,integral_010,True,60.0,horizon,1,0.0,0.0,0.0,0.0,0.0,0.0,0.0,0.0,0.0,0.0,0.0,0.0,0.0,0.0,0.0,0.0,0.10644243302100408,0.0722523506712972,0.5454975438093234,0.39763231669785604,0.07618736542120372,0.2,0.2,0.2,0.2,0.00034239603027931917
A_best,centered_payload,integral_010,True,60.0,horizon,2,0.0,0.0,0.0,0.0,0.0,0.0,0.0,0.0,0.0,0.0,0.0,0.0,0.0,0.0,0.0,0.0,0.10671204466234556,0.0742488494746851,0.5462362977132903,0.40284609298542584,0.07814875785486594,0.2,0.2,0.2,0.2,0.0003247008586197391
A_best,centered_payload,integral_010,True,60.0,horizon,3,0.0,0.0,0.0,0.0,0.0,0.0,0.0,0.0,0.0,0.0,0.0,0.0,0.0,0.0,0.0,0.0,0.10665261868665019,0.0743961288456941,0.5460735141764886,0.40323154609706713,0.07681676051334779,0.2,0.2,0.2,0.2,0.0003197635306236848
A_best,centered_payload,integral_010,True,60.0,horizon,4,0.0,0.0,0.0,0.0,0.0,0.0,0.0,0.0,0.0,0.0,0.0,0.0,0.0,0.0,0.0,0.0,0.107584785930775,0.07457123344638633,0.5486238890362558,0.40368997429989006,0.07773748704567957,0.2,0.2,0.2,0.2,0.0003145613100032493
B_best,centered_payload,integral_010,True,60.0,horizon,1,0.0,0.0,0.0,0.0,0.0,0.0,0.0,0.0,0.0,0.0,0.0,0.0,0.0,0.0,0.0,0.0,0.11084794472396899,0.0770566123756312,0.5575012558585707,0.41021488358431146,0.07807215540803022,0.2,0.2,0.2,0.2,0.0002851367466266153
B_best,centered_payload,integral_010,True,60.0,horizon,2,0.0,0.0,0.0,0.0,0.0,0.0,0.0,0.0,0.0,0.0,0.0,0.0,0.0,0.0,0.0,0.0,0.10825664557542906,0.07426933733666394,0.5504580320901427,0.4028997059321474,0.07701494765491013,0.2,0.2,0.2,0.2,0.0003027381799480727
B_best,centered_payload,integral_010,True,60.0,horizon,3,0.0,0.0,0.0,0.0,0.0,0.0,0.0,0.0,0.0,0.0,0.0,0.0,0.0,0.0,0.0,0.0,0.111898022188068,0.07679829165336033,0.5603417906573862,0.409535109541849,0.07813106307431669,0.2,0.2,0.2,0.2,0.00027839420808594393
B_best,centered_payload,integral_010,True,60.0,horizon,4,0.0,0.0,0.0,0.0,0.0,0.0,0.0,0.0,0.0,0.0,0.0,0.0,0.0,0.0,0.0,0.0,0.10723644076694763,0.0746085011817342,0.5476715968262034,0.40378756353300127,0.07723114663343734,0.2,0.2,0.2,0.2,0.00030776664014638475
A_best,offset_payload,integral_010,True,60.0,horizon,1,0.0,0.0,0.0,0.0,0.0,0.0,0.0,0.0,0.0,0.0,0.0,0.0,0.0,0.0,0.0,0.0,0.10644243302100408,0.0499050104213061,0.5454975438093234,0.3405226515619697,0.06288935876367849,0.2,0.2,0.2,0.2,0.0010309127174265
A_best,offset_payload,integral_010,True,60.0,horizon,2,0.0,0.0,0.0,0.0,0.0,0.0,0.0,0.0,0.0,0.0,0.0,0.0,0.0,0.0,0.0,0.0,0.08621739639509755,0.06528863762837739,0.4882747244406913,0.37960379854107684,0.08067196667306731,0.2,0.2,0.2,0.2,0.0010708386213888433
A_best,offset_payload,integral_010,True,60.0,horizon,3,0.0,0.0,0.0,0.0,0.0,0.0,0.0,0.0,0.0,0.0,0.0,0.0,0.0,0.0,0.0,0.0,0.09142485701997866,0.07915398947126472,0.5033834969745057,0.41574828469395375,0.0862898217352687,0.2,0.2,0.2,0.2,0.0005518409760679935
A_best,offset_payload,integral_010,True,60.0,horizon,4,0.0,0.0,0.0,0.0,0.0,0.0,0.0,0.0,0.0,0.0,0.0,0.0,0.0,0.0,0.0,0.0,0.107584785930775,0.04914511517829845,0.5486238890362558,0.33861512873532784,0.06109661593615198,0.2,0.2,0.2,0.2,0.0008235521988460512
B_best,offset_payload,integral_010,True,60.0,horizon,1,0.0,0.0,0.0,0.0,0.0,0.0,0.0,0.0,0.0,0.0,0.0,0.0,0.0,0.0,0.0,0.0,0.10878429877451083,0.04981065735899659,0.5518961571181419,0.3402856965152775,0.060259149662268835,0.2,0.2,0.2,0.2,0.0010949506687047896
B_best,offset_payload,integral_010,True,60.0,horizon,2,0.0,0.0,0.0,0.0,0.0,0.0,0.0,0.0,0.0,0.0,0.0,0.0,0.0,0.0,0.0,0.0,0.07820496754988505,0.06280396799501786,0.46441506240499597,0.37322622796284277,0.08016107010020496,0.2,0.2,0.2,0.2,0.0012427491877414667
B_best,offset_payload,integral_010,True,60.0,horizon,3,0.0,0.0,0.0,0.0,0.0,0.0,0.0,0.0,0.0,0.0,0.0,0.0,0.0,0.0,0.0,0.0,0.0815303471267578,0.07373954073605807,0.4744139584332304,0.40151404908963806,0.08502343957718286,0.2,0.2,0.2,0.2,0.0007858560615569797
B_best,offset_payload,integral_010,True,60.0,horizon,4,0.0,0.0,0.0,0.0,0.0,0.0,0.0,0.0,0.0,0.0,0.0,0.0,0.0,0.0,0.0,0.0,0.10723644076694763,0.05970843447357721,0.5476715968262034,0.3653181683451552,0.06425369071896664,0.2,0.2,0.2,0.2,0.0007765501354010579
A_best,motor_80,integral_010,True,60.0,horizon,1,0.0,0.0,0.0,0.0,0.0,0.0,0.0,0.0,0.0,0.0,0.0,0.0,0.0,0.0,0.0,0.0,0.10608765440846517,0.03248496857273567,0.5445245794692355,0.2972284213117913,0.04216718969832524,0.2,0.2,0.16000000000000003,0.2,0.0013946660787536713
A_best,motor_80,integral_010,True,60.0,horizon,2,0.0,0.0,0.0,0.0,0.0,0.0,0.0,0.0,0.0,0.0,0.0,0.0,0.0,0.0,0.0,0.0,0.09546507899770934,0.08093569250844831,0.5149136435218196,0.420469124905372,0.08768605876795227,0.2,0.2,0.2,0.2,0.0006626965344654637
A_best,motor_80,integral_010,True,60.0,horizon,3,0.0,0.0,0.0,0.0,0.0,0.0,0.0,0.0,0.0,0.0,0.0,0.0,0.0,0.0,0.0,0.0,0.0903384844663553,0.0786293917706204,0.5002553256095241,0.41436188021022713,0.0872696866230406,0.2,0.2,0.2,0.2,0.0006052467451661103
A_best,motor_80,integral_010,True,60.0,horizon,4,0.0,0.0,0.0,0.0,0.0,0.0,0.0,0.0,0.0,0.0,0.0,0.0,0.0,0.0,0.0,0.0,0.09741140382952355,0.08397302683609954,0.5204125320214823,0.4285616699299186,0.08992304480698819,0.2,0.2,0.2,0.2,0.0004081296049216074
B_best,motor_80,integral_010,True,60.0,horizon,1,0.0,0.0,0.0,0.0,0.0,0.0,0.0,0.0,0.0,0.0,0.0,0.0,0.0,0.0,0.0,0.0,0.10348006940442585,0.041238815263902495,0.5373432506869683,0.31887728435038953,0.04605554887238421,0.2,0.2,0.16000000000000003,0.2,0.0011613026269464799
B_best,motor_80,integral_010,True,60.0,horizon,2,0.0,0.0,0.0,0.0,0.0,0.0,0.0,0.0,0.0,0.0,0.0,0.0,0.0,0.0,0.0,0.0,0.09337325153615929,0.08094832289342861,0.5089638702296735,0.42050265868716485,0.08670756500330065,0.2,0.2,0.2,0.2,0.0008988613757545774
B_best,motor_80,integral_010,True,60.0,horizon,3,0.0,0.0,0.0,0.0,0.0,0.0,0.0,0.0,0.0,0.0,0.0,0.0,0.0,0.0,0.0,0.0,0.07917899641206974,0.0645772155917379,0.4673587131022265,0.3777749237795759,0.08142924640645464,0.2,0.2,0.2,0.2,0.0013021700129319709
B_best,motor_80,integral_010,True,60.0,horizon,4,0.0,0.0,0.0,0.0,0.0,0.0,0.0,0.0,0.0,0.0,0.0,0.0,0.0,0.0,0.0,0.0,0.09447274905391348,0.08166214807713423,0.5120964042132854,0.42239945116366495,0.08686092759789953,0.2,0.2,0.2,0.2,0.0007936465227863413
A_best,motor_70,integral_010,True,60.0,horizon,1,0.0,0.0,0.0,0.0,0.0,0.0,0.0,0.0,0.0,0.0,0.0,0.0,0.0,0.0,0.0,0.0,0.10608765440846517,0.003928148682097288,0.5445245794692355,0.227642662714457,0.018633939714987946,0.2,0.2,0.13999999999999999,0.2,0.0017832018209374624
A_best,motor_70,integral_010,True,60.0,horizon,2,0.0,0.0,0.0,0.0,0.0,0.0,0.0,0.0,0.0,0.0,0.0,0.0,0.0,0.0,0.0,0.0,0.08846179315451418,0.07626289777878822,0.49482234885532905,0.40812740825175464,0.08443100792262793,0.2,0.2,0.2,0.2,0.0008543270456137396
A_best,motor_70,integral_010,True,60.0,horizon,3,0.0,0.0,0.0,0.0,0.0,0.0,0.0,0.0,0.0,0.0,0.0,0.0,0.0,0.0,0.0,0.0,0.08187495033379218,0.07191740107886924,0.47544205709799753,0.3967596533441802,0.08429641611543906,0.2,0.2,0.2,0.2,0.0008456372306087474
A_best,motor_70,integral_010,True,60.0,horizon,4,0.0,0.0,0.0,0.0,0.0,0.0,0.0,0.0,0.0,0.0,0.0,0.0,0.0,0.0,0.0,0.0,0.08993818091620204,0.07466142439076923,0.4990995809945065,0.4039261610761886,0.08545057021093821,0.2,0.2,0.2,0.2,0.0006533016903863464
B_best,motor_70,integral_010,True,60.0,horizon,1,0.0,0.0,0.0,0.0,0.0,0.0,0.0,0.0,0.0,0.0,0.0,0.0,0.0,0.0,0.0,0.0,0.10348006940442585,0.013711044378743653,0.5373432506869683,0.2513471944294273,0.024069223170544607,0.2,0.2,0.13999999999999999,0.2,0.0014982568752947747
B_best,motor_70,integral_010,True,60.0,horizon,2,0.0,0.0,0.0,0.0,0.0,0.0,0.0,0.0,0.0,0.0,0.0,0.0,0.0,0.0,0.0,0.0,0.0846908980944508,0.07895702952374441,0.4837890085612319,0.41522757107879504,0.08429291040706861,0.2,0.2,0.2,0.2,0.000872180824740047
B_best,motor_70,integral_010,True,60.0,horizon,3,0.0,0.0,0.0,0.0,0.0,0.0,0.0,0.0,0.0,0.0,0.0,0.0,0.0,0.0,0.0,0.0,0.06569067185377887,0.052375151175435924,0.4253563128950735,0.34673698579546874,0.07618465773291144,0.2,0.2,0.2,0.2,0.0017095085118336122
B_best,motor_70,integral_010,True,60.0,horizon,4,0.0,0.0,0.0,0.0,0.0,0.0,0.0,0.0,0.0,0.0,0.0,0.0,0.0,0.0,0.0,0.0,0.08325751639193357,0.08053231750120682,0.47955214751051767,0.41939866869239506,0.08463202206647898,0.2,0.2,0.2,0.2,0.0008015227473401675
A_best,combined_80,integral_010,True,60.0,horizon,1,0.0,0.0,0.0,0.0,0.0,0.0,0.0,0.0,0.0,0.0,0.0,0.0,0.0,0.0,0.0,0.0,0.10644243302100408,0.006670130525877754,0.5454975438093234,0.23427675338980858,0.020489989492595423,0.2,0.2,0.16000000000000003,0.2,0.001645006499260024
A_best,combined_80,integral_010,True,60.0,horizon,2,0.0,0.0,0.0,0.0,0.0,0.0,0.0,0.0,0.0,0.0,0.0,0.0,0.0,0.0,0.0,0.0,0.08603554876953391,0.06528863762837739,0.4877417538121652,0.37960379854107684,0.08067196667306731,0.2,0.2,0.2,0.2,0.0015493585017112405
A_best,combined_80,integral_010,True,60.0,horizon,3,0.0,0.0,0.0,0.0,0.0,0.0,0.0,0.0,0.0,0.0,0.0,0.0,0.0,0.0,0.0,0.0,0.09000986985046158,0.07615253964321206,0.49930668243648835,0.4078374447771832,0.08547720524592549,0.2,0.2,0.2,0.2,0.0008108120987304991
A_best,combined_80,integral_010,True,60.0,horizon,4,0.0,0.0,0.0,0.0,0.0,0.0,0.0,0.0,0.0,0.0,0.0,0.0,0.0,0.0,0.0,0.0,0.107584785930775,0.04914511517829845,0.5486238890362558,0.33861512873532784,0.06109661593615198,0.2,0.2,0.2,0.2,0.0010286235203036665
B_best,combined_80,integral_010,True,60.0,horizon,1,0.0,0.0,0.0,0.0,0.0,0.0,0.0,0.0,0.0,0.0,0.0,0.0,0.0,0.0,0.0,0.0,0.10878429877451083,0.014378974643133924,0.5518961571181419,0.2529696463808717,0.023716425572584965,0.2,0.2,0.16000000000000003,0.2,0.001548678202024346
B_best,combined_80,integral_010,True,60.0,horizon,2,0.0,0.0,0.0,0.0,0.0,0.0,0.0,0.0,0.0,0.0,0.0,0.0,0.0,0.0,0.0,0.0,0.07820496754988505,0.06280396799501786,0.46441506240499597,0.37322622796284277,0.08016107010020496,0.2,0.2,0.2,0.2,0.001287781835543683
B_best,combined_80,integral_010,True,60.0,horizon,3,0.0,0.0,0.0,0.0,0.0,0.0,0.0,0.0,0.0,0.0,0.0,0.0,0.0,0.0,0.0,0.0,0.0780583390781963,0.061030235742364325,0.4639708347287992,0.36868998205995307,0.07923383568302204,0.2,0.2,0.2,0.2,0.0015092661136659764
B_best,combined_80,integral_010,True,60.0,horizon,4,0.0,0.0,0.0,0.0,0.0,0.0,0.0,0.0,0.0,0.0,0.0,0.0,0.0,0.0,0.0,0.0,0.10723644076694763,0.05918095718562813,0.5476715968262034,0.36397462681935744,0.06425369071896664,0.2,0.2,0.2,0.2,0.0009755533901479394
A_best,combined_70,integral_010,True,60.0,horizon,1,0.51,0.3,0.0,0.0,0.51,0.3,0.0,0.0,0.0,0.0,0.0,0.0,0.0,0.0,0.0,0.0,0.10644243302100408,0.0,0.5454975438093234,0.21814922562016836,3.806435357950333e-05,0.2,0.2,0.13999999999999999,0.2,0.0018672715282667673
A_best,combined_70,integral_010,True,60.0,horizon,2,0.0,0.0,0.0,0.0,0.0,0.0,0.0,0.0,0.0,0.0,0.0,0.0,0.0,0.0,0.0,0.0,0.08545366628932394,0.06503837784582747,0.48603380338020996,0.3789601864069414,0.07865140885534319,0.2,0.2,0.2,0.2,0.001443970192113204
A_best,combined_70,integral_010,True,60.0,horizon,3,0.0,0.0,0.0,0.0,0.0,0.0,0.0,0.0,0.0,0.0,0.0,0.0,0.0,0.0,0.0,0.0,0.08029013384207566,0.072803329278806,0.4707015190888931,0.39906907924815727,0.07856304226788711,0.2,0.2,0.2,0.2,0.0009722321531889291
A_best,combined_70,integral_010,True,60.0,horizon,4,0.0,0.0,0.0,0.0,0.0,0.0,0.0,0.0,0.0,0.0,0.0,0.0,0.0,0.0,0.0,0.0,0.10043153116409786,0.046495999961279205,0.5288776607640345,0.33198007848775724,0.05759403056669277,0.2,0.2,0.2,0.2,0.0012592088790039431
B_best,combined_70,integral_010,True,60.0,horizon,1,0.29,0.17,0.0,0.0,0.29,0.17,0.0,0.0,0.0,0.0,0.0,0.0,0.0,0.0,0.0,0.0,0.10878429877451083,0.0,0.5518961571181419,0.21814922562016836,0.00015019119239395584,0.2,0.2,0.13999999999999999,0.2,0.0017279291894801163
B_best,combined_70,integral_010,True,60.0,horizon,2,0.0,0.0,0.0,0.0,0.0,0.0,0.0,0.0,0.0,0.0,0.0,0.0,0.0,0.0,0.0,0.0,0.07820496754988505,0.06280396799501786,0.46441506240499597,0.37322622796284277,0.08016107010020496,0.2,0.2,0.2,0.2,0.0013653541010244924
B_best,combined_70,integral_010,True,60.0,horizon,3,0.0,0.0,0.0,0.0,0.0,0.0,0.0,0.0,0.0,0.0,0.0,0.0,0.0,0.0,0.0,0.0,0.06499770444992715,0.05696176547229717,0.4231184664615086,0.3583343622150402,0.079965343120305,0.2,0.2,0.2,0.2,0.0015853493692928244
B_best,combined_70,integral_010,True,60.0,horizon,4,0.0,0.0,0.0,0.0,0.0,0.0,0.0,0.0,0.0,0.0,0.0,0.0,0.0,0.0,0.0,0.0,0.09312354560763887,0.05326130580842253,0.5082508004764339,0.3489715977961796,0.05840415059289317,0.2,0.2,0.2,0.2,0.0012389927567598904
A_best,nominal,integral_020,True,60.0,horizon,1,0.0,0.0,0.0,0.0,0.0,0.0,0.0,0.0,0.0,0.0,0.0,0.0,0.0,0.0,0.0,0.0,0.10608749256023557,0.09317274288807784,0.5445241353872013,0.45344818127952013,0.09334844931651778,0.2,0.2,0.2,0.2,1.9788161316404266e-05
A_best,nominal,integral_020,True,60.0,horizon,2,0.0,0.0,0.0,0.0,0.0,0.0,0.0,0.0,0.0,0.0,0.0,0.0,0.0,0.0,0.0,0.0,0.10565383604539444,0.0929057870004276,0.5433335351206262,0.45271748229922637,0.09322791246191572,0.2,0.2,0.2,0.2,4.8541807039038735e-05
A_best,nominal,integral_020,True,60.0,horizon,3,0.0,0.0,0.0,0.0,0.0,0.0,0.0,0.0,0.0,0.0,0.0,0.0,0.0,0.0,0.0,0.0,0.10625974284369456,0.09334738131334983,0.5449966448203053,0.45392648582351136,0.09347136209470999,0.2,0.2,0.2,0.2,6.864660278392486e-06
A_best,nominal,integral_020,True,60.0,horizon,4,0.0,0.0,0.0,0.0,0.0,0.0,0.0,0.0,0.0,0.0,0.0,0.0,0.0,0.0,0.0,0.0,0.1058688206231864,0.09241521406922501,0.5439239550758942,0.4513761109637442,0.09311040005837255,0.2,0.2,0.2,0.2,3.33684760488949e-05
B_best,nominal,integral_020,True,60.0,horizon,1,0.0,0.0,0.0,0.0,0.0,0.0,0.0,0.0,0.0,0.0,0.0,0.0,0.0,0.0,0.0,0.0,0.10347928163955844,0.08915205527603103,0.5373410730029292,0.4424987441414293,0.09144910018150434,0.2,0.2,0.2,0.2,0.00012145750125551644
B_best,nominal,integral_020,True,60.0,horizon,2,0.0,0.0,0.0,0.0,0.0,0.0,0.0,0.0,0.0,0.0,0.0,0.0,0.0,0.0,0.0,0.0,0.10521204115912824,0.09174335442457095,0.5421190906243922,0.44954196790985734,0.09280424872571011,0.2,0.2,0.2,0.2,5.714459497056738e-05
B_best,nominal,integral_020,True,60.0,horizon,3,0.0,0.0,0.0,0.0,0.0,0.0,0.0,0.0,0.0,0.0,0.0,0.0,0.0,0.0,0.0,0.0,0.10362711413781722,0.088101977811932,0.5377496509547468,0.4396582093426138,0.09114169705473232,0.2,0.2,0.2,0.2,0.00012867140221949655
B_best,nominal,integral_020,True,60.0,horizon,4,0.0,0.0,0.0,0.0,0.0,0.0,0.0,0.0,0.0,0.0,0.0,0.0,0.0,0.0,0.0,0.0,0.10542433496120347,0.09268294596587315,0.5427028522146662,0.45210794473382365,0.09295639166281694,0.2,0.2,0.2,0.2,3.9008839356819776e-05
A_best,centered_payload,integral_020,True,60.0,horizon,1,0.0,0.0,0.0,0.0,0.0,0.0,0.0,0.0,0.0,0.0,0.0,0.0,0.0,0.0,0.0,0.0,0.10644243302100408,0.07224592911860508,0.5454975438093234,0.3976155808040063,0.07618134839402568,0.2,0.2,0.2,0.2,0.0003424124598150285
A_best,centered_payload,integral_020,True,60.0,horizon,2,0.0,0.0,0.0,0.0,0.0,0.0,0.0,0.0,0.0,0.0,0.0,0.0,0.0,0.0,0.0,0.0,0.10671204466234556,0.07424557065572648,0.5462362977132903,0.40283751313186045,0.07814353947197192,0.2,0.2,0.2,0.2,0.00032472120210776703
A_best,centered_payload,integral_020,True,60.0,horizon,3,0.0,0.0,0.0,0.0,0.0,0.0,0.0,0.0,0.0,0.0,0.0,0.0,0.0,0.0,0.0,0.0,0.10665261868665019,0.07438873882816091,0.5460735141764886,0.40321220248453826,0.07680770511872144,0.2,0.2,0.2,0.2,0.00031980042311168937
A_best,centered_payload,integral_020,True,60.0,horizon,4,0.0,0.0,0.0,0.0,0.0,0.0,0.0,0.0,0.0,0.0,0.0,0.0,0.0,0.0,0.0,0.0,0.107584785930775,0.07456715969193797,0.5486238890362558,0.40367930722820455,0.07773253923459904,0.2,0.2,0.2,0.2,0.00031457901681321016
B_best,centered_payload,integral_020,True,60.0,horizon,1,0.0,0.0,0.0,0.0,0.0,0.0,0.0,0.0,0.0,0.0,0.0,0.0,0.0,0.0,0.0,0.0,0.11084794472396899,0.07705361715967425,0.5575012558585707,0.4102069994788853,0.07806090685384504,0.2,0.2,0.2,0.2,0.00028516978907075914
B_best,centered_payload,integral_020,True,60.0,horizon,2,0.0,0.0,0.0,0.0,0.0,0.0,0.0,0.0,0.0,0.0,0.0,0.0,0.0,0.0,0.0,0.0,0.10825664557542906,0.07426195014643974,0.5504580320901427,0.4028803747610762,0.07700696083071376,0.2,0.2,0.2,0.2,0.0003027749221874268
B_best,centered_payload,integral_020,True,60.0,horizon,3,0.0,0.0,0.0,0.0,0.0,0.0,0.0,0.0,0.0,0.0,0.0,0.0,0.0,0.0,0.0,0.0,0.111898022188068,0.07678977733884174,0.5603417906573862,0.40951271042634474,0.07812091743887775,0.2,0.2,0.2,0.2,0.00027843128508151394
B_best,centered_payload,integral_020,True,60.0,horizon,4,0.0,0.0,0.0,0.0,0.0,0.0,0.0,0.0,0.0,0.0,0.0,0.0,0.0,0.0,0.0,0.0,0.10723644076694763,0.07460286824109086,0.5476715968262034,0.40377281264165577,0.07722203244970678,0.2,0.2,0.2,0.2,0.0003077968321510888
A_best,offset_payload,integral_020,True,60.0,horizon,1,0.0,0.0,0.0,0.0,0.0,0.0,0.0,0.0,0.0,0.0,0.0,0.0,0.0,0.0,0.0,0.0,0.10644243302100408,0.049903356786328124,0.5454975438093234,0.34051849842018467,0.06288794259387998,0.2,0.2,0.2,0.2,0.0010307117528698703
A_best,offset_payload,integral_020,True,60.0,horizon,2,0.0,0.0,0.0,0.0,0.0,0.0,0.0,0.0,0.0,0.0,0.0,0.0,0.0,0.0,0.0,0.0,0.08623252991291683,0.06528233599958361,0.4883190618261363,0.37958758866367204,0.08066731257100768,0.2,0.2,0.2,0.2,0.001070058076199481
A_best,offset_payload,integral_020,True,60.0,horizon,3,0.0,0.0,0.0,0.0,0.0,0.0,0.0,0.0,0.0,0.0,0.0,0.0,0.0,0.0,0.0,0.0,0.09142523025805221,0.07914468823430192,0.5033845696186298,0.4157236893922216,0.08625371436197343,0.2,0.2,0.2,0.2,0.0005519357584167241
A_best,offset_payload,integral_020,True,60.0,horizon,4,0.0,0.0,0.0,0.0,0.0,0.0,0.0,0.0,0.0,0.0,0.0,0.0,0.0,0.0,0.0,0.0,0.107584785930775,0.04914316127660681,0.5486238890362558,0.3386102264609726,0.06109427606302231,0.2,0.2,0.2,0.2,0.0008232884197793884
B_best,offset_payload,integral_020,True,60.0,horizon,1,0.0,0.0,0.0,0.0,0.0,0.0,0.0,0.0,0.0,0.0,0.0,0.0,0.0,0.0,0.0,0.0,0.10882181309937722,0.049786125128860964,0.5519983250071389,0.3402240920482461,0.060237372346228835,0.2,0.2,0.2,0.2,0.0010950875278061365
B_best,offset_payload,integral_020,True,60.0,horizon,2,0.0,0.0,0.0,0.0,0.0,0.0,0.0,0.0,0.0,0.0,0.0,0.0,0.0,0.0,0.0,0.0,0.07820530516746009,0.0627952633450174,0.4644160849226227,0.373203933118063,0.08015301069894579,0.2,0.2,0.2,0.2,0.001242687826278277
B_best,offset_payload,integral_020,True,60.0,horizon,3,0.0,0.0,0.0,0.0,0.0,0.0,0.0,0.0,0.0,0.0,0.0,0.0,0.0,0.0,0.0,0.0,0.08153099964282647,0.07372931119391005,0.47441590656566657,0.40148730898080587,0.08501572148962358,0.2,0.2,0.2,0.2,0.0007858465908153444
B_best,offset_payload,integral_020,True,60.0,horizon,4,0.0,0.0,0.0,0.0,0.0,0.0,0.0,0.0,0.0,0.0,0.0,0.0,0.0,0.0,0.0,0.0,0.10723644076694763,0.059706443722131436,0.5476715968262034,0.365313095546243,0.0642304617270264,0.2,0.2,0.2,0.2,0.000776737430582538
A_best,motor_80,integral_020,True,60.0,horizon,1,0.0,0.0,0.0,0.0,0.0,0.0,0.0,0.0,0.0,0.0,0.0,0.0,0.0,0.0,0.0,0.0,0.10608749256023557,0.03248363685067762,0.5445241353872013,0.2972251422812493,0.04216618555245867,0.2,0.2,0.16000000000000003,0.2,0.0013946589372358775
A_best,motor_80,integral_020,True,60.0,horizon,2,0.0,0.0,0.0,0.0,0.0,0.0,0.0,0.0,0.0,0.0,0.0,0.0,0.0,0.0,0.0,0.0,0.09547887936939234,0.08090958136999729,0.5149527572128477,0.4203998026750255,0.0876571460572085,0.2,0.2,0.2,0.2,0.0006623125885646779
A_best,motor_80,integral_020,True,60.0,horizon,3,0.0,0.0,0.0,0.0,0.0,0.0,0.0,0.0,0.0,0.0,0.0,0.0,0.0,0.0,0.0,0.0,0.09033934035149405,0.0786252871134365,0.5002577949033259,0.41435103877470736,0.08726575113117765,0.2,0.2,0.2,0.2,0.0006052361962859104
A_best,motor_80,integral_020,True,60.0,horizon,4,0.0,0.0,0.0,0.0,0.0,0.0,0.0,0.0,0.0,0.0,0.0,0.0,0.0,0.0,0.0,0.0,0.09741163776170321,0.08396935450595142,0.5204131908523629,0.42855185045870714,0.08991973590624713,0.2,0.2,0.2,0.2,0.00040804547928666667
B_best,motor_80,integral_020,True,60.0,horizon,1,0.0,0.0,0.0,0.0,0.0,0.0,0.0,0.0,0.0,0.0,0.0,0.0,0.0,0.0,0.0,0.0,0.10347928163955844,0.04123769777160169,0.5373410730029292,0.3188745077772064,0.04605442420617656,0.2,0.2,0.16000000000000003,0.2,0.001161415579692113
B_best,motor_80,integral_020,True,60.0,horizon,2,0.0,0.0,0.0,0.0,0.0,0.0,0.0,0.0,0.0,0.0,0.0,0.0,0.0,0.0,0.0,0.0,0.09337367453735841,0.08089785457169663,0.5089650776483997,0.4203686706477697,0.08665994851226126,0.2,0.2,0.2,0.2,0.000899577551171635
B_best,motor_80,integral_020,True,60.0,horizon,3,0.0,0.0,0.0,0.0,0.0,0.0,0.0,0.0,0.0,0.0,0.0,0.0,0.0,0.0,0.0,0.0,0.07919162539793087,0.06457268314381448,0.4673967972243392,0.37776327940690113,0.0814249928930615,0.2,0.2,0.2,0.2,0.0013018700561158551
B_best,motor_80,integral_020,True,60.0,horizon,4,0.0,0.0,0.0,0.0,0.0,0.0,0.0,0.0,0.0,0.0,0.0,0.0,0.0,0.0,0.0,0.0,0.09447334692403617,0.08161084492727574,0.5120981044021924,0.4222630232562573,0.08680959304737373,0.2,0.2,0.2,0.2,0.0007927626392809021
A_best,motor_70,integral_020,True,60.0,horizon,1,0.0,0.0,0.0,0.0,0.0,0.0,0.0,0.0,0.0,0.0,0.0,0.0,0.0,0.0,0.0,0.0,0.10608749256023557,0.003924635020195161,0.5445241353872013,0.22763416576001405,0.018631769698342862,0.2,0.2,0.13999999999999999,0.2,0.001783241742058203
A_best,motor_70,integral_020,True,60.0,horizon,2,0.0,0.0,0.0,0.0,0.0,0.0,0.0,0.0,0.0,0.0,0.0,0.0,0.0,0.0,0.0,0.0,0.08849001402278399,0.076199450965575,0.49490432609508206,0.4079606949153508,0.08437026528512574,0.2,0.2,0.2,0.2,0.0008536143548820118
A_best,motor_70,integral_020,True,60.0,horizon,3,0.0,0.0,0.0,0.0,0.0,0.0,0.0,0.0,0.0,0.0,0.0,0.0,0.0,0.0,0.0,0.0,0.0818762049755655,0.0719091111481873,0.47544579753419375,0.39673806245536614,0.08428736841006952,0.2,0.2,0.2,0.2,0.0008457233135155881
A_best,motor_70,integral_020,True,60.0,horizon,4,0.0,0.0,0.0,0.0,0.0,0.0,0.0,0.0,0.0,0.0,0.0,0.0,0.0,0.0,0.0,0.0,0.08993821590967435,0.07465380010759018,0.4990996820999518,0.40390619334552835,0.08544367999439854,0.2,0.2,0.2,0.2,0.0006532590522553484
B_best,motor_70,integral_020,True,60.0,horizon,1,0.0,0.0,0.0,0.0,0.0,0.0,0.0,0.0,0.0,0.0,0.0,0.0,0.0,0.0,0.0,0.0,0.10347928163955844,0.013707810422462247,0.5373410730029292,0.25133934033528993,0.024066444294904732,0.2,0.2,0.13999999999999999,0.2,0.0014983915195143102
B_best,motor_70,integral_020,True,60.0,horizon,2,0.0,0.0,0.0,0.0,0.0,0.0,0.0,0.0,0.0,0.0,0.0,0.0,0.0,0.0,0.0,0.0,0.08469158185371511,0.0789443745786287,0.4837910238644911,0.4151941222923019,0.0841982753268945,0.2,0.2,0.2,0.2,0.0008731660427473462
B_best,motor_70,integral_020,True,60.0,horizon,3,0.0,0.0,0.0,0.0,0.0,0.0,0.0,0.0,0.0,0.0,0.0,0.0,0.0,0.0,0.0,0.0,0.06569092462260216,0.05236590097869506,0.4253571275940312,0.34671367445105894,0.07617621839075132,0.2,0.2,0.2,0.2,0.0017090256179999183
B_best,motor_70,integral_020,True,60.0,horizon,4,0.0,0.0,0.0,0.0,0.0,0.0,0.0,0.0,0.0,0.0,0.0,0.0,0.0,0.0,0.0,0.0,0.08325812428614301,0.08043305083617752,0.47955394954592834,0.4191353903914845,0.08453099534535574,0.2,0.2,0.2,0.2,0.0008007918851596512
A_best,combined_80,integral_020,True,60.0,horizon,1,0.0,0.0,0.0,0.0,0.0,0.0,0.0,0.0,0.0,0.0,0.0,0.0,0.0,0.0,0.0,0.0,0.10644243302100408,0.00665674360531332,0.5454975438093234,0.23424434776763492,0.020489189043964157,0.2,0.2,0.16000000000000003,0.2,0.0016453017121601987
A_best,combined_80,integral_020,True,60.0,horizon,2,0.0,0.0,0.0,0.0,0.0,0.0,0.0,0.0,0.0,0.0,0.0,0.0,0.0,0.0,0.0,0.0,0.08605870123945274,0.06528233599958361,0.4878096313967164,0.37958758866367204,0.08066731257100768,0.2,0.2,0.2,0.2,0.0015486172503233844
A_best,combined_80,integral_020,True,60.0,horizon,3,0.0,0.0,0.0,0.0,0.0,0.0,0.0,0.0,0.0,0.0,0.0,0.0,0.0,0.0,0.0,0.0,0.09000784664541703,0.07613957045225121,0.4993008383588762,0.4078033729767129,0.08546974542860498,0.2,0.2,0.2,0.2,0.0008110202998429751
A_best,combined_80,integral_020,True,60.0,horizon,4,0.0,0.0,0.0,0.0,0.0,0.0,0.0,0.0,0.0,0.0,0.0,0.0,0.0,0.0,0.0,0.0,0.107584785930775,0.04914316127660681,0.5486238890362558,0.3386102264609726,0.06109427606302231,0.2,0.2,0.2,0.2,0.0010283242704826798
B_best,combined_80,integral_020,True,60.0,horizon,1,0.0,0.0,0.0,0.0,0.0,0.0,0.0,0.0,0.0,0.0,0.0,0.0,0.0,0.0,0.0,0.0,0.10882181309937722,0.01437633078080175,0.5519983250071389,0.2529632230797121,0.023720867121728745,0.2,0.2,0.16000000000000003,0.2,0.0015492712069645666
B_best,combined_80,integral_020,True,60.0,horizon,2,0.0,0.0,0.0,0.0,0.0,0.0,0.0,0.0,0.0,0.0,0.0,0.0,0.0,0.0,0.0,0.0,0.07820530516746009,0.0627952633450174,0.4644160849226227,0.373203933118063,0.08015301069894579,0.2,0.2,0.2,0.2,0.0012877838444989383
B_best,combined_80,integral_020,True,60.0,horizon,3,0.0,0.0,0.0,0.0,0.0,0.0,0.0,0.0,0.0,0.0,0.0,0.0,0.0,0.0,0.0,0.0,0.07805775794345854,0.06102006263216814,0.4639690735395332,0.3686640033834846,0.0792292819104618,0.2,0.2,0.2,0.2,0.0015097600262744281
B_best,combined_80,integral_020,True,60.0,horizon,4,0.0,0.0,0.0,0.0,0.0,0.0,0.0,0.0,0.0,0.0,0.0,0.0,0.0,0.0,0.0,0.0,0.10723644076694763,0.05918072363968652,0.5476715968262034,0.3639740322039816,0.0642304617270264,0.2,0.2,0.2,0.2,0.000975656947220213
A_best,combined_70,integral_020,True,60.0,horizon,1,0.51,0.3,0.0,0.0,0.51,0.3,0.0,0.0,0.0,0.0,0.0,0.0,0.0,0.0,0.0,0.0,0.10644243302100408,0.0,0.5454975438093234,0.21814922562016836,3.781879318864867e-05,0.2,0.2,0.13999999999999999,0.2,0.0018648408130117586
A_best,combined_70,integral_020,True,60.0,horizon,2,0.0,0.0,0.0,0.0,0.0,0.0,0.0,0.0,0.0,0.0,0.0,0.0,0.0,0.0,0.0,0.0,0.08545835611371062,0.06505266677264401,0.4860475845294223,0.3789969266646783,0.0786530362692526,0.2,0.2,0.2,0.2,0.0014429713261481347
A_best,combined_70,integral_020,True,60.0,horizon,3,0.0,0.0,0.0,0.0,0.0,0.0,0.0,0.0,0.0,0.0,0.0,0.0,0.0,0.0,0.0,0.0,0.08028653955440287,0.07275709201004121,0.47069073157441477,0.39894844750776937,0.07850273389234438,0.2,0.2,0.2,0.2,0.0009726933796358358
A_best,combined_70,integral_020,True,60.0,horizon,4,0.0,0.0,0.0,0.0,0.0,0.0,0.0,0.0,0.0,0.0,0.0,0.0,0.0,0.0,0.0,0.0,0.10043810085789619,0.04651377423655906,0.5288959882577945,0.3320245211784655,0.05760690979930416,0.2,0.2,0.2,0.2,0.0012574138423079712
B_best,combined_70,integral_020,True,60.0,horizon,1,0.29,0.17,0.0,0.0,0.29,0.17,0.0,0.0,0.0,0.0,0.0,0.0,0.0,0.0,0.0,0.0,0.10882181309937722,0.0,0.5519983250071389,0.21814922562016836,0.00014663170995174446,0.2,0.2,0.13999999999999999,0.2,0.0017275563062317063
B_best,combined_70,integral_020,True,60.0,horizon,2,0.0,0.0,0.0,0.0,0.0,0.0,0.0,0.0,0.0,0.0,0.0,0.0,0.0,0.0,0.0,0.0,0.07820530516746009,0.0627952633450174,0.4644160849226227,0.373203933118063,0.08015301069894579,0.2,0.2,0.2,0.2,0.0013651363131378666
B_best,combined_70,integral_020,True,60.0,horizon,3,0.0,0.0,0.0,0.0,0.0,0.0,0.0,0.0,0.0,0.0,0.0,0.0,0.0,0.0,0.0,0.0,0.06499301279501729,0.05693697554605434,0.4231032856121335,0.35827146639562457,0.0799497453658217,0.2,0.2,0.2,0.2,0.0015855555665594617
B_best,combined_70,integral_020,True,60.0,horizon,4,0.0,0.0,0.0,0.0,0.0,0.0,0.0,0.0,0.0,0.0,0.0,0.0,0.0,0.0,0.0,0.0,0.09312498510297601,0.0532620324867199,0.5082549129120177,0.34897343141850024,0.0584175135218572,0.2,0.2,0.2,0.2,0.001238509676293657
