time,time_post,phase,phase_post,reference_0,reference_1,reference_2,reference_post_0,reference_post_1,reference_post_2,observation_0,observation_1,observation_2,observation_3,observation_4,observation_5,observation_6,observation_7,observation_8,observation_9,observation_10,observation_11,observation_12,observation_13,observation_14,action_0,action_1,action_2,action_3,action_applied_0,action_applied_1,action_applied_2,action_applied_3,reward,terminated,truncated,policy_input_time,observation_velocity_mode,reference_velocity_0,reference_velocity_1,reference_velocity_2,reference_velocity_post_0,reference_velocity_post_1,reference_velocity_post_2,velocity_error_before_0,velocity_error_before_1,velocity_error_before_2,velocity_error_0,velocity_error_1,velocity_error_2,policy_raw_observation_0,policy_raw_observation_1,policy_raw_observation_2,policy_raw_observation_3,policy_raw_observation_4,policy_raw_observation_5,policy_raw_observation_6,policy_raw_observation_7,policy_raw_observation_8,policy_raw_observation_9,policy_raw_observation_10,policy_raw_observation_11,policy_raw_observation_12,policy_raw_observation_13,policy_raw_observation_14,policy_raw_velocity_0,policy_raw_velocity_1,policy_raw_velocity_2,position_before_0,position_before_1,position_before_2,quaternion_before_0,quaternion_before_1,quaternion_before_2,quaternion_before_3,velocity_before_0,velocity_before_1,velocity_before_2,omega_before_0,omega_before_1,omega_before_2,desired_velocity_before_0,desired_velocity_before_1,desired_velocity_before_2,internal_velocity_reference_mode,environment_observation_velocity_mode,environment_reward_velocity_mode,desired_velocity_0,desired_velocity_1,desired_velocity_2,internal_velocity_error_0,internal_velocity_error_1,internal_velocity_error_2,position_0,position_1,position_2,quaternion_0,quaternion_1,quaternion_2,quaternion_3,velocity_0,velocity_1,velocity_2,omega_0,omega_1,omega_2,motor_thrust_command_0,motor_thrust_command_1,motor_thrust_command_2,motor_thrust_command_3,motor_thrust_0,motor_thrust_1,motor_thrust_2,motor_thrust_3,wrench_command_0,wrench_command_1,wrench_command_2,wrench_command_3,wrench_actual_0,wrench_actual_1,wrench_actual_2,wrench_actual_3,motor_omega_0,motor_omega_1,motor_omega_2,motor_omega_3,reward_terms_position,reward_terms_velocity,reward_terms_tilt,reward_terms_angular_velocity,reward_terms_yaw,reward_terms_action,reward_terms_action_rate,reward_terms_crash,reward_terms_total,reward_raw_position_sq,reward_raw_position_sq_xy,reward_raw_position_sq_z,reward_raw_velocity_sq,reward_raw_velocity_error_sq,reward_raw_velocity_reward_sq,reward_raw_desired_velocity_sq,reward_raw_tilt_error,reward_raw_angular_velocity_sq,reward_raw_yaw_error_sq,reward_raw_action_sq,reward_raw_action_rate_sq,reward_costs_position_xy,reward_costs_position_z,model_label,case
0.0,0.01,STEP,STEP,0.5,0.0,1.0,0.5,0.0,1.0,-0.5,0.0,0.0,-1.5,0.0,0.0,1.0,0.0,0.0,0.0,0.0,0.0,0.0,0.0,1.0,0.14609259366989136,0.831150472164154,-0.13523846864700317,0.2239508479833603,0.14609259366989136,0.831150472164154,-0.13523846864700317,0.2239508479833603,-2.5112882416945186,False,False,0.0,absolute,0.0,0.0,0.0,0.0,0.0,0.0,0.0,0.0,0.0,2.6944270705582528e-05,-5.095797603859392e-06,0.002630822419386225,-0.5,0.0,0.0,-1.5,0.0,0.0,1.0,0.0,0.0,0.0,0.0,0.0,0.0,0.0,1.0,-1.5,0.0,0.0,0.0,0.0,1.0,1.0,0.0,0.0,0.0,0.0,0.0,0.0,0.0,0.0,0.0,1.5,-0.0,-0.0,position_error,position_error,position_error,1.4999999995395374,4.869264707900191e-08,-3.716700209923976e-05,-1.499973055268832,-5.144490250938394e-06,0.002667989421485465,8.576917531375739e-08,-1.623087958043099e-08,1.0000123889985784,0.9999997747752091,0.00012440569922446442,0.0006594180432986387,-1.1857373748392558e-05,2.6944270705582528e-05,-5.095797603859392e-06,0.002630822419386225,0.03553859993515469,0.18838834606714794,-0.0033870905105999253,0.07686481433314402,0.17640618950933398,0.1805180881806251,0.1037441319685771,0.10081360552677784,0.11842815227138528,0.11911281732185178,0.10590845921169822,0.0010956944525241851,0.006233628541231155,-0.00013523846864700318,0.5375332239916801,0.0002043348848896026,0.0010896023811400742,-2.6196520488656005e-05,0.4442630343317131,1536.8344748046961,1675.7379407727926,1681.0130143436472,1577.6950531083664,-2.4999991432292465,-0.011249631423632667,-2.7018536029639997e-06,-3.6764633401393464e-05,-5.546350896086013e-10,-0.0,-0.0,0.0,-2.5112882416945186,0.24999991438431957,0.2499999142308323,1.5348728577462976e-10,6.921978563222266e-06,2.2499262847265333,2.2499262847265333,2.250000000000001,9.006178676546666e-07,0.036764633401393465,5.546350896086013e-10,0.7805975675582886,0.7805975790183448,2.4999991423083228,9.209237146477785e-10,d_final,step-050
0.01,0.02,STEP,STEP,0.5,0.0,1.0,0.5,0.0,1.0,-0.49999991059303284,-1.6230879751333305e-08,1.2388998584356159e-05,-1.4999730587005615,-5.144490387465339e-06,0.0026679893489927053,0.9999997615814209,0.0001244057057192549,0.0006594180595129728,-1.1857373465318233e-05,0.03553859889507294,0.18838834762573242,-0.00338709051720798,-2.3550692276330665e-05,1.0,0.14651036262512207,0.7517793774604797,-0.1459428071975708,0.20033381879329681,0.14651036262512207,0.7517793774604797,-0.1459428071975708,0.20033381879329681,-2.5119554824335504,False,False,0.01,absolute,0.0,0.0,0.0,0.0,0.0,0.0,2.6944270705582528e-05,-5.095797603859392e-06,0.002630822419386225,0.00037860169826001025,-7.171871403276618e-05,0.008906310339781402,-0.49999991059303284,-1.6230879751333305e-08,1.2388998584356159e-05,-1.4999730587005615,-5.144490387465339e-06,0.0026679893489927053,0.9999997615814209,0.0001244057057192549,0.0006594180595129728,-1.1857373465318233e-05,0.03553859889507294,0.18838834762573242,-0.00338709051720798,-2.3550692276330665e-05,1.0,-1.4999730587005615,-5.144490387465339e-06,0.0026679893489927053,8.576917531375739e-08,-1.623087958043099e-08,1.0000123889985784,0.9999997747752091,0.00012440569922446442,0.0006594180432986387,-1.1857373748392558e-05,2.6944270705582528e-05,-5.095797603859392e-06,0.002630822419386225,0.03553859993515469,0.18838834606714794,-0.0033870905105999253,1.4999999995395374,4.869264707900191e-08,-3.716700209923976e-05,position_error,position_error,position_error,1.4999999836499736,1.121254910034416e-06,-0.0002214696857444738,-1.4996213819517135,-7.283996894280059e-05,0.009127780025525875,1.9756876747511284e-06,-3.737501639190181e-07,1.0000738229376829,0.9999920789738249,0.0007446405191363562,0.003909270545025418,-7.144165860857909e-05,0.00037860169826001025,-7.171871403276618e-05,0.008906310339781402,0.14979025983452268,0.7828049452781309,-0.014412195890492913,0.07764933894284376,0.16967309608798697,0.17292826767487685,0.10547400669094086,0.09647075678950237,0.1273952986391051,0.12852278634273928,0.10582966681786218,0.0010988277196884156,0.005638345330953598,-0.0001459428071975708,0.5257247093966484,0.00037074659181464756,0.0018956524178947338,-4.8894648608870236e-05,0.45821850858920893,1501.5020304688173,1744.2022633526287,1752.720310658329,1577.0677113765937,-2.4999802758626397,-0.011244738054403111,-9.502131418165794e-05,-0.0006354284156835772,-1.878664229747356e-08,-0.0,-0.0,0.0,-2.5119554824335504,0.24999802976619442,0.2499980243163683,5.449826128129934e-09,7.947084668836498e-05,2.2489476108806223,2.2489476108806223,2.25,3.167377139388598e-05,0.6354284156835772,1.878664229747356e-08,0.6480704545974731,0.006972292438149452,2.499980243163683,3.26989567687796e-08,d_final,step-050
0.02,0.03,STEP,STEP,0.5,0.0,1.0,0.5,0.0,1.0,-0.4999980330467224,-3.737501685918687e-07,7.382293551927432e-05,-1.4996213912963867,-7.283996819751337e-05,0.009127779863774776,0.9999920725822449,0.0007446405361406505,0.003909270744770765,-7.144166011130437e-05,0.14979025721549988,0.7828049659729004,-0.014412196353077888,-0.00013706437312066555,1.0,0.1304028034210205,0.5472025871276855,-0.17222589254379272,0.13093805313110352,0.1304028034210205,0.5472025871276855,-0.17222589254379272,0.13093805313110352,-2.5146885258629137,False,False,0.02,absolute,0.0,0.0,0.0,0.0,0.0,0.0,0.00037860169826001025,-7.171871403276618e-05,0.008906310339781402,0.0017569001790022037,-0.0003367664546212456,0.01722654664631836,-0.4999980330467224,-3.737501685918687e-07,7.382293551927432e-05,-1.4996213912963867,-7.283996819751337e-05,0.009127779863774776,0.9999920725822449,0.0007446405361406505,0.003909270744770765,-7.144166011130437e-05,0.14979025721549988,0.7828049659729004,-0.014412196353077888,-0.00013706437312066555,1.0,-1.4996213912963867,-7.283996819751337e-05,0.009127779863774776,1.9756876747511284e-06,-3.737501639190181e-07,1.0000738229376829,0.9999920789738249,0.0007446405191363562,0.003909270545025418,-7.144165860857909e-05,0.00037860169826001025,-7.171871403276618e-05,0.008906310339781402,0.14979025983452268,0.7828049452781309,-0.014412195890492913,1.4999999836499736,1.121254910034416e-06,-0.0002214696857444738,position_error,position_error,position_error,1.4999998654134519,7.3509312382928864e-06,-0.0006353783045140401,-1.4982429652344498,-0.0003441173858595385,0.0178619249508324,1.2850955699632836e-05,-2.450247654950082e-06,1.0002117873436949,0.9999345395332639,0.0021818103045248022,0.01122988760380078,-0.0002144215489532929,0.0017569001790022037,-0.0003367664546212456,0.01722654664631836,0.3243342259500641,1.643135616808155,-0.03245197543689724,0.07957234501752315,0.15210962963340854,0.15144393926325,0.10790091265137014,0.09332918687708075,0.13179855531668866,0.13261217788007892,0.10620423596305727,0.0009780210256576539,0.004104019403457642,-0.00017222589254379272,0.4910268265655518,0.000483962986163362,0.0022937373076586387,-7.16448735441624e-05,0.46394415603690564,1475.6304378731988,1777.3629070339764,1783.4599697668639,1580.0487764338434,-2.4998717612777854,-0.011225255748271205,-0.0007852240307935742,-0.0028061404760559004,-1.4433000789872326e-07,-0.0,-0.0,0.0,-2.5146885258629137,0.2499871940693301,0.24998714921545115,4.4853878949328646e-08,0.0002999540192417184,2.245051149654241,2.245051149654241,2.25,0.0002617413435978581,2.8061404760559,1.4433000789872326e-07,0.36324208974838257,0.04761768877506256,2.4998714921545115,2.6912327369597185e-07,d_final,step-050
0.03,0.04,STEP,STEP,0.5,0.0,1.0,0.5,0.0,1.0,-0.4999871551990509,-2.450247620799928e-06,0.00021178733732085675,-1.498242974281311,-0.0003441173757892102,0.017861925065517426,0.9999345541000366,0.002181810326874256,0.01122988760471344,-0.00021442155411932617,0.3243342339992523,1.643135666847229,-0.03245197609066963,-0.00037990789860486984,0.9999999403953552,0.10014671087265015,0.4037085771560669,-0.17703291773796082,0.049070410430431366,0.10014671087265015,0.4037085771560669,-0.17703291773796082,0.049070410430431366,-2.5212718400272767,False,False,0.03,absolute,0.0,0.0,0.0,0.0,0.0,0.0,0.0017569001790022037,-0.0003367664546212456,0.01722654664631836,0.005096406013933851,-0.0009936254611471304,0.025642206040653197,-0.4999871551990509,-2.450247620799928e-06,0.00021178733732085675,-1.498242974281311,-0.0003441173757892102,0.017861925065517426,0.9999345541000366,0.002181810326874256,0.01122988760471344,-0.00021442155411932617,0.3243342339992523,1.643135666847229,-0.03245197609066963,-0.00037990789860486984,0.9999999403953552,-1.498242974281311,-0.0003441173757892102,0.017861925065517426,1.2850955699632836e-05,-2.450247654950082e-06,1.0002117873436949,0.9999345395332639,0.0021818103045248022,0.01122988760380078,-0.0002144215489532929,0.0017569001790022037,-0.0003367664546212456,0.01722654664631836,0.3243342259500641,1.643135616808155,-0.03245197543689724,1.4999998654134519,7.3509312382928864e-06,-0.0006353783045140401,position_error,position_error,position_error,1.4999994317518912,2.8082611877893208e-05,-0.0013053564148581933,-1.4949030257379574,-0.0010217080730250236,0.02694756245551139,4.849078201213486e-05,-9.359966339945915e-06,1.0004350767712715,0.9997163294457687,0.0046428788441597105,0.023355478849645995,-0.00047531381382789797,0.005096406013933851,-0.0009936254611471304,0.025642206040653197,0.5354911008291999,2.624027011656263,-0.057099910586939334,0.07835115285228117,0.1360730851315829,0.1317935890029731,0.10387517822837859,0.09055015669476071,0.13257094681845666,0.13246370109645556,0.10578090440030048,0.0007511003315448761,0.0030278143286705016,-0.00017703291773796083,0.4500930052152157,0.0005346914126280098,0.0024290153120158325,-9.110768095959274e-05,0.4613657090099734,1452.5107738403217,1783.151215605978,1782.34800853162,1576.6793973269139,-2.4995162523203094,-0.011177311356850902,-0.0034022082975468434,-0.0071755288767580035,-5.391758115197537e-07,-0.0,-0.0,0.0,-2.5212718400272767,0.2499517009487497,0.24995151165695279,1.8929179690005517e-07,0.0006844833764472123,2.23546227137018,2.23546227137018,2.2499999999999996,0.0011340694325156144,7.175528876758003,5.391758115197537e-07,0.2067585438489914,0.028231380507349968,2.499515116569528,1.135750781400331e-06,d_final,step-050
0.04,0.05,STEP,STEP,0.5,0.0,1.0,0.5,0.0,1.0,-0.4999515116214752,-9.3599664978683e-06,0.00043507677037268877,-1.4949029684066772,-0.0010217081289738417,0.026947561651468277,0.9997163414955139,0.004642878659069538,0.023355478420853615,-0.00047531380550935864,0.5354911088943481,2.6240270137786865,-0.05709991231560707,-0.000734285858925432,0.9999997019767761,0.08500421047210693,0.37093794345855713,-0.15517649054527283,-0.018769949674606323,0.08500421047210693,0.37093794345855713,-0.15517649054527283,-0.018769949674606323,-2.533934007464233,False,False,0.04,absolute,0.0,0.0,0.0,0.0,0.0,0.0,0.005096406013933851,-0.0009936254611471304,0.025642206040653197,0.01135932734524081,-0.0022543047824279214,0.03250400599601782,-0.4999515116214752,-9.3599664978683e-06,0.00043507677037268877,-1.4949029684066772,-0.0010217081289738417,0.026947561651468277,0.9997163414955139,0.004642878659069538,0.023355478420853615,-0.00047531380550935864,0.5354911088943481,2.6240270137786865,-0.05709991231560707,-0.000734285858925432,0.9999997019767761,-1.4949029684066772,-0.0010217081289738417,0.026947561651468277,4.849078201213486e-05,-9.359966339945915e-06,1.0004350767712715,0.9997163294457687,0.0046428788441597105,0.023355478849645995,-0.00047531381382789797,0.005096406013933851,-0.0009936254611471304,0.025642206040653197,0.5354911008291999,2.624027011656263,-0.057099910586939334,1.4999994317518912,2.8082611877893208e-05,-0.0013053564148581933,position_error,position_error,position_error,1.4999983792689364,7.889736939077692e-05,-0.0022036255965015355,-1.4886390519236956,-0.002333202151818698,0.034707631592519356,0.00013431876347229775,-2.629208660712811e-05,1.0007343453334412,0.9991427601661702,0.008225291110031258,0.040562423992288404,-0.0008826967496544915,0.01135932734524081,-0.0022543047824279214,0.03250400599601782,0.7630215257115098,3.6494859848143246,-0.08681311201600658,0.0733319931589808,0.12573827490899123,0.12169242526872517,0.09541013182599972,0.08733879981549722,0.13132572055403052,0.13049412390270193,0.10387682500917769,0.000637531578540802,0.0027820345759391784,-0.00015517649054527284,0.4161728251626969,0.0005553007811148506,0.002496212185091394,-0.00010317555375935386,0.45303546928140737,1425.5042359479453,1773.8153790844444,1767.5685246280527,1561.4742589600667,-2.4986602352717293,-0.011086281452176614,-0.0102777939238496,-0.013908486318473206,-1.2104980038381528e-06,-0.0,-0.0,0.0,-2.533934007464233,0.24986623923240048,0.24986569996933172,5.392630687468506e-07,0.0011906266135775754,2.217256290435323,2.217256290435323,2.2500000000000004,0.0034259313079498667,13.908486318473205,1.2104980038381528e-06,0.16925272345542908,0.006383227650076151,2.498656999693317,3.2355784124811037e-06,d_final,step-050
0.05,0.06,STEP,STEP,0.5,0.0,1.0,0.5,0.0,1.0,-0.49986568093299866,-2.6292085749446414e-05,0.0007343453471548855,-1.488638997077942,-0.002333202166482806,0.034707631915807724,0.9991427659988403,0.008225291036069393,0.040562424808740616,-0.0008826967678032815,0.7630215287208557,3.6494860649108887,-0.08681311458349228,-0.0011002260725945234,0.9999994039535522,0.19441652297973633,0.44598525762557983,-0.14430758357048035,-0.0543283075094223,0.19441652297973633,0.44598525762557983,-0.14430758357048035,-0.0543283075094223,-2.556113853994645,False,False,0.05,absolute,0.0,0.0,0.0,0.0,0.0,0.0,0.01135932734524081,-0.0022543047824279214,0.03250400599601782,0.02145052103958909,-0.0043303755944138975,0.03684834063051577,-0.49986568093299866,-2.6292085749446414e-05,0.0007343453471548855,-1.488638997077942,-0.002333202166482806,0.034707631915807724,0.9991427659988403,0.008225291036069393,0.040562424808740616,-0.0008826967678032815,0.7630215287208557,3.6494860649108887,-0.08681311458349228,-0.0011002260725945234,0.9999994039535522,-1.488638997077942,-0.002333202166482806,0.034707631915807724,0.00013431876347229775,-2.629208660712811e-05,1.0007343453334412,0.9991427601661702,0.008225291110031258,0.040562423992288404,-0.0008826967496544915,0.01135932734524081,-0.0022543047824279214,0.03250400599601782,0.7630215257115098,3.6494859848143246,-0.08681311201600658,1.4999983792689364,7.889736939077692e-05,-0.0022036255965015355,position_error,position_error,position_error,1.4999964356604634,0.0001817587757937949,-0.003264960896092575,-1.4785459146208744,-0.004512134370207693,0.040113301526608344,0.00030504194432268237,-6.0549439776862475e-05,1.0010876589165414,0.9979240621967447,0.013068702820866026,0.06304477116771956,-0.0014601108647966461,0.02145052103958909,-0.0043303755944138975,0.03684834063051577,1.026400723933213,4.719690323244712,-0.11983894087151847,0.05956210122858195,0.11901353786990662,0.12748761889991433,0.09233038824688602,0.08203148761774402,0.1290709240421351,0.12994783520298658,0.10175265116726613,0.0014581239223480224,0.0033448894321918485,-0.00014430758357048034,0.3983936462452889,0.0007282449313852578,0.0026599200063672428,-0.00011193485918870353,0.44280289803013184,1380.1349045582797,1756.854602901748,1763.45949986548,1544.4118900142323,-2.49695764573651,-0.010938637289790085,-0.024872604990061407,-0.023343336565169605,-1.629413113793373e-06,-0.0,-0.0,0.0,-2.556113853994645,0.2496962377744185,0.24969505477249976,1.1830019187319897e-06,0.0018366772128810692,2.187727457958017,2.187727457958017,2.2500000000000004,0.00829086833002047,23.343336565169604,1.629413113793373e-06,0.26047685742378235,0.018985683098435402,2.496950547724998,7.098011512391938e-06,d_final,step-050
0.06,0.07,STEP,STEP,0.5,0.0,1.0,0.5,0.0,1.0,-0.49969494342803955,-6.0549438785528764e-05,0.001087658922187984,-1.478545904159546,-0.004512134473770857,0.04011330008506775,0.9979240894317627,0.01306870300322771,0.06304477155208588,-0.001460110885091126,1.0264006853103638,4.719690322875977,-0.11983893811702728,-0.0012764843413606286,0.9999991655349731,0.49674445390701294,0.6757743954658508,-0.1703980565071106,-0.040610551834106445,0.49674445390701294,0.6757743954658508,-0.1703980565071106,-0.040610551834106445,-2.594080338842251,False,False,0.06,absolute,0.0,0.0,0.0,0.0,0.0,0.0,0.02145052103958909,-0.0043303755944138975,0.03684834063051577,0.0362933002045785,-0.007483752286345681,0.03848406543594539,-0.49969494342803955,-6.0549438785528764e-05,0.001087658922187984,-1.478545904159546,-0.004512134473770857,0.04011330008506775,0.9979240894317627,0.01306870300322771,0.06304477155208588,-0.001460110885091126,1.0264006853103638,4.719690322875977,-0.11983893811702728,-0.0012764843413606286,0.9999991655349731,-1.478545904159546,-0.004512134473770857,0.04011330008506775,0.00030504194432268237,-6.0549439776862475e-05,1.0010876589165414,0.9979240621967447,0.013068702820866026,0.06304477116771956,-0.0014601108647966461,0.02145052103958909,-0.0043303755944138975,0.03684834063051577,1.026400723933213,4.719690323244712,-0.11983894087151847,1.4999964356604634,0.0001817587757937949,-0.003264960896092575,position_error,position_error,position_error,1.4999934738656842,0.0003657572989087671,-0.004409601110729524,-1.4637001736611057,-0.007849509585254448,0.04289366654667491,0.0006044048414592626,-0.00012177225244946633,1.0014680966347336,0.9956262555261403,0.01975746453851555,0.09128465602201583,-0.0022612998360556752,0.0362933002045785,-0.007483752286345681,0.03848406543594539,1.4350310933922297,5.912852566177439,-0.15687970864688328,0.03195869710041561,0.1179793538775219,0.15632429419130103,0.09899017891370832,0.07169566884910204,0.12704118600287326,0.13464639108046453,0.10125016604456807,0.003725583404302597,0.0050683079659938814,-0.00017039805650711059,0.4052525240829468,0.0013137812738639406,0.0031374642951157,-0.000130378795180176,0.4346334119770079,1288.7664424463553,1741.5230316555267,1798.6642833058202,1540.3598796100696,-2.4939726847687194,-0.010721598399030488,-0.05233947498029069,-0.03704575095133875,-8.297428718268171e-07,-0.0,-0.0,0.0,-2.594080338842251,0.24939813059996355,0.24939597529223462,2.155307728916043e-06,0.0028542334805011687,2.1443196798060975,2.1443196798060975,2.2500000000000004,0.0174464916600969,37.04575095133875,8.297428718268171e-07,0.7341107726097107,0.14507411420345306,2.493959752922346,1.2931846373496257e-05,d_final,step-050
0.07,0.08,STEP,STEP,0.5,0.0,1.0,0.5,0.0,1.0,-0.49939560890197754,-0.00012177225289633498,0.0014680966269224882,-1.4637001752853394,-0.007849509827792645,0.0428936667740345,0.9956262707710266,0.0197574645280838,0.09128465503454208,-0.0022612998727709055,1.4350310564041138,5.912852764129639,-0.1568797081708908,-0.000910902104806155,0.9999995827674866,0.6656609773635864,0.9055348038673401,-0.1988074779510498,0.00912494957447052,0.6656609773635864,0.9055348038673401,-0.1988074779510498,0.00912494957447052,-2.6590863913372402,False,False,0.07,absolute,0.0,0.0,0.0,0.0,0.0,0.0,0.0362933002045785,-0.007483752286345681,0.03848406543594539,0.057026703557771105,-0.012168580785331225,0.03776395074883323,-0.49939560890197754,-0.00012177225289633498,0.0014680966269224882,-1.4637001752853394,-0.007849509827792645,0.0428936667740345,0.9956262707710266,0.0197574645280838,0.09128465503454208,-0.0022612998727709055,1.4350310564041138,5.912852764129639,-0.1568797081708908,-0.000910902104806155,0.9999995827674866,-1.4637001752853394,-0.007849509827792645,0.0428936667740345,0.0006044048414592626,-0.00012177225244946633,1.0014680966347336,0.9956262555261403,0.01975746453851555,0.09128465602201583,-0.0022612998360556752,0.0362933002045785,-0.007483752286345681,0.03848406543594539,1.4350310933922297,5.912852566177439,-0.15687970864688328,1.4999934738656842,0.0003657572989087671,-0.004409601110729524,position_error,position_error,position_error,1.499989533213388,0.0006711788893985054,-0.00556325167338133,-1.4429628296556167,-0.012839759674729731,0.04332720242221456,0.0010864989156303866,-0.0002232416974579583,1.0018504004916848,0.9915457058157732,0.02952743136507244,0.12630721746301773,-0.00342503898244121,0.057026703557771105,-0.012168580785331225,0.03776395074883323,2.1167890833877303,7.350082895338083,-0.20082527706228925,0.01583671213967896,0.1286187394919967,0.18248878906277288,0.10317603409278678,0.05927854747044465,0.1273267804699375,0.14310442887523592,0.10159844429939587,0.004992457330226898,0.00679151102900505,-0.00019880747795104981,0.4301202747872353,0.002054038711756895,0.0038732893623758943,-0.00015766095563649762,0.4313082011150139,1172.4662868789098,1743.6840002544568,1861.3173750218782,1543.1690275827323,-2.4891678579030656,-0.010420919168329924,-0.10095229431761471,-0.05854484538379807,-4.7456443234148797e-07,-0.0,-0.0,0.0,-2.6590863913372402,0.2489181553830984,0.24891473140111875,3.4239819796274745e-06,0.004826235253155338,2.0841838336659846,2.0841838336659846,2.2500000000000004,0.033650764772538234,58.54484538379807,4.7456443234148797e-07,1.3027055263519287,0.08460335433483124,2.4891473140111877,2.0543891877764848e-05,d_final,step-050
0.08,0.09,STEP,STEP,0.5,0.0,1.0,0.5,0.0,1.0,-0.4989134967327118,-0.00022324170276988298,0.0018504004692658782,-1.442962884902954,-0.012839759700000286,0.043327201157808304,0.9915456771850586,0.02952743135392666,0.12630721926689148,-0.0034250388853251934,2.1167891025543213,7.350082874298096,-0.2008252739906311,0.0006888863281346858,0.9999997615814209,0.7376631498336792,1.0,-0.20106911659240723,0.024154864251613617,0.7376631498336792,1.0,-0.20106911659240723,0.024154864251613617,-2.768150434779558,False,False,0.08,absolute,0.0,0.0,0.0,0.0,0.0,0.0,0.057026703557771105,-0.012168580785331225,0.03776395074883323,0.08501058242344788,-0.01911358487341194,0.034503988491686004,-0.4989134967327118,-0.00022324170276988298,0.0018504004692658782,-1.442962884902954,-0.012839759700000286,0.043327201157808304,0.9915456771850586,0.02952743135392666,0.12630721926689148,-0.0034250388853251934,2.1167891025543213,7.350082874298096,-0.2008252739906311,0.0006888863281346858,0.9999997615814209,-1.442962884902954,-0.012839759700000286,0.043327201157808304,0.0010864989156303866,-0.0002232416974579583,1.0018504004916848,0.9915457058157732,0.02952743136507244,0.12630721746301773,-0.00342503898244121,0.057026703557771105,-0.012168580785331225,0.03776395074883323,2.1167890833877303,7.350082895338083,-0.20082527706228925,1.499989533213388,0.0006711788893985054,-0.00556325167338133,position_error,position_error,position_error,1.4999847832285178,0.001157482534218727,-0.006656599513222704,-1.4149742008050699,-0.020271067407630666,0.04116058800490871,0.001818288820943998,-0.00038442831954323034,1.002210819851781,0.9845511779066037,0.043840426565768684,0.1694408325838056,-0.005176807371094947,0.08501058242344788,-0.01911358487341194,0.034503988491686004,3.1059156015770535,9.095051580764713,-0.2528788566189257,0.008791914609637429,0.13178395878953228,0.19310069163909033,0.10395866708754685,0.04749660240166271,0.1281318666059583,0.15197390954151327,0.10202505534470174,0.005532473623752593,0.0075,-0.00020106911659240723,0.43763523212580685,0.0027707888817876908,0.00461680150607114,-0.00018227727544445533,0.429627433893836,1053.2587161445388,1749.769107455228,1926.1521518423137,1546.6059829763924,-2.4818809777307544,-0.010021285495613506,-0.18379307248897078,-0.09243062269701535,-2.4476367203861906e-05,-0.0,-0.0,0.0,-2.768150434779558,0.24819005286284226,0.24818516513842523,4.88772441702876e-06,0.008782653472521346,2.004257099122701,2.004257099122701,2.25,0.06126435749632359,92.43062269701535,2.4476367203861906e-05,1.585159182548523,0.014338999055325985,2.481851651384252,2.932634650217256e-05,d_final,step-050
0.09,0.1,STEP,STEP,0.5,0.0,1.0,0.5,0.0,1.0,-0.49818170070648193,-0.0003844283055514097,0.00221081986092031,-1.4149742126464844,-0.020271066576242447,0.04116058722138405,0.984551191329956,0.043840426951646805,0.1694408357143402,-0.005176807288080454,3.1059155464172363,9.095051765441895,-0.2528788447380066,0.004947339650243521,0.999987781047821,0.7610437870025635,1.0,-0.19990089535713196,0.0002692565321922302,0.7610437870025635,1.0,-0.19990089535713196,0.0002692565321922302,-2.9439470373925536,False,False,0.09,absolute,0.0,0.0,0.0,0.0,0.0,0.0,0.08501058242344788,-0.01911358487341194,0.034503988491686004,0.12155642877076875,-0.029266356162598973,0.027267597896641453,-0.49818170070648193,-0.0003844283055514097,0.00221081986092031,-1.4149742126464844,-0.020271066576242447,0.04116058722138405,0.984551191329956,0.043840426951646805,0.1694408357143402,-0.005176807288080454,3.1059155464172363,9.095051765441895,-0.2528788447380066,0.004947339650243521,0.999987781047821,-1.4149742126464844,-0.020271066576242447,0.04116058722138405,0.001818288820943998,-0.00038442831954323034,1.002210819851781,0.9845511779066037,0.043840426565768684,0.1694408325838056,-0.005176807371094947,0.08501058242344788,-0.01911358487341194,0.034503988491686004,3.1059156015770535,9.095051580764713,-0.2528788566189257,1.4999847832285178,0.001157482534218727,-0.006656599513222704,position_error,position_error,position_error,1.4999795649323033,0.001911455105361266,-0.007592833784446822,-1.3784231361615347,-0.031177811267960237,0.03486043168108827,0.0028803235476984232,-0.0006334899259598765,1.0025163989980428,0.9729531261744259,0.06403491134106615,0.2218125973877035,-0.007804872649449216,0.12155642877076875,-0.029266356162598973,0.027267597896641453,4.381492977804543,11.126388817575528,-0.3119171708254962,0.004615423782074739,0.1275091328411552,0.19140411565761212,0.10216375598525418,0.03703831943268286,0.1280189270212651,0.1590136171048688,0.10205019323982081,0.005707828402519226,0.0075,-0.00019990089535713195,0.42569242826609616,0.0033943120663571706,0.005230561232043097,-0.0002020620713177935,0.42612105679863754,937.226208342645,1748.916059276721,1977.074511158239,1546.8083672047592,-2.4713217338387774,-0.009511188239589265,-0.3198077893820259,-0.14309130115587604,-0.00021502477628549836,-0.0,-0.0,0.0,-2.9439470373925536,0.24713470628944467,0.24712837402552731,6.332263917350759e-06,0.016376006873591996,1.9022376479178529,1.9022376479178529,2.2500000000000004,0.10660259646067531,143.09130115587604,0.00021502477628549836,1.6191480159759521,0.0011185412295162678,2.471283740255273,3.799358350410455e-05,d_final,step-050
0.1,0.11,STEP,STEP,0.5,0.0,1.0,0.5,0.0,1.0,-0.497119665145874,-0.0006334899226203561,0.0025163989048451185,-1.3784230947494507,-0.031177811324596405,0.034860432147979736,0.9729531407356262,0.06403490900993347,0.22181259095668793,-0.007804872468113899,4.381493091583252,11.126388549804688,-0.31191715598106384,0.01466319803148508,0.9998924732208252,0.5663734674453735,1.0,-0.1938878893852234,-0.03914487361907959,0.5663734674453735,1.0,-0.1938878893852234,-0.03914487361907959,-3.2136193805860653,False,False,0.1,absolute,0.0,0.0,0.0,0.0,0.0,0.0,0.12155642877076875,-0.029266356162598973,0.027267597896641453,0.167740934950185,-0.04369469147872816,0.013774785324305667,-0.497119665145874,-0.0006334899226203561,0.0025163989048451185,-1.3784230947494507,-0.031177811324596405,0.034860432147979736,0.9729531407356262,0.06403490900993347,0.22181259095668793,-0.007804872468113899,4.381493091583252,11.126388549804688,-0.31191715598106384,0.01466319803148508,0.9998924732208252,-1.3784230947494507,-0.031177811324596405,0.034860432147979736,0.0028803235476984232,-0.0006334899259598765,1.0025163989980428,0.9729531261744259,0.06403491134106615,0.2218125973877035,-0.007804872649449216,0.12155642877076875,-0.029266356162598973,0.027267597896641453,4.381492977804543,11.126388817575528,-0.3119171708254962,1.4999795649323033,0.001911455105361266,-0.007592833784446822,position_error,position_error,position_error,1.4999744021384374,0.0030532157732003707,-0.008214061290230631,-1.3322334671882523,-0.04674790725192853,0.021988846614536296,0.004364930266576997,-0.0010088710917359291,1.0027141642114519,0.9544364226420015,0.09094711416414893,0.28398148317738975,-0.011586836148069202,0.167740934950185,-0.04369469147872816,0.013774785324305667,5.845630618894219,13.382190813532283,-0.37497966687465323,0.010265781892310137,0.13265334566755985,0.1764063702933894,0.08665986533720087,0.031167889282031888,0.1288559476433631,0.16214462062469623,0.09920175277706487,0.004247801005840301,0.0075,-0.00019388788938522338,0.40598536319046025,0.0035822582771219236,0.005679106396117871,-0.0002063864316513772,0.4213702103271561,866.2176915287772,1755.2336854360178,1999.589444895804,1523.7771257879785,-2.456595601829549,-0.008887574436521524,-0.5335011621745009,-0.21339503805291085,-0.0012400040925826744,-0.0,-0.0,0.0,-3.2136193805860653,0.24566250685790159,0.24565514017053486,7.366687366726178e-06,0.03023599203211414,1.7775148873043047,1.7775148873043047,2.25,0.17783372072483367,213.39503805291085,0.0012400040925826744,1.3599036931991577,0.03948616236448288,2.4565514017053487,4.420012420035707e-05,d_final,step-050
0.11,0.12,STEP,STEP,0.5,0.0,1.0,0.5,0.0,1.0,-0.495635062456131,-0.0010088711278513074,0.0027141643222421408,-1.3322334289550781,-0.04674790799617767,0.021988846361637115,0.9544364213943481,0.09094711393117905,0.28398147225379944,-0.011586836539208889,5.845630645751953,13.382190704345703,-0.3749796748161316,0.03520641475915909,0.9993800520896912,0.367653489112854,1.0,-0.20606639981269836,-0.08154016733169556,0.367653489112854,1.0,-0.20606639981269836,-0.08154016733169556,-3.6069998370468124,False,False,0.11,absolute,0.0,0.0,0.0,0.0,0.0,0.0,0.167740934950185,-0.04369469147872816,0.013774785324305667,0.224021404280438,-0.06332883879462863,-0.00908231444249202,-0.495635062456131,-0.0010088711278513074,0.0027141643222421408,-1.3322334289550781,-0.04674790799617767,0.021988846361637115,0.9544364213943481,0.09094711393117905,0.28398147225379944,-0.011586836539208889,5.845630645751953,13.382190704345703,-0.3749796748161316,0.03520641475915909,0.9993800520896912,-1.3322334289550781,-0.04674790799617767,0.021988846361637115,0.004364930266576997,-0.0010088710917359291,1.0027141642114519,0.9544364226420015,0.09094711416414893,0.28398148317738975,-0.011586836148069202,0.167740934950185,-0.04369469147872816,0.013774785324305667,5.845630618894219,13.382190813532283,-0.37497966687465323,1.4999744021384374,0.0030532157732003707,-0.008214061290230631,position_error,position_error,position_error,1.4999696855023132,0.00473777876047994,-0.008276232627738111,-1.2759482812218752,-0.06806661755510857,-0.0008060818147539086,0.0063719506167118165,-0.0015591651688361264,1.0027236420894097,0.9261054251502256,0.12445804756959432,0.3557562701946703,-0.016625646443412356,0.224021404280438,-0.06332883879462863,-0.00908231444249202,7.336129606858111,15.804747691041687,-0.43886299897875225,0.014992625993528387,0.13840531690913793,0.16005557562365733,0.07133419780782865,0.027872924434831567,0.13057457355997076,0.16176559238803803,0.09392800682961472,0.002757401168346405,0.0075,-0.00020606639981269836,0.38478771633415226,0.0034381359087338765,0.006029414642237352,-0.0002070925375862922,0.41414109721245507,823.9247299099795,1768.1732822338124,1996.867930662933,1480.5830138861224,-2.4367553306971246,-0.008163388652731716,-0.852313976325952,-0.30380144791798036,-0.005965693453023025,-0.0,-0.0,0.0,-3.6069998370468124,0.2436785003602049,0.2436710821339737,7.418226231203886e-06,0.05427861983448781,1.6326777305463431,1.6326777305463431,2.2500000000000004,0.2841046587753173,303.80144791798034,0.005965693453023025,1.1842812299728394,0.04143530875444412,2.4367108213397373,4.450935738722332e-05,d_final,step-050
0.12,0.13,STEP,STEP,0.5,0.0,1.0,0.5,0.0,1.0,-0.49362805485725403,-0.00155916518997401,0.002723642159253359,-1.2759482860565186,-0.06806661933660507,-0.0008060818072408438,0.9261054396629333,0.12445804476737976,0.3557562828063965,-0.016625646501779556,7.336129665374756,15.804747581481934,-0.43886300921440125,0.07716112583875656,0.9970186352729797,0.22750383615493774,1.0,-0.22868388891220093,-0.10619987547397614,0.22750383615493774,1.0,-0.22868388891220093,-0.10619987547397614,-4.160620270481219,False,False,0.12,absolute,0.0,0.0,0.0,0.0,0.0,0.0,0.224021404280438,-0.06332883879462863,-0.00908231444249202,0.2899804472315077,-0.08869270267551255,-0.044934929595998555,-0.49362805485725403,-0.00155916518997401,0.002723642159253359,-1.2759482860565186,-0.06806661933660507,-0.0008060818072408438,0.9261054396629333,0.12445804476737976,0.3557562828063965,-0.016625646501779556,7.336129665374756,15.804747581481934,-0.43886300921440125,0.07716112583875656,0.9970186352729797,-1.2759482860565186,-0.06806661933660507,-0.0008060818072408438,0.0063719506167118165,-0.0015591651688361264,1.0027236420894097,0.9261054251502256,0.12445804756959432,0.3557562701946703,-0.016625646443412356,0.224021404280438,-0.06332883879462863,-0.00908231444249202,7.336129606858111,15.804747691041687,-0.43886299897875225,1.4999696855023132,0.00473777876047994,-0.008276232627738111,position_error,position_error,position_error,1.4999646029880125,0.007148436740362982,-0.007422239229747916,-1.2099841557565048,-0.09584113941587553,-0.03751269036625064,0.009000571183707933,-0.0023399741230264695,1.0024296008153022,0.8846041625580736,0.16360005168423095,0.4361100205754799,-0.02277166281809007,0.2899804472315077,-0.08869270267551255,-0.044934929595998555,8.742790045219529,18.35767130400014,-0.5031870477541964,0.018390876979668954,0.14370739694405818,0.14858856855316696,0.061771019786117966,0.026031579496200725,0.13293294520326032,0.15936162485638777,0.08776230525798964,0.001706278771162033,0.0075,-0.00022868388891220093,0.372457862263012,0.0031168757784443674,0.006310891728974456,-0.00020969415388544916,0.4060884548138385,799.3769702190614,1785.861203070694,1979.5808647406527,1429.0842723297621,-2.410894563528945,-0.007373271915624146,-1.3017415617445711,-0.41369367068552737,-0.026917202606551706,-0.0,-0.0,0.0,-4.160620270481219,0.24109181753694317,0.24108591457682146,5.902960121717071e-06,0.09397420318226943,1.474654383124829,1.474654383124829,2.2500000000000004,0.43391385391485704,413.69367068552737,0.026917202606551706,1.1153327226638794,0.020761577412486076,2.4108591457682147,3.5417760730302424e-05,d_final,step-050
0.13,0.14,STEP,STEP,0.5,0.0,1.0,0.5,0.0,1.0,-0.4909994304180145,-0.002339974045753479,0.002429600805044174,-1.2099841833114624,-0.09584113955497742,-0.03751268982887268,0.8846041560173035,0.16360005736351013,0.4361100196838379,-0.02277166210114956,8.742790222167969,18.3576717376709,-0.5031870603561401,0.1633295863866806,0.9865715503692627,0.1356557011604309,1.0,-0.2526748478412628,-0.10960304737091064,0.1356557011604309,1.0,-0.2526748478412628,-0.10960304737091064,-14.9510816480076,True,False,0.13,absolute,0.0,0.0,0.0,0.0,0.0,0.0,0.2899804472315077,-0.08869270267551255,-0.044934929595998555,0.36424320342929234,-0.11974978873617789,-0.09756101920774281,-0.4909994304180145,-0.002339974045753479,0.002429600805044174,-1.2099841833114624,-0.09584113955497742,-0.03751268982887268,0.8846041560173035,0.16360005736351013,0.4361100196838379,-0.02277166210114956,8.742790222167969,18.3576717376709,-0.5031870603561401,0.1633295863866806,0.9865715503692627,-1.2099841833114624,-0.09584113955497742,-0.03751268982887268,0.009000571183707933,-0.0023399741230264695,1.0024296008153022,0.8846041625580736,0.16360005168423095,0.4361100205754799,-0.02277166281809007,0.2899804472315077,-0.08869270267551255,-0.044934929595998555,8.742790045219529,18.35767130400014,-0.5031870477541964,1.4999646029880125,0.007148436740362982,-0.007422239229747916,position_error,position_error,position_error,1.499954458649881,0.010485109604476787,-0.005165699654850345,-1.1357112552205886,-0.1302348983406547,-0.09239531955289246,0.01234016157450856,-0.00340888140043606,1.0016794538290892,0.8263221561062699,0.2067639681086569,0.5230334463492955,-0.02960354404165846,0.36424320342929234,-0.11974978873617789,-0.09756101920774281,10.011789284061207,21.014062286968084,-0.5687402960090469,0.02182678964434954,0.1491627505960335,0.14228242192695797,0.057484314147203765,0.025246216543690164,0.1358430174594945,0.1562376978889276,0.08194538202616886,0.0010174177587032318,0.0075,-0.00025267484784126284,0.3707562763145447,0.002725652922215642,0.006536754723706098,-0.00021564864121509093,0.3992723139182811,788.6855640234174,1807.582500815436,1957.0463896744336,1379.3908098040276,-2.378254308246771,-0.006576690395279034,-1.8978919470483544,-0.5421502039933215,-0.12620849832387462,-0.0,-0.0,-10.0,-14.9510816480076,0.2378265590507427,0.23782373848557867,2.8205651640423207e-06,0.15653127561564564,1.3153380790558067,1.3153380790558067,2.2499999999999996,0.6326306490161181,542.1502039933215,0.12620849832387462,1.0942598581314087,0.009023227728903294,2.3782373848557867,1.6923390984253925e-05,d_final,step-050
