rebuilt_constants,case,rotor_forces_n,gravity_pitch_origin_nm,rotor_pitch_origin_nm,external_pitch_nm,residual_pitch_origin_nm,pitch_accel_rad_s2,contact_count
False,equal_no_extra,"[0.11866176000000002, 0.11866176000000002, 0.11866176000000002, 0.11866176000000002]",-0.0,0.0,0,0.0,0.0,0
False,equal_with_extra,"[0.11866176000000002, 0.11866176000000002, 0.11866176000000002, 0.11866176000000002]",-0.0,0.0,0.0014715,0.0014715,52.56200188414011,0
False,physical_trim_no_extra,"[0.12906546475113123, 0.10825805524886879, 0.10825805524886879, 0.12906546475113123]",-0.0,-0.0014714999999999989,0,-0.0014714999999999989,-52.562001884140074,0
False,physical_trim_with_extra,"[0.12906546475113123, 0.10825805524886879, 0.10825805524886879, 0.12906546475113123]",-0.0,-0.0014714999999999989,0.0014715,1.0842021724855044e-18,3.872771772543112e-14,0
False,double_trim_with_extra,"[0.13946916950226246, 0.09785435049773758, 0.09785435049773758, 0.13946916950226246]",-0.0,-0.0029429999999999986,0.0014715,-0.0014714999999999986,-52.56200188414006,0
True,equal_no_extra,"[0.11866176000000002, 0.11866176000000002, 0.11866176000000002, 0.11866176000000002]",0.0014715,0.0,0,0.0014715,52.5619296973367,0
True,equal_with_extra,"[0.11866176000000002, 0.11866176000000002, 0.11866176000000002, 0.11866176000000002]",0.0014715,0.0,0.0014715,0.002943,105.1238593946734,0
True,physical_trim_no_extra,"[0.12906546475113123, 0.10825805524886879, 0.10825805524886879, 0.12906546475113123]",0.0014715,-0.0014714999999999989,0,1.0842021724855044e-18,3.872766453814666e-14,0
True,physical_trim_with_extra,"[0.12906546475113123, 0.10825805524886879, 0.10825805524886879, 0.12906546475113123]",0.0014715,-0.0014714999999999989,0.0014715,0.001471500000000001,52.56192969733674,0
True,double_trim_with_extra,"[0.13946916950226246, 0.09785435049773758, 0.09785435049773758, 0.13946916950226246]",0.0014715,-0.0029429999999999986,0.0014715,1.3010426069826053e-18,5.2620445785164344e-14,0
