condition,model,window,mean_error_xy_m,offset_xy_m,rmse_xy_m,sway_xy_rms_m,max_xy_error_m,mean_error_z_m,offset_z_abs_m,rmse_z_m,sway_z_rms_m,max_abs_z_error_m,rmse_3d_m,xy_bias_variance_residual_m2,z_bias_variance_residual_m2,sample_count,first_sample_s,last_sample_s,actual_velocity_xy_rms_m_s,actual_velocity_z_rms_m_s,velocity_error_xy_rms_m_s,velocity_error_z_rms_m_s,max_tilt_deg,max_angular_speed_rad_s
nominal,A_best,full_0_20,"[-0.0013903186341030409, -0.0012703166363107069]",0.0018832658497466295,0.0019015315654876094,0.0002629297125162248,0.0020841589657270778,0.0012842435247706649,0.0012842435247706649,0.0012958795206562933,0.0001732694466459694,0.0013359658275680086,0.002301114083786839,-5.293955920339377e-23,2.421984833555265e-21,2000,0.01,20.0,0.0006669077939794093,0.00027317565628538873,0.0076847147246363314,0.005224623963285335,0.11500938482955203,0.025333598720451524
nominal,A_best,pre_3_5,"[-0.001434020255290992, -0.0012987718812297383]",0.0019347409366780542,0.001936148134809613,7.38045247181408e-05,0.0020462378508615893,0.001324725203214686,0.001324725203214686,0.0013247523380322005,8.478979277644368e-06,0.0013359658275680086,0.0023459834519980157,-2.179620914077228e-21,-4.601579898238351e-22,200,3.0100000000000002,5.0,0.00045187060929505646,4.856318493953584e-05,0.007783935067320133,0.005306123359683516,0.03771088271187686,0.005771920853499332
nominal,A_best,post_5_20,"[-0.0014375510953856061, -0.0013036706759966884]",0.0019406468981496914,0.0019406911726498276,1.3108939810006563e-05,0.0019902731461928632,0.001327759370610468,0.001327759370610468,0.0013277601114955935,1.402652801847265e-06,0.001333205950892813,0.0023514312963128976,2.2935908928505498e-21,1.8024503846632722e-21,1500,5.01,20.0,8.530333530085715e-05,9.139839862111806e-06,0.007767113982951687,0.005311518806825704,0.016066357602883895,0.0025634240960113325
nominal,A_best,tail_18_20,"[-0.001437606959184022, -0.0013037094988877678]",0.0019407143598645642,0.0019407143673698013,1.70678193587258e-07,0.00194102785465473,0.0013277938658089927,0.0013277938658089927,0.001327793865940662,1.8699178346973552e-08,0.0013278292148106718,0.0023514694993014935,-2.9936874966309743e-21,-2.5857708667197815e-22,200,18.01,20.0,1.1320965749187809e-06,1.2377413069702455e-07,0.007762754174452426,0.005311163978696578,8.29215979007067e-05,1.0196719968721443e-05
nominal,B_best,full_0_20,"[0.0015627432044844868, -0.000575441239334262]",0.0016653224742040184,0.0016818593387968905,0.00023526982893969965,0.0024118694916394987,0.0017676708455580158,0.0017676708455580158,0.001774864371755808,0.0001596349582401705,0.0021601197501028846,0.002445157331057953,4.1425205076655626e-21,7.126988157756886e-21,2000,0.01,20.0,0.0008770763422158436,0.000705275992241837,0.0068247423347738995,0.007178258263972906,0.1777158238172187,0.05286760541324108
nominal,B_best,pre_3_5,"[0.001571657565232725, -0.000616266227971255]",0.0016881621859558328,0.0016885393413382317,3.5686708390777085e-05,0.0017554920367798814,0.0017958251958520898,0.0017958251958520898,0.0017959264963176012,1.9074750808805167e-05,0.0018601638476123394,0.0024650592462297054,4.749671077279485e-21,-3.062636217977585e-22,200,3.0100000000000002,5.0,0.00015695520742788064,9.812356344171281e-05,0.006736174184534802,0.00713893715137159,0.017388441791516853,0.005041711337255518
nominal,B_best,post_5_20,"[0.0015419912725475632, -0.0005833997500419537]",0.0016486638083496184,0.0016486660726955963,2.7324523159680418e-06,0.001662631603243831,0.0017663640254351875,0.0017663640254351875,0.0017663644731218532,1.2575990800166009e-06,0.0017732211822105715,0.0024162250042503415,-4.9639189338663885e-21,-3.6564478943689145e-21,1500,5.01,20.0,8.807222449846545e-06,4.622309667523398e-06,0.0065939086287224525,0.007065057214844991,0.002988789491351496,0.0011759867306269582
nominal,B_best,tail_18_20,"[0.0015417341564267553, -0.0005826208846023847]",0.0016481478405373058,0.0016481478405393371,2.5867876504020267e-09,0.0016481498872618545,0.0017659358336614673,0.0017659358336614673,0.0017659358336623032,1.7187823295261996e-09,0.0017659381456827106,0.0024155580458533913,4.7486162464334794e-21,-2.3028751102728955e-21,200,18.01,20.0,1.4677271995608422e-08,1.165113633311125e-08,0.006592590887297741,0.007063743191938627,1.4787793334710982e-06,8.825700328287798e-07
centered_payload,A_best,full_0_20,"[0.007177377992153878, -0.005331194717625554]",0.008940715405351712,0.009055968324566784,0.0014401980197402506,0.009346431371834472,-0.02023421387446626,0.02023421387446626,0.02034491439783879,0.002119464729063853,0.020875955787159617,0.02226939837873814,-2.676624113323589e-19,-6.623797647528629e-19,2000,0.01,20.0,0.002038188240422306,0.00516328528160371,0.036520528308816316,0.08206526522824517,0.36808220537776276,0.09711549582017207
centered_payload,A_best,pre_3_5,"[0.00750791433796989, -0.005506915882516954]",0.009311009625352739,0.009311879131139279,0.0001272505777429712,0.009346431371834472,-0.020685866640380506,0.020685866640380506,0.020685906459156744,4.058784763606574e-05,0.02077952980941311,0.02268518941930902,-4.236819097496608e-20,-1.5755474563420029e-19,200,3.0100000000000002,5.0,0.0007858232822389479,0.0001252466774234496,0.037306049722499394,0.08268340976230638,0.06337865945902928,0.008388405960230374
centered_payload,A_best,post_5_20,"[0.007515881357094104, -0.005520384167339542]",0.009325401542503562,0.00932542856107503,2.2448135474207833e-05,0.009342567564928825,-0.02063847587701796,0.02063847587701796,0.02063847603873859,2.583666905208208e-06,0.02065759791916344,0.022647523287311153,-1.478471607604311e-19,3.283859048897643e-20,1500,5.01,20.0,0.00014608833574075654,1.5469396874646066e-05,0.03730315898007418,0.0825526000754276,0.02717833241447345,0.003804309551358845
centered_payload,A_best,tail_18_20,"[0.007515799157743367, -0.005520410585086306]",0.009325350932134878,0.009325350936533583,2.864243805014621e-07,0.009325446766402882,-0.020638146029826453,0.020638146029826453,0.020638146029844644,2.7404750714499326e-08,0.020638193668284344,0.02264719059041761,2.3456063513594863e-20,-1.561471690152536e-19,200,18.01,20.0,1.8951594685643556e-06,1.8256619911450618e-07,0.037301369849838485,0.08255260177599674,0.0001383113306927918,1.6425184920889652e-05
centered_payload,B_best,full_0_20,"[0.005573186246273597, -0.0005752414510384804]",0.005602794629704541,0.005682905603832238,0.0009508461702199007,0.005884030927555464,-0.02007046056799025,0.02007046056799025,0.020185570132227767,0.002152638880963406,0.020592514928524985,0.02097028034302721,-4.573977915173222e-20,-1.2358210700440242e-18,2000,0.01,20.0,0.0011534705117779139,0.005002018883007083,0.022912532081021997,0.08141759079869912,0.1821521603268011,0.05078013728679292
centered_payload,B_best,pre_3_5,"[0.005802847501243004, -0.0005933817079414989]",0.005833107317202534,0.00583341379703597,5.9795931700678725e-05,0.0058771983792133085,-0.020559664145075374,0.020559664145075374,0.020559670609611686,1.6303908529066286e-05,0.020592514928524985,0.021371213631967187,-8.102482254140672e-20,-6.972038100474039e-19,200,3.0100000000000002,5.0,0.0001956872767294521,7.346305096747423e-05,0.023422557413364395,0.08223204475991948,0.011662827157322517,0.003950740802343123
centered_payload,B_best,post_5_20,"[0.005841593208107979, -0.0006753451140034222]",0.00588050186906029,0.005880503281762631,4.076125536440397e-06,0.005884030927555464,-0.020529713046571915,0.020529713046571915,0.02052971315761797,2.1352953560021076e-06,0.020541952809409625,0.021355314120398542,1.267640330064678e-19,9.705131338134501e-19,1500,5.01,20.0,1.2089372741508785e-05,4.228277470245598e-06,0.02352222893207118,0.08211807278955607,0.0030052447908351966,0.0010388461932477615
centered_payload,B_best,tail_18_20,"[0.00584155674999464, -0.0006766808578710991]",0.005880619206071509,0.005880619206073316,4.607619319296163e-09,0.0058806243915247415,-0.02052900613603438,0.02052900613603438,0.020529006136034412,1.0813172160790969e-09,0.02052900816852976,0.021354666356095963,1.3430525586615638e-20,7.758557656928195e-20,200,18.01,20.0,2.6986545126113838e-08,6.969706502857743e-09,0.023522476226031066,0.08211602520001886,1.9090959104164224e-06,5.198718263385476e-07
offset_payload,A_best,full_0_20,"[0.069458419425188, -0.006343282464826413]",0.06974746777822051,0.0703430110919666,0.009133999562657426,0.07205987840393803,-0.018952242675739653,0.018952242675739653,0.019090238355832383,0.0022912219539723377,0.02765376397793573,0.07288742285173094,1.734723475976807e-18,1.6906777627195835e-18,2000,0.01,20.0,0.019197922278855407,0.008649600265024475,0.28385711848685563,0.07730083186881924,4.910835029839878,1.419790107222739
offset_payload,A_best,pre_3_5,"[0.0714989821617609, -0.0066453183546295634]",0.07180713548250048,0.07181243996900825,0.0008728276463508892,0.07205987840393803,-0.018854847065816444,0.018854847065816444,0.01885653914556506,0.00025260774513188216,0.019367309195335136,0.07424685584488168,-5.0610218598444445e-20,-9.85999290163209e-20,200,3.0100000000000002,5.0,0.00580913566130602,0.0006285608428704267,0.2875329385158923,0.07506349381422935,0.4184152343444364,0.07552734969727878
offset_payload,A_best,post_5_20,"[0.07157394633550213, -0.006548507425362118]",0.0718728929676367,0.07187303237076874,0.00014155787583612793,0.07201905305324731,-0.018577914904431298,0.018577914904431298,0.018577918327384188,1.127752929304827e-05,0.01863813500822764,0.07423524655814466,-1.0773895129605177e-18,-2.678567470775206e-19,1500,5.01,20.0,0.00099970185279296,5.329394566178584e-05,0.2875035288919732,0.07430923720076914,0.16284102567876665,0.02905581349466542
offset_payload,A_best,tail_18_20,"[0.07157318861510205, -0.006552115088636224]",0.07187246719480074,0.07187246720754226,1.3533390287343847e-06,0.07187303219042919,-0.018575535224010575,0.018575535224010575,0.01857553522420739,8.551387543559177e-08,0.018575675129757774,0.07423410302121934,3.1928579648992364e-18,-7.092306630376956e-19,200,18.01,20.0,9.31546998728084e-06,5.44809786702548e-07,0.2874897391644679,0.07430214204441765,0.0006485617761216793,8.446292141483705e-05
offset_payload,B_best,full_0_20,"[0.07569959900703806, -0.019146460308774815]",0.07808339280654912,0.07891406849287085,0.01141989377865128,0.0811448166840058,-0.03296625479961021,0.03296625479961021,0.033127572963097554,0.003265292469676185,0.03828734154545255,0.0855854327355004,-1.2847795743953228e-17,4.672233737054721e-18,2000,0.01,20.0,0.019792382002672883,0.011540888632214736,0.3183529012418191,0.13383406476035822,4.408760385491515,1.3609645796867444
offset_payload,B_best,pre_3_5,"[0.07820747874156178, -0.01998971255326111]",0.08072173399446919,0.08072401181929931,0.0006064199275538613,0.0811448166840058,-0.03348917534858622,0.03348917534858622,0.033490892475565144,0.0003391360811110443,0.034161089858824045,0.08739568618079636,-3.2558358305679203e-18,-8.181808874884507e-20,200,3.0100000000000002,5.0,0.0027714006723194976,0.0011793905833857846,0.3238557224091684,0.13365294898096294,0.18475033770569355,0.03247471100922482
offset_payload,B_best,post_5_20,"[0.07835499337519201, -0.02084415982529847]",0.08108010844620875,0.08108011676609937,3.6730850404172614e-05,0.08114344735617589,-0.03304625050715981,0.03304625050715981,0.033046258593481787,2.3118073091618266e-05,0.03319731242593005,0.08755592807932297,-3.361781454295957e-17,5.0688543296671326e-18,1500,5.01,20.0,0.00011766154518739631,6.56129320596225e-05,0.3243209916493034,0.13217542227343995,0.030826674626619865,0.0029724061117577913
offset_payload,B_best,tail_18_20,"[0.07835245022401796, -0.020855819363706535]",0.0810806490935955,0.08108064909359593,8.766179285505264e-09,0.08108065453740744,-0.03303955428024798,0.03303955428024798,0.03303955428024801,1.3704650492924516e-09,0.033039557732687075,0.08755389085858088,-6.5895984885608936e-18,7.338945914174603e-20,200,18.01,20.0,4.900324710790015e-08,6.056057881886937e-09,0.324322596152252,0.13215821531229044,2.9575586669421963e-06,4.366148446134e-07
motor_80,A_best,full_0_20,"[0.029677649157932223, -0.029647782858910704]",0.04194942059183219,0.048993416198840976,0.025310095670352844,0.058463119609337116,0.002793151938160749,0.002793151938160749,0.00429041819100148,0.003256683973618764,0.012128550006971106,0.04918091620828683,5.204170427930421e-18,-3.5575383784680614e-20,2000,0.01,20.0,0.01604811232871448,0.0051553469701566875,0.1983427965233385,0.018055004911781823,4.384285477167818,1.3188788237944389
motor_80,A_best,pre_3_5,"[-0.001434020255290992, -0.0012987718812297383]",0.0019347409366780542,0.001936148134809613,7.38045247181408e-05,0.0020462378508615893,0.001324725203214686,0.001324725203214686,0.0013247523380322005,8.478979277644368e-06,0.0013359658275680086,0.0023459834519980157,-2.179620914077228e-21,-4.601579898238351e-22,200,3.0100000000000002,5.0,0.00045187060929505646,4.856318493953584e-05,0.007783935067320133,0.005306123359683516,0.03771088271187686,0.005771920853499332
motor_80,A_best,post_5_20,"[0.03998640596066141, -0.039140292306130024]",0.05595422364272531,0.056563400654593,0.008279079064236788,0.058463119609337116,0.0033396372551305785,0.0033396372551305785,0.004905859721717709,0.0035936447533550147,0.012128550006971106,0.056775749693167274,7.8198081690517e-18,2.879912020664621e-20,1500,5.01,20.0,0.0185149525448533,0.005944525783836343,0.22898633478009858,0.02065092994946161,4.384285477167818,1.3188788237944389
motor_80,A_best,tail_18_20,"[0.04171172535852878, -0.04040769820279734]",0.058074522007793436,0.05807452252646166,7.761624767789899e-06,0.058082649328780135,0.00483146519266685,0.00483146519266685,0.004831465230617062,6.05566062643748e-07,0.004832458599898226,0.058275150990376376,-5.612531608567105e-20,-6.548729738703541e-21,200,18.01,20.0,5.217134653610184e-05,4.117770425187052e-06,0.23229521203219114,0.01932568331346477,0.0039591288338901715,0.0004471619191598079
motor_80,B_best,full_0_20,"[0.03244978096918069, -0.06304196666392899]",0.07090329925894658,0.0828314416225431,0.04282253933928986,0.10014605863051892,-0.005502771132048038,0.005502771132048038,0.007618235516614271,0.005268493357203925,0.02433255117319144,0.08318103890704522,4.9873299934333204e-18,-3.7269449679189215e-20,2000,0.01,20.0,0.02094157443774541,0.008891326941566718,0.33499619023437405,0.03188470921146897,3.934613575690299,1.2454541295913666
motor_80,B_best,pre_3_5,"[0.001571657565232725, -0.000616266227971255]",0.0016881621859558328,0.0016885393413382317,3.5686708390777085e-05,0.0017554920367798814,0.0017958251958520898,0.0017958251958520898,0.0017959264963176012,1.9074750808805167e-05,0.0018601638476123394,0.0024650592462297054,4.749671077279485e-21,-3.062636217977585e-22,200,3.0100000000000002,5.0,0.00015695520742788064,9.812356344171281e-05,0.006736174184534802,0.00713893715137159,0.017388441791516853,0.005041711337255518
motor_80,B_best,post_5_20,"[0.04272470829214254, -0.08387210031616824]",0.09412720069190447,0.09564000310398511,0.016943443677015807,0.10014605863051892,-0.00792755861137289,0.00792755861137289,0.008735170399971617,0.0036683806208990867,0.02433255117319144,0.09603808304858455,1.3823577699190182e-17,-1.1350241493207625e-19,1500,5.01,20.0,0.024160031324398364,0.010234470940952931,0.38679620833519357,0.03656124660315279,3.934613575690299,1.2454541295913666
motor_80,B_best,tail_18_20,"[0.044731166177485425, -0.08953924588379886]",0.10009072774756514,0.10009072774784698,2.374968673904594e-07,0.10009105652391556,-0.006459162595700389,0.006459162595700389,0.006459162595896259,5.030278672858996e-08,0.006459266192664903,0.10029892602881574,1.5384312388218684e-17,-5.932251533621398e-20,200,18.01,20.0,1.6352303624121205e-06,3.5502700487314386e-07,0.4003630116024891,0.025836676257341346,0.00010323249681508333,1.4186282812572309e-05
motor_70,A_best,full_0_20,"[0.05261777878228922, -0.049993576363275165]",0.07258090879544393,0.0847141551605673,0.04368637960504523,0.10098163418390511,0.0037532439853589297,0.0037532439853589297,0.006837304757560878,0.0057150586990976455,0.023642292913926943,0.08498962772548446,8.890457814381136e-18,-3.3881317890172014e-20,2000,0.01,20.0,0.028930265135831048,0.009768404416392668,0.34304518690922775,0.029233280827191423,8.36793097258244,2.1582070641336792
motor_70,A_best,pre_3_5,"[-0.001434020255290992, -0.0012987718812297383]",0.0019347409366780542,0.001936148134809613,7.38045247181408e-05,0.0020462378508615893,0.001324725203214686,0.001324725203214686,0.0013247523380322005,8.478979277644368e-06,0.0013359658275680086,0.0023459834519980157,-2.179620914077228e-21,-4.601579898238351e-22,200,3.0100000000000002,5.0,0.00045187060929505646,4.856318493953584e-05,0.007783935067320133,0.005306123359683516,0.03771088271187686,0.005771920853499332
motor_70,A_best,post_5_20,"[0.07057324545980409, -0.06626801697861597]",0.09680926117375287,0.09781408878714644,0.013984381153696414,0.10098163418390511,0.004619759984728155,0.004619759984728155,0.00786482827114636,0.00636500914517234,0.023642292913926943,0.09812976861785822,1.509751525186065e-17,4.0657581468206416e-20,1500,5.01,20.0,0.03339702446462501,0.011275174059588755,0.39609122091744825,0.03363425211279219,8.36793097258244,2.1582070641336792
motor_70,A_best,tail_18_20,"[0.07345538457852864, -0.06832252585756624]",0.10031780033043662,0.10031780106605521,1.2148715436491067e-05,0.1003305280635822,0.007217000325169556,0.007217000325169556,0.007217000590663551,1.957585387575152e-06,0.007220518533360698,0.10057706651247225,-9.01583701779522e-18,2.174709852307621e-20,200,18.01,20.0,8.099658610147204e-05,1.4375173913394066e-05,0.40126805976328567,0.028869817518350317,0.006050132536219321,0.0006851023552798914
motor_70,B_best,full_0_20,"[0.055529178954398545, -0.10925444631487603]",0.12255620651325556,0.143397533314228,0.0744501766665826,0.17318531119267647,-0.01110200775721957,0.01110200775721957,0.014529501138085769,0.009372930549207747,0.046071110991678266,0.1441317416946273,2.42861286636753e-17,3.2526065174565133e-19,2000,0.01,20.0,0.03711797992069995,0.016371114602569577,0.5799899107699591,0.06066848514493421,7.199346157589455,2.0128729991589593
motor_70,B_best,pre_3_5,"[0.001571657565232725, -0.000616266227971255]",0.0016881621859558328,0.0016885393413382317,3.5686708390777085e-05,0.0017554920367798814,0.0017958251958520898,0.0017958251958520898,0.0017959264963176012,1.9074750808805167e-05,0.0018601638476123394,0.0024650592462297054,4.749671077279485e-21,-3.062636217977585e-22,200,3.0100000000000002,5.0,0.00015695520742788064,9.812356344171281e-05,0.006736174184534802,0.00713893715137159,0.017388441791516853,0.005041711337255518
motor_70,B_best,post_5_20,"[0.07349723893909962, -0.14548873985076433]",0.16299944035190578,0.16557802786857148,0.02910782983684824,0.17318531119267647,-0.015393207444934916,0.015393207444934916,0.016745000940477244,0.006591223031712959,0.046071110991678266,0.1664225897206927,3.3285006695304986e-17,7.047314121155779e-19,1500,5.01,20.0,0.042848185160459795,0.018886185255526294,0.6697007582597488,0.06991970607454985,7.199346157589455,2.0128729991589593
motor_70,B_best,tail_18_20,"[0.07684041296339093, -0.15512908352924046]",0.17311695936853363,0.17311695936863283,1.853292652724539e-07,0.1731172581522475,-0.01280673355821015,0.01280673355821015,0.012806733558357007,6.13320229745375e-08,0.012806859696899209,0.17359001712505132,-2.881189038757547e-18,-1.1312998229968133e-19,200,18.01,20.0,1.2926680611384594e-06,4.466855796661129e-07,0.6924679675581321,0.05122698086769517,8.17351717973687e-05,1.1614668668995327e-05
combined_80,A_best,full_0_20,"[0.10896781710839264, -0.04078520873938468]",0.11635041219215034,0.12164074453724151,0.035483127177450745,0.13759705607396394,-0.01764103076132897,0.01764103076132897,0.018255398375260842,0.00469612643753569,0.03681615640818747,0.12300296866910948,2.0599841277224584e-17,-3.9979955110402976e-19,2000,0.01,20.0,0.027842084961162007,0.011075785276979331,0.4912257133345571,0.07416673052747184,5.2816258696177165,1.4900296165872269
combined_80,A_best,pre_3_5,"[0.0714989821617609, -0.0066453183546295634]",0.07180713548250048,0.07181243996900825,0.0008728276463508892,0.07205987840393803,-0.018854847065816444,0.018854847065816444,0.01885653914556506,0.00025260774513188216,0.019367309195335136,0.07424685584488168,-5.0610218598444445e-20,-9.85999290163209e-20,200,3.0100000000000002,5.0,0.00580913566130602,0.0006285608428704267,0.2875329385158923,0.07506349381422935,0.4184152343444364,0.07552734969727878
combined_80,A_best,post_5_20,"[0.12425314324644149, -0.052471075791439836]",0.13487793519079289,0.13526581784874342,0.010236409378179549,0.13759705607396394,-0.0168296323518837,0.0168296323518837,0.017423228035822403,0.004509140726202593,0.03681615640818747,0.13638332139040205,1.8539857149502126e-17,-1.4840017235895342e-18,1500,5.01,20.0,0.023305822677475517,0.007988288505933654,0.5449422563530769,0.06992073950355782,5.2816258696177165,1.4900296165872269
combined_80,A_best,tail_18_20,"[0.12639507326469743, -0.053976007299044115]",0.1374377091977842,0.13743770940438194,7.535823435013493e-06,0.13744225974871369,-0.01498689985590834,0.01498689985590834,0.014986899905913436,1.224272223285352e-06,0.014989274008416653,0.13825241818902553,4.919185064500658e-18,2.3989932575525773e-19,200,18.01,20.0,5.1804655770579055e-05,8.63123490839992e-06,0.5497485675245293,0.0599465305761164,0.0037249612903958746,0.000468583700382632
combined_80,B_best,full_0_20,"[0.11524091751133522, -0.09613259736558875]",0.15007313332208658,0.16108748659205244,0.058542574178420737,0.18673554689297675,-0.04280971062363898,0.04280971062363898,0.04351446640433266,0.007799837355617444,0.06754389692917007,0.16686128107802142,1.3444106938820255e-17,1.9651164376299768e-18,2000,0.01,20.0,0.03270783671646748,0.01630497654734848,0.6505660119030912,0.1759481142270994,4.73764665160754,1.413783650278438
combined_80,B_best,pre_3_5,"[0.07820747874156178, -0.01998971255326111]",0.08072173399446919,0.08072401181929931,0.0006064199275538613,0.0811448166840058,-0.03348917534858622,0.03348917534858622,0.033490892475565144,0.0003391360811110443,0.034161089858824045,0.08739568618079636,-3.2558358305679203e-18,-8.181808874884507e-20,200,3.0100000000000002,5.0,0.0027714006723194976,0.0011793905833857846,0.3238557224091684,0.13365294898096294,0.18475033770569355,0.03247471100922482
combined_80,B_best,post_5_20,"[0.1310767513809216, -0.12349234256771707]",0.1800874049605866,0.18129988833072638,0.0209326559063957,0.18673554689297675,-0.04617085827253158,0.04617085827253158,0.046405662029525334,0.004662329329459112,0.06754389692917007,0.18714468995173866,-1.3227266504323154e-17,-3.3779673936501498e-18,1500,5.01,20.0,0.030068246385199143,0.013299793410979024,0.7310044644940733,0.18672239180010625,4.73764665160754,1.413783650278438
combined_80,B_best,tail_18_20,"[0.13356639713125337, -0.1304402089786198]",0.18669394891374946,0.18669394891384172,1.855636734487834e-07,0.18669415533797581,-0.04436594386303692,0.04436594386303692,0.0443659438630746,5.7815186416417575e-08,0.04436605764774326,0.1918931148736338,1.0792435188763251e-17,1.0837195801805824e-18,200,18.01,20.0,1.306400644130684e-06,4.0498800135972513e-07,0.7467758607497782,0.17746381133259648,8.617617492600353e-05,1.1373531575113872e-05
combined_70,A_best,full_0_20,"[0.1409021521469028, -0.06715525273447011]",0.1560872975275679,0.16709227600315427,0.05963710464513466,0.205387735633039,-0.017144393107493456,0.017144393107493456,0.019436943576735265,0.009157759583048718,0.06455077742342186,0.16821897477846984,3.8163916471489756e-17,5.692061405548898e-19,2000,0.01,20.0,0.04967631771871369,0.019853444821459638,0.6756236610565427,0.08046399616587535,11.83426628356191,2.598517228313147
combined_70,A_best,pre_3_5,"[0.0714989821617609, -0.0066453183546295634]",0.07180713548250048,0.07181243996900825,0.0008728276463508892,0.07205987840393803,-0.018854847065816444,0.018854847065816444,0.01885653914556506,0.00025260774513188216,0.019367309195335136,0.07424685584488168,-5.0610218598444445e-20,-9.85999290163209e-20,200,3.0100000000000002,5.0,0.00580913566130602,0.0006285608428704267,0.2875329385158923,0.07506349381422935,0.4184152343444364,0.07552734969727878
combined_70,A_best,post_5_20,"[0.16683225663112206, -0.08763113445155365]",0.18844685611041337,0.18919474649879303,0.016805788432672473,0.205387735633039,-0.016167448813436344,0.016167448813436344,0.01905122435809713,0.010077834509827464,0.06455077742342186,0.190151521824794,-3.268869550043796e-17,-1.8973538018496328e-19,1500,5.01,20.0,0.052914092327236394,0.020634786703283826,0.7640996244014158,0.07865903738194506,11.83426628356191,2.598517228313147
combined_70,A_best,tail_18_20,"[0.1687301987823855, -0.08865999721140325]",0.19060554841522676,0.19060557295735814,9.672504020998703e-05,0.19069805986524782,-0.012760536318391842,0.012760536318391842,0.01276055605559158,2.244359368347473e-05,0.01279753327384392,0.1910322387275265,2.046430111641287e-17,2.4470970029766093e-19,200,18.01,20.0,0.0006567640287400657,0.0001620775499645608,0.7624183363936217,0.051028543791892984,0.04484698206453252,0.005106692990984365
combined_70,B_best,full_0_20,"[0.14649439520372404, -0.15556362881872277]",0.21368352869922902,0.23548543616370307,0.09895827508528686,0.2775421318432247,-0.05095827001511641,0.05095827001511641,0.052755701741214044,0.01365352640435544,0.10324001498628488,0.24132251182062855,-6.418476861114186e-17,-8.212831456577696e-18,2000,0.01,20.0,0.053421659039838684,0.026590381910179272,0.9515937162063071,0.2140536531570286,9.140615360751957,2.2891398854476113
combined_70,B_best,pre_3_5,"[0.07820747874156178, -0.01998971255326111]",0.08072173399446919,0.08072401181929931,0.0006064199275538613,0.0811448166840058,-0.03348917534858622,0.03348917534858622,0.033490892475565144,0.0003391360811110443,0.034161089858824045,0.08739568618079636,-3.2558358305679203e-18,-8.181808874884507e-20,200,3.0100000000000002,5.0,0.0027714006723194976,0.0011793905833857846,0.3238557224091684,0.13365294898096294,0.18475033770569355,0.03247471100922482
combined_70,B_best,post_5_20,"[0.17274805497077322, -0.20273371783856264]",0.2663509918225033,0.268716577928531,0.03557735809175877,0.2775421318432247,-0.05703560412783472,0.05703560412783472,0.05779007274671589,0.009307651145356,0.10324001498628488,0.2748604950910388,-1.7824283715661693e-16,-9.242823520438925e-18,1500,5.01,20.0,0.05729625528669346,0.0276612732534289,1.0850929976811736,0.23383802436576012,9.140615360751957,2.2891398854476113
combined_70,B_best,tail_18_20,"[0.176499222185479, -0.21411743903616876]",0.27748559085380725,0.27748559085382174,8.969349719757423e-08,0.2774857329148164,-0.05365207828269074,0.05365207828269074,0.053652078282708106,4.313251946874779e-08,0.05365216489953639,0.28262483725877385,-2.356208661449964e-17,3.1124583461776814e-18,200,18.01,20.0,6.485929155709409e-07,3.0198132248656065e-07,1.109942440402204,0.21460834895218878,4.2850592258755085e-05,5.84552558517184e-06
