group,case,label,legacy_completed,user_completed,legacy_end_s,user_end_s,legacy_recovery_s,user_recovery_s,legacy_joint_s,user_joint_s,legacy_clip_s,user_clip_s,legacy_max_xy_error_m,legacy_max_abs_z_error_m,legacy_max_tilt_deg,legacy_max_angular_speed_rad_s,legacy_yaw_error_max_abs_deg,user_max_xy_error_m,user_max_abs_z_error_m,user_max_tilt_deg,user_max_angular_speed_rad_s,user_yaw_error_max_abs_deg,native_motor_index,user_motor_id,pre_fault_layout_state_max_differences__position,pre_fault_layout_state_max_differences__velocity,pre_fault_layout_state_max_differences__quaternion,pre_fault_layout_state_max_differences__omega,pre_fault_layout_state_max_differences__xi_before
fault,combined_motor2_70-eta070,A_best,False,True,5.84,60.0,,8.31,,8.31,0.689999999999924,0.39999999999995595,0.23642132761191179,0.053095524366846836,66.49506179428649,16.8808271318254,10.233618397894642,0.0948606440956764,0.007987150608355087,12.028150459356624,1.7476289953334974,3.56487443886747,1,3,1.191068918740231e-05,9.002461856576086e-05,1.4313375406647781e-05,0.00043068071281876855,1.0040749239090263e-05
fault,combined_motor2_70-eta071,A_best,True,True,60.0,60.0,9.13,8.25,9.13,8.25,0.6099999999999328,0.25999999999997137,0.12410985385402197,0.01432224234936208,17.770377495266608,3.023770557680403,3.3163264709078617,0.06856417035453027,0.0075680165281131195,8.329647487293963,1.610894225755722,2.609058216823076,1,3,1.191068918740231e-05,9.002461856576086e-05,1.4313375406647781e-05,0.00043068071281876855,1.0040749239090263e-05
fault,combined_motor3_70-eta066,A_best,True,False,60.0,5.64,9.38,,9.38,,2.459999999999849,0.6299999999999306,0.22827685624081176,0.08946283273662459,11.354460764449074,1.8606665065069068,11.348674600921608,0.458454708140565,0.06874031735914177,62.93327569460317,7.759637264899267,51.35272025890382,2,2,6.953584515834708e-05,0.00010909949619933128,7.455369797882512e-05,0.0005594821208672884,2.8691344874066764e-05
fault,combined_motor3_70-eta072,B_best,False,True,5.66,60.0,,6.9,,6.9,0.5499999999999394,0.25999999999997137,0.29034628702280946,0.0850428657031077,66.16872643804658,12.970794802464635,13.367947262449443,0.0743801426895927,0.018799963436885836,7.283826337214379,1.4641379258029843,1.7291554589763194,2,2,5.4568612787873894e-05,1.3952065936048523e-05,1.8259748735987303e-05,0.00010296897653517753,5.637923683643811e-05
fault,combined_motor3_70-eta073,B_best,True,True,60.0,60.0,6.9,6.93,6.9,6.93,0.28999999999996806,0.13999999999998458,0.10309282994714396,0.022251231138766703,12.077354304374541,2.257541565446883,2.930625311192705,0.058410227757846496,0.014121778703892751,5.090259796778597,1.3593653930251794,1.4900830825094833,2,2,5.4568612787873894e-05,1.3952065936048523e-05,1.8259748735987303e-05,0.00010296897653517753,5.637923683643811e-05
nominal,hover,A_best,True,True,8.0,8.0,0.0,0.0,0.0,0.0,0.0,0.0,0.0020841589657270778,0.0013359658275680086,0.11500938482955203,0.025333598720451524,0.13203871120218358,0.0020841326508756167,0.0013359678290276733,0.11501061005741686,0.025341561950972934,0.13203959188535425,,,,,,,
nominal,hover,B_best,True,True,8.0,8.0,0.0,0.0,0.0,0.0,0.0,0.0,0.0024118694916394987,0.0021601197501028846,0.1777158238172187,0.05286760541324108,0.9776077657459127,0.002411791258747497,0.0021602448230577664,0.17768684096187962,0.052866802238323705,0.9776076040357468,,,,,,,
nominal,step_x_005,A_best,True,True,8.0,8.0,1.46,1.47,2.25,2.25,0.0,0.0,0.04999998447161702,0.008438349477356777,2.5327973943547972,0.6924705417227562,0.19381552840065952,0.04999998447163257,0.008450293940961862,2.5333497152752398,0.6926324070517078,0.19469664958704405,,,,,,,
nominal,step_x_005,B_best,True,True,8.0,8.0,1.52,1.52,2.3000000000000003,2.3000000000000003,0.0,0.0,0.049999984848620366,0.004080298742770161,2.500186960751028,0.6277576849416222,0.9788140452400708,0.04999998486725806,0.004037834211135571,2.5039637138320643,0.6274568329087056,0.9788561449789931,,,,,,,
nominal,step_y_005,A_best,True,True,8.0,8.0,3.19,3.19,3.81,3.81,0.0,0.0,0.04999998470704246,0.008568624449983187,2.7285130470029517,0.6457151058941283,0.4073902036340107,0.04999998470610692,0.008558346870717548,2.7257719216456473,0.6455055713145436,0.4130369089124645,,,,,,,
nominal,step_y_005,B_best,True,True,8.0,8.0,2.5500000000000003,2.5500000000000003,2.5500000000000003,2.5500000000000003,0.0,0.0,0.0499999915156187,0.008870862259375834,1.6830182785411822,0.38023773907553415,0.9972073026980831,0.049999991509762434,0.008870224886865952,1.6827333993975067,0.3802932965024139,0.9971774605832674,,,,,,,
nominal,yaw_ccw_5,A_best,True,True,8.0,8.0,0.85,0.85,0.85,0.85,0.0,0.0,0.006184938083254514,0.0013384286683928437,0.5844382616929834,0.22843950559360304,4.997632321516858,0.0061957924438613855,0.0013385960884324533,0.5850378155323505,0.22857040695196776,4.997631934490356,,,,,,,
nominal,yaw_ccw_5,B_best,True,True,8.0,8.0,0.0,0.0,0.15,0.15,0.0,0.0,0.003376070265536815,0.0017656956450718964,0.3343998340337805,0.16185680721810347,4.9982702734315065,0.0033747011867816448,0.001768537330494313,0.3343978590463992,0.16188341784748156,4.99827028825277,,,,,,,
nominal,yaw_cw_5,A_best,True,True,8.0,8.0,0.0,0.0,0.37,0.37,0.0,0.0,0.003382866492794571,0.00240208320945845,0.4416632217074955,0.21049073764288243,4.99774165441046,0.003382622425952109,0.0024063347603169305,0.4422160199675206,0.21049100031756357,4.997741702678557,,,,,,,
nominal,yaw_cw_5,B_best,True,True,8.0,8.0,1.94,1.93,1.94,1.93,0.0,0.0,0.008071713632063444,0.005555479062299806,0.6634098786647646,0.25309010604932697,4.997571547368257,0.008075230632904197,0.005560272418777545,0.663969601861349,0.2530737646467033,4.997571504595727,,,,,,,
