key,group,label,layout,case,completed,terminated,actual_duration_sec,end_reason,recovery_xy_s,recovery_z_s,recovery_3d_s,recovery_position_attitude_s,yaw_recovery_s,tail_rmse_xy_m,tail_rmse_z_m,tail_offset_xy_m,tail_mean_error_xy_m,tail_mean_error_z_m,tail_sway_xy_rms_m,tail_sway_z_rms_m,tail_max_xy_error_m,tail_max_abs_z_error_m,tail_max_tilt_deg,tail_max_angular_speed_rad_s,tail_yaw_error_max_abs_deg,observed_rmse_xy_m,observed_rmse_z_m,observed_offset_xy_m,observed_mean_error_xy_m,observed_mean_error_z_m,observed_sway_xy_rms_m,observed_sway_z_rms_m,observed_max_xy_error_m,observed_max_abs_z_error_m,observed_max_tilt_deg,observed_max_angular_speed_rad_s,observed_yaw_error_max_abs_deg,allocator_clipped_seconds,esc_boundary_union_seconds,policy_action_at_bound_seconds,integral_frozen_seconds
A_best-hover-legacy,nominal,A_best,legacy,hover,True,False,8.0,horizon,0.0,0.0,0.0,0.0,0.0,0.0019404114549807312,0.0013276900491571773,0.0019402949319403504,"[-0.0014373194842702297, -0.0013034021340517172]",0.0013276881046184897,2.1264799717565836e-05,2.2723304229078853e-06,0.0019743154562100814,0.0013315499967923028,0.010001050825019203,0.0016625620015352713,0.13181903021000305,0.0018409756191116804,0.0012464530176868665,0.0017969445701156652,"[-0.001319301413464796, -0.0012200219541049103]",0.001218895768323848,0.00040022673835647394,0.00026064963315322506,0.0020841589657270778,0.0013359658275680086,0.11500938482955203,0.025333598720451524,0.13203871120218358,0.0,0.0,0.0,0.0
A_best-step_x_005-legacy,nominal,A_best,legacy,step_x_005,True,False,8.0,horizon,1.46,0.93,1.46,2.25,2.25,0.0019525975870505051,0.0013261274524610062,0.0019424062731530033,"[-0.001439875866422152, -0.0013037252852035953]",0.0013259506034297896,0.00019923656032795438,2.1656810358261817e-05,0.0022942863833931362,0.001361388466424529,0.0915931190168235,0.01704488880951778,0.13492394633944402,0.011111380214865076,0.0023816701934160113,0.005289790039109377,"[-0.005142921575308404, -0.0012378353396506764]",-8.853934398714985e-05,0.009771432424237211,0.002380023885336571,0.04999998447161702,0.008438349477356777,2.5327973943547972,0.6924705417227562,0.19381552840065952,0.0,0.0,0.0,0.0
A_best-step_y_005-legacy,nominal,A_best,legacy,step_y_005,True,False,8.0,horizon,3.15,1.55,3.19,3.81,3.81,0.0020112473879447573,0.0013290990468734427,0.0019464411515972195,"[-0.001439684142571687, -0.0013099399704790814]",0.001328009112604841,0.0005064414071573337,5.381517665488541e-05,0.0028822699637119065,0.001431960549256095,0.23309951877875842,0.036691381838249236,0.1433112176186844,0.011098074830822523,0.00339024363962599,0.00501494839670459,"[-0.0014594689666698032, -0.004797880548423201]",0.0026195153842613478,0.009900381686022332,0.00215218286575342,0.04999998470704246,0.008568624449983187,2.7285130470029517,0.6457151058941283,0.4073902036340107,0.0,0.0,0.0,0.0
A_best-yaw_cw_5-legacy,nominal,A_best,legacy,yaw_cw_5,True,False,8.0,horizon,0.0,0.0,0.0,0.37,0.37,0.0019388981476006239,0.0013298808859630393,0.0019384123916563706,"[-0.0014358662730253608, -0.0013022022293465905]",0.0013298720349903292,4.339846359216508e-05,4.851948115846928e-06,0.002009933556575977,0.0013424204372574078,0.018934372903146618,0.002479053981900484,0.13336303045884315,0.0017944578404690064,0.0015512500409408374,0.001211257798293606,"[-0.000671519970029527, -0.0010080706244002039]",0.0015087492120066876,0.0013239839452552338,0.0003606279312368169,0.003382866492794571,0.00240208320945845,0.4416632217074955,0.21049073764288243,4.99774165441046,0.0,0.0,0.0,0.0
A_best-yaw_ccw_5-legacy,nominal,A_best,legacy,yaw_ccw_5,True,False,8.0,horizon,0.85,0.0,0.85,0.85,0.39,0.0019453132871221715,0.0013256526281277554,0.0019437574991504006,"[-0.0014395272526340147, -0.0013061219332158025]",0.0013256268659247493,7.778540705458661e-05,8.26455083784142e-06,0.002072415081437094,0.0013384286683928437,0.03489638346454164,0.005017797879553226,0.13234391561944922,0.002671544541165501,0.0010756054940491279,0.0024272087649885067,"[-0.0019696527293004643, -0.0014183830634903482]",0.0009281716259093312,0.0011161576262312437,0.0005435297707444334,0.006184938083254514,0.0013384286683928437,0.5844382616929834,0.22843950559360304,4.997632321516858,0.0,0.0,0.0,0.0
B_best-hover-legacy,nominal,B_best,legacy,hover,True,False,8.0,horizon,0.0,0.0,0.0,0.0,0.0,0.001649101070415306,0.0017668290037377514,0.0016490996589000793,"[0.001542083432566098, -0.0005843871764417136]",0.0017668287981164332,2.157651628027047e-06,8.524056417858068e-07,0.0016537453269685539,0.0017686774736573874,0.0015403848861746175,0.0006101943952268944,0.9776077657459127,0.0017311928168992176,0.0017881499568497233,0.0016913016975152592,"[0.0015942753337591681, -0.0005646127807489754]",0.0017702494333598036,0.0003694957878859357,0.00025238306573730304,0.0024118694916394987,0.0021601197501028846,0.1777158238172187,0.05286760541324108,0.9776077657459127,0.0,0.0,0.0,0.0
B_best-step_x_005-legacy,nominal,B_best,legacy,step_x_005,True,False,8.0,horizon,1.52,0.45,1.52,2.3000000000000003,2.3000000000000003,0.001650337254340298,0.0017594595493260257,0.0016499601612697046,"[0.001547332442407941, -0.0005728270650458352]",0.0017594361254360147,3.527774491552336e-05,9.07888898741233e-06,0.0016952755162262516,0.0017691200615148617,0.025458738139769444,0.009445483580824622,0.9786288233551607,0.01132352236072229,0.0016287100758821185,0.0030083377039246796,"[-0.0028972707528581443, 0.0008098876005271444]",0.001002282374090853,0.010916595756595695,0.0012837938128323928,0.049999984848620366,0.004080298742770161,2.500186960751028,0.6277576849416222,0.9788140452400708,0.0,0.0,0.0,0.0
B_best-step_y_005-legacy,nominal,B_best,legacy,step_y_005,True,False,8.0,horizon,2.43,1.8,2.5500000000000003,2.5500000000000003,1.17,0.0016495313435759787,0.001773223402282809,0.0016485799925299379,"[0.0015376161830408797, -0.0005946027795266399]",0.0017731987346661638,5.6014834370584644e-05,9.353169609082045e-06,0.001672413972160572,0.0017989559852475967,0.030629828261244885,0.003362768224530853,0.9798356297680438,0.012709110030262009,0.003490782436911834,0.006231848557361265,"[0.0015428904755499728, -0.0060378328415370075]",0.002946430031426797,0.011076350541555695,0.0018719273735266588,0.0499999915156187,0.008870862259375834,1.6830182785411822,0.38023773907553415,0.9972073026980831,0.0,0.0,0.0,0.0
B_best-yaw_cw_5-legacy,nominal,B_best,legacy,yaw_cw_5,True,False,8.0,horizon,1.6600000000000001,1.22,1.94,1.94,0.84,0.0016534247313705933,0.001772345449424168,0.0016533943024892239,"[0.0015429772976641525, -0.0005940822993465265]",0.0017723390618472534,1.0031091869527628e-05,4.758355278273938e-06,0.00167566510542028,0.001781430180011867,0.006126400980190076,0.002014099720661297,0.9777961242466837,0.003101308189614984,0.0027471741310412146,0.0026231190409541165,"[0.002426628465396693, -0.0009961063165860038]",0.002526952862948021,0.0016544965953295024,0.0010777174651553484,0.008071713632063444,0.005555479062299806,0.6634098786647646,0.25309010604932697,4.997571547368257,0.0,0.0,0.0,0.0
B_best-yaw_ccw_5-legacy,nominal,B_best,legacy,yaw_ccw_5,True,False,8.0,horizon,0.0,0.0,0.0,0.15,0.15,0.001645048578955892,0.0017614080181063154,0.0016450296901552143,"[0.0015415744590067991, -0.0005741697212759088]",0.001761405285397345,7.883250131825194e-06,3.102712283718872e-06,0.0016495614965576398,0.0017653928422236564,0.002072362082620707,0.0005245160142399045,0.9776308324085768,0.0015489179143041887,0.0014821135964896974,0.0007702918174415987,"[0.0007552360140195027, -0.00015155212682577083]",0.0010070016762605191,0.0013437995465228262,0.0010874779707691232,0.003376070265536815,0.0017656956450718964,0.3343998340337805,0.16185680721810347,4.9982702734315065,0.0,0.0,0.0,0.0
A_best-hover-user_frd,nominal,A_best,user_frd,hover,True,False,8.0,horizon,0.0,0.0,0.0,0.0,0.0,0.0019404112999985173,0.0013276907092168882,0.001940294780212077,"[-0.0014373189660602179, -0.001303402479636209]",0.0013276887647573866,2.1264501962271863e-05,2.2722847198077687e-06,0.0019743151588968253,0.0013315505365978364,0.010000915767673603,0.0016626938101272513,0.1318191432158877,0.001840963596655463,0.0012464484762662689,0.0017969352640903853,"[-0.001319290443420512, -0.0012200201101747838]",0.001218890558027603,0.00040021321927072724,0.00026065228089864055,0.0020841326508756167,0.0013359678290276733,0.11501061005741686,0.025341561950972934,0.13203959188535425,0.0,0.0,0.0,0.0
A_best-step_x_005-user_frd,nominal,A_best,user_frd,step_x_005,True,False,8.0,horizon,1.47,0.93,1.47,2.25,2.25,0.0019529231712058545,0.001326136549657155,0.0019423103166529997,"[-0.0014397852701822735, -0.0013036823777066381]",0.0013259525290575701,0.0002033212887428513,2.209160524761272e-05,0.0023013794283840805,0.0013621954363538524,0.09331906717022359,0.017269483622923826,0.13504752584674978,0.011112219535710408,0.0023865674501005354,0.005287176437998937,"[-0.005142118919267278, -0.0012299787423547793]",-9.275233144850765e-05,0.009773801119487394,0.002384764390645379,0.04999998447163257,0.008450293940961862,2.5333497152752398,0.6926324070517078,0.19469664958704405,0.0,0.0,0.0,0.0
A_best-step_y_005-user_frd,nominal,A_best,user_frd,step_y_005,True,False,8.0,horizon,3.15,1.55,3.19,3.81,3.81,0.0020105294742549748,0.0013291790556390459,0.0019463015536052381,"[-0.0014395064724373545, -0.0013099278046431137]",0.0013280991918311602,0.0005041220380838592,5.356770115400644e-05,0.002877675174140564,0.0014316842013728515,0.2321251906651951,0.03657790380180928,0.1433412540290505,0.011093165960324416,0.0033836283037685885,0.005009277476599856,"[-0.001453577849587835, -0.004793743033659421]",0.0026159672498068903,0.009897750763973083,0.002146079179807136,0.04999998470610692,0.008558346870717548,2.7257719216456473,0.6455055713145436,0.4130369089124645,0.0,0.0,0.0,0.0
A_best-yaw_cw_5-user_frd,nominal,A_best,user_frd,yaw_cw_5,True,False,8.0,horizon,0.0,0.0,0.0,0.37,0.37,0.0019389125657666864,0.0013298851505170154,0.0019384408243044709,"[-0.0014358780398661959, -0.0013022315784683644]",0.0013298765052354678,4.276807638606232e-05,4.795246434097741e-06,0.0020090350410556243,0.0013423231988256568,0.01863988787513751,0.002427270795698284,0.1333477458496942,0.001794269976531598,0.0015520985800424885,0.00121249248229097,"[-0.000671549404890098, -0.0010095342571720255]",0.0015094555343111748,0.0013225984761334705,0.000361322559643421,0.003382622425952109,0.0024063347603169305,0.4422160199675206,0.21049100031756357,4.997741702678557,0.0,0.0,0.0,0.0
A_best-yaw_ccw_5-user_frd,nominal,A_best,user_frd,yaw_ccw_5,True,False,8.0,horizon,0.85,0.0,0.85,0.85,0.39,0.001945381613154473,0.0013256570969142978,0.0019437906382704095,"[-0.001439538542566503, -0.001306158807302234]",0.0013256307926394794,7.866114270600698e-05,8.351060128425593e-06,0.0020739085268020574,0.0013385960884324533,0.03529400153768391,0.0050533992500552205,0.13236034958502427,0.002673512179390502,0.001075664772922164,0.0024284396885884524,"[-0.0019699020689668643, -0.0014201426547328434]",0.0009289911086351288,0.0011181896316089528,0.0005422455382781539,0.0061957924438613855,0.0013385960884324533,0.5850378155323505,0.22857040695196776,4.997631934490356,0.0,0.0,0.0,0.0
B_best-hover-user_frd,nominal,B_best,user_frd,hover,True,False,8.0,horizon,0.0,0.0,0.0,0.0,0.0,0.0016491014357691348,0.00176682870993988,0.001649100029185051,"[0.00154208496894671, -0.0005843841671424376]",0.001766828504305944,2.1538796830402353e-06,8.524317218579678e-07,0.0016537461956757326,0.0017686769652580647,0.001541423001276254,0.0006102362531082448,0.9776076040357468,0.001731178905078898,0.0017881538886030776,0.0016913064707960055,"[0.0015942881438603066, -0.000564590907208837]",0.001770248305690711,0.0003694087481824662,0.0002524188295779041,0.002411791258747497,0.0021602448230577664,0.17768684096187962,0.052866802238323705,0.9776076040357468,0.0,0.0,0.0,0.0
B_best-step_x_005-user_frd,nominal,B_best,user_frd,step_x_005,True,False,8.0,horizon,1.52,0.45,1.52,2.3000000000000003,2.3000000000000003,0.0016502467823356337,0.0017592107053153304,0.001649853972959397,"[0.0015474957994143354, -0.0005720794375651809]",0.0017591870591176474,3.60043125084558e-05,9.121224099128312e-06,0.001695393151467778,0.0017686647024857116,0.025646602925889758,0.009459794735140312,0.9786484858584792,0.01133164154442791,0.0016229782013361222,0.003013425317209036,"[-0.0028925896862813465, 0.0008447822495857517]",0.001003358520915154,0.010923615150169298,0.0012756684210715517,0.04999998486725806,0.004037834211135571,2.5039637138320643,0.6274568329087056,0.9788561449789931,0.0,0.0,0.0,0.0
B_best-step_y_005-user_frd,nominal,B_best,user_frd,step_y_005,True,False,8.0,horizon,2.43,1.8,2.5500000000000003,2.5500000000000003,1.17,0.0016495351208788268,0.001773218897151966,0.001648583669707566,"[0.001537624918847399, -0.0005945903841856129]",0.0017731942578576643,5.601784524827841e-05,9.347786767058804e-06,0.0016723757558194552,0.0017989644373508362,0.03063352394324691,0.003372070188330856,0.9798353942372313,0.01270861187941363,0.003491473471068789,0.006231034525099836,"[0.0015422779055503672, -0.006037149171176518]",0.0029469560269383952,0.01107623693537598,0.001872388093977462,0.049999991509762434,0.008870224886865952,1.6827333993975067,0.3802932965024139,0.9971774605832674,0.0,0.0,0.0,0.0
B_best-yaw_cw_5-user_frd,nominal,B_best,user_frd,yaw_cw_5,True,False,8.0,horizon,1.6600000000000001,1.22,1.93,1.93,0.84,0.0016534233888817584,0.0017723399565495116,0.0016533931617923917,"[0.001542992997299409, -0.0005940383470339499]",0.0017723335514453187,9.99777172175177e-06,4.764871787008729e-06,0.0016756850389217368,0.0017814434900995657,0.006152862409359566,0.002008086073213935,0.9777970888599854,0.0031019457214589777,0.002747165425855573,0.0026237676454698997,"[0.0024268135914786975, -0.0009973627472634659]",0.0025268836720548525,0.00165466328945288,0.0010778574975008615,0.008075230632904197,0.005560272418777545,0.663969601861349,0.2530737646467033,4.997571504595727,0.0,0.0,0.0,0.0
B_best-yaw_ccw_5-user_frd,nominal,B_best,user_frd,yaw_ccw_5,True,False,8.0,horizon,0.0,0.0,0.0,0.15,0.15,0.0016450507815878469,0.0017614097038627043,0.0016450317197614077,"[0.0015415801486873318, -0.00057416026002704]",0.0017614069783316022,7.919279109435598e-06,3.098636221676298e-06,0.0016495706310641102,0.0017653911779029752,0.002078006831956936,0.0005251898189451313,0.9776326957727913,0.0015486825535279414,0.0014822707897049394,0.0007705237159881361,"[0.000755227953439847, -0.00015276627652471695]",0.001006975468848616,0.0013433952712071223,0.0010877164608249776,0.0033747011867816448,0.001768537330494313,0.3343978590463992,0.16188341784748156,4.99827028825277,0.0,0.0,0.0,0.0
A_best-combined_motor2_70-eta070-legacy,fault,A_best,legacy,combined_motor2_70-eta070,False,True,5.84,max_tilt,,,,,,,,,,,,,,,,,,0.14682575110979462,0.017981548796185087,0.12355263649103174,"[-0.07448829622427564, -0.09857356496287223]",0.00456099484469555,0.07932557724385199,0.01739348795199646,0.23642132761191179,0.053095524366846836,66.49506179428649,16.8808271318254,10.233618397894642,0.689999999999924,0.0,0.009999999999999787,0.6899999999999995
A_best-combined_motor2_70-eta070-user_frd,fault,A_best,user_frd,combined_motor2_70-eta070,True,False,60.0,horizon,8.3,1.71,8.31,8.31,7.040000000000001,9.065493458764917e-08,5.7983018193524e-08,8.946351973616592e-08,"[2.007933692760906e-08, -8.71810850593803e-08]",-5.772590940034128e-08,1.4649088760315566e-08,5.454336140551437e-09,1.0985202206145404e-07,6.990399836759309e-08,2.9575586669421963e-06,6.072712316940943e-07,0.8889091851414987,0.009838450484677621,0.0010107094199265242,0.0023516804495494915,"[-0.00012616348829471628, -0.002348293787202659]",0.00024170317225424536,0.009553256355958422,0.000981383262568937,0.0948606440956764,0.007987150608355087,12.028150459356624,1.7476289953334974,3.56487443886747,0.39999999999995595,0.0,0.0,0.40000000000000036
A_best-combined_motor2_70-eta071-legacy,fault,A_best,legacy,combined_motor2_70-eta071,True,False,60.0,horizon,9.11,2.2,9.13,9.13,7.91,9.505783095437212e-08,5.12151537320926e-08,9.417566110743472e-08,"[2.3381531881826076e-08, -9.122696482883524e-08]",-5.087336556297561e-08,1.2920374635728556e-08,5.9069999236264905e-09,1.1532305004292587e-07,6.178294187364486e-08,2.561320938754782e-06,5.393995738518535e-07,0.8889092039443073,0.012256248791656656,0.0015024602336203385,0.0025286435511997106,"[-0.0002515902434487628, -0.0025160962935518337]",0.00027075106729990275,0.01199256420595534,0.0014778635299534414,0.12410985385402197,0.01432224234936208,17.770377495266608,3.023770557680403,3.3163264709078617,0.6099999999999328,0.0,0.0,0.6099999999999994
A_best-combined_motor2_70-eta071-user_frd,fault,A_best,user_frd,combined_motor2_70-eta071,True,False,60.0,horizon,8.25,1.2599999999999998,8.25,8.25,6.050000000000001,9.371908108905303e-08,6.801481584294232e-08,9.285258201037235e-08,"[1.459393029727692e-08, -9.169852334945829e-08]",-6.753807476334028e-08,1.2714722733255742e-08,8.038882472757666e-09,1.2322903892808384e-07,8.269327311793973e-08,2.561320938754782e-06,5.862445973965764e-07,0.8889091587614906,0.0077835806530385165,0.000852319136275396,0.0022591047675480196,"[-8.638826262909412e-05, -0.0022574524178458595]",0.0002534421228691753,0.007448528272860172,0.0008137659371200065,0.06856417035453027,0.0075680165281131195,8.329647487293963,1.610894225755722,2.609058216823076,0.25999999999997137,0.0,0.0,0.2600000000000007
B_best-combined_motor3_70-eta072-legacy,fault,B_best,legacy,combined_motor3_70-eta072,False,True,5.66,max_tilt,,,,,,,,,,,,,,,,,,0.14582540769147645,0.042333862152791245,0.1167336247011718,"[-0.08075644945141981, 0.08429196289014927]",0.02622210479459034,0.08739742783692944,0.03323487783809432,0.29034628702280946,0.0850428657031077,66.16872643804658,12.970794802464635,13.367947262449443,0.5499999999999394,0.0,0.0,0.5500000000000007
B_best-combined_motor3_70-eta072-user_frd,fault,B_best,user_frd,combined_motor3_70-eta072,True,False,60.0,horizon,6.9,2.7800000000000002,6.9,6.9,3.51,6.775265012434512e-08,1.1585897868332109e-08,6.639249378209328e-08,"[-4.8182636940232596e-08, -4.5677091939954174e-08]",1.1418593769407793e-08,1.3507715138639591e-08,1.961822047144952e-09,9.215887563393532e-08,1.533721727398074e-08,1.7075472925031877e-06,4.783976489496225e-07,0.5747529034186325,0.008900178713438404,0.0019059946449306916,0.002471438104181101,"[-0.00234004552192987, 0.000795105815658668]",-0.000352727039471229,0.00855015642127934,0.0018730721347909529,0.0743801426895927,0.018799963436885836,7.283826337214379,1.4641379258029843,1.7291554589763194,0.25999999999997137,0.0,0.0,0.2600000000000007
B_best-combined_motor3_70-eta073-legacy,fault,B_best,legacy,combined_motor3_70-eta073,True,False,60.0,horizon,6.9,2.9699999999999998,6.9,6.9,3.8900000000000006,6.989047333267388e-08,1.2327478492804386e-08,6.868347302268106e-08,"[-5.012140991241473e-08, -4.696023567710293e-08]",-1.2077916540231826e-08,1.2932857232949062e-08,2.4679258574254594e-09,9.124837668113666e-08,1.6966640759008556e-08,1.7075472925031877e-06,4.0299745208909925e-07,0.5747527298114222,0.010882640765739894,0.0025529432112444067,0.002499648687033501,"[-0.002360999723742951, 0.0008209286589430378]",-0.0003381443906272902,0.010591677226839697,0.0025304500411836134,0.10309282994714396,0.022251231138766703,12.077354304374541,2.257541565446883,2.930625311192705,0.28999999999996806,0.0,0.0,0.29000000000000004
B_best-combined_motor3_70-eta073-user_frd,fault,B_best,user_frd,combined_motor3_70-eta073,True,False,60.0,horizon,6.92,2.0600000000000005,6.93,6.93,3.0199999999999996,7.061807566522345e-08,1.6367542152704583e-08,6.974869353970471e-08,"[-5.2465022556668366e-08, -4.5959783056754354e-08]",1.6267150604321047e-08,1.1046825795837429e-08,1.8100407003431638e-09,9.15123895717182e-08,1.901892510147718e-08,1.2074182697257333e-06,3.1731075260934476e-07,0.5747529529353602,0.007639596793056395,0.0015181925561619134,0.0023831882725884497,"[-0.002262262830160653, 0.0007495019879070579]",-0.00033237687470041887,0.007258364334881143,0.0014813622955745216,0.058410227757846496,0.014121778703892751,5.090259796778597,1.3593653930251794,1.4900830825094833,0.13999999999998458,0.0,0.0,0.14000000000000057
A_best-combined_motor3_70-eta066-legacy,fault,A_best,legacy,combined_motor3_70-eta066,True,False,60.0,horizon,9.370000000000001,4.27,9.38,9.38,5.200000000000001,1.25413784077322e-07,4.547299473899192e-08,1.2412377044178112e-07,"[-9.835475388013998e-08, -7.571692530644032e-08]",4.5154176784301116e-08,1.794176267564491e-08,5.375273896692976e-09,1.4831968617749982e-07,5.610742781492206e-08,3.1945284701301985e-06,5.844858825668483e-07,0.029360671868327866,0.02555830961568703,0.01432754170103077,0.005363400861937175,"[-0.0049312264994047506, 0.0021092828206280938]",-0.0032612852392858646,0.024989220107988364,0.013951432535148163,0.22827685624081176,0.08946283273662459,11.354460764449074,1.8606665065069068,11.348674600921608,2.459999999999849,0.0,0.0,2.4600000000000017
A_best-combined_motor3_70-eta066-user_frd,fault,A_best,user_frd,combined_motor3_70-eta066,False,True,5.64,max_tilt,,,,,,,,,,,,,,,,,,0.18871917387962625,0.04005943907849694,0.137762423838085,"[-0.11221859463432818, 0.07990915116581145]",-0.036398250143441405,0.12898232889843644,0.016730990579737825,0.458454708140565,0.06874031735914177,62.93327569460317,7.759637264899267,51.35272025890382,0.6299999999999306,0.0,0.39999999999999947,0.6299999999999999
