key,combination,label,condition,efficiency_percent,stage,evaluated,static_feasible,skip_reason,completed,terminated,actual_duration_sec,end_reason,category,recovery_reason,recovery_xy_s,recovery_z_s,recovery_3d_s,recovery_position_attitude_s,recovered_within_5s,recovered_within_10s,position_criterion_met,joint_criterion_met,post5__mean_error_xy_m,post5__mean_error_z_m,post5__offset_xy_m,post5__rmse_xy_m,post5__rmse_z_m,post5__sway_xy_rms_m,post5__sway_z_rms_m,post5__max_xy_error_m,post5__max_abs_z_error_m,post5__max_tilt_deg,post5__max_angular_speed_rad_s,post5__yaw_error_mean_deg,post5__yaw_error_max_abs_deg,tail58_60__mean_error_xy_m,tail58_60__mean_error_z_m,tail58_60__offset_xy_m,tail58_60__rmse_xy_m,tail58_60__rmse_z_m,tail58_60__sway_xy_rms_m,tail58_60__sway_z_rms_m,tail58_60__max_xy_error_m,tail58_60__max_abs_z_error_m,tail58_60__max_tilt_deg,tail58_60__max_angular_speed_rad_s,tail58_60__yaw_error_mean_deg,tail58_60__yaw_error_max_abs_deg,allocator_clipped__duration_any_s,allocator_clipped__longest_continuous_any_s,esc_boundary_union__duration_any_s,esc_boundary_union__longest_continuous_any_s,policy_action_at_bound__duration_any_s,policy_action_at_bound__longest_continuous_any_s,integral_frozen__duration_any_s,integral_frozen__longest_continuous_any_s,integral_xy_at_limit__duration_any_s,integral_xy_at_limit__longest_continuous_any_s,integral_z_at_limit__duration_any_s,integral_z_at_limit__longest_continuous_any_s
A_best-combined_motor2_70-eta070,A_best-combined_motor2_70,A_best,combined_motor2_70,70,base,True,True,,False,True,5.84,max_tilt,physical_termination,physical_termination,,,,,False,False,False,False,"[-0.07448829622427564, -0.09857356496287223]",0.00456099484469555,0.12355263649103174,0.14682575110979462,0.017981548796185087,0.07932557724385199,0.01739348795199646,0.23642132761191179,0.053095524366846836,66.49506179428649,16.8808271318254,1.424893297602209,10.233618397894642,,,,,,,,,,,,,,0.689999999999924,0.49999999999994493,0.0,0.0,0.009999999999999787,0.009999999999999787,0.6899999999999995,0.5,0.0,0.0,0.0,0.0
B_best-combined_motor3_70-eta070,B_best-combined_motor3_70,B_best,combined_motor3_70,70,base,True,True,,False,True,5.39,max_tilt,physical_termination,physical_termination,,,,,False,False,False,False,"[-0.052808082531346494, 0.04149125010699717]",0.0009265779769095486,0.06715815226820118,0.08169696933712213,0.009171171510228733,0.046520719929852565,0.009124244632994964,0.1916593805078211,0.022050963245808353,64.03979881446705,9.48546967801286,-1.9440505449340577,5.333021959491206,,,,,,,,,,,,,,0.37999999999995815,0.37999999999995815,0.0,0.0,0.08999999999999986,0.08999999999999986,0.3799999999999999,0.3799999999999999,0.0,0.0,0.0,0.0
A_best-combined_motor3_70-eta070,A_best-combined_motor3_70,A_best,combined_motor3_70,70,base,True,True,,True,False,60.0,horizon,position_attitude_recovered,recovered,7.030000000000001,2.84,7.050000000000001,7.050000000000001,False,True,True,True,"[-0.0020020742223760997, -0.0001398407854895131]",-0.0008655493172063625,0.002006952076455536,0.0061175496043869735,0.003054637298307977,0.005778975387120622,0.0029294425073207583,0.05207019003397759,0.02097491637931992,6.318787748394838,1.4961940743935656,0.017352438144465215,1.4719563573731609,"[-7.782707900871976e-08, -2.085347330790296e-08]",2.4443061080736685e-08,8.057246164808997e-08,8.155144519574684e-08,2.4607291968170554e-08,1.2598279147644373e-08,2.838235897554422e-09,1.0129132345543048e-07,2.7914835776243763e-08,2.4148365394514667e-06,4.918929084783424e-07,0.029360720924776117,0.029360845542119655,0.27999999999996916,0.27999999999996916,0.0,0.0,0.0,0.0,0.28000000000000025,0.28000000000000025,0.0,0.0,0.0,0.0
A_best-combined_motor2_70-eta100,A_best-combined_motor2_70,A_best,combined_motor2_70,100,base,True,True,,True,False,60.0,horizon,position_attitude_recovered,not_applicable,,,,,,,True,True,"[-6.212616854752928e-05, -0.002120238145590545]",0.0002479332400342867,0.002121148145423989,0.005357402129906338,0.0008385313293058874,0.004919602435836615,0.0008010392616555069,0.02658390510269245,0.004811437369457883,0.5501251354130937,0.06651746826141587,-0.89678708786381,1.0036312613507543,"[5.081379153174528e-09, -9.85096646249658e-08]",-7.471402569569908e-08,9.864063279714681e-08,9.959935049426378e-08,7.520624388769687e-08,1.3786086473602349e-08,8.59031338416496e-09,1.2903486182198212e-07,8.98462230169983e-08,2.561320938754782e-06,4.4157715208085306e-07,-0.8889088128075928,0.8889089386752853,0.0,0.0,0.0,0.0,0.0,0.0,0.0,0.0,0.0,0.0,0.0,0.0
A_best-combined_motor2_70-eta095,A_best-combined_motor2_70,A_best,combined_motor2_70,95,base,True,True,,True,False,60.0,horizon,position_attitude_recovered,recovered,7.33,0.0,7.34,7.34,False,True,True,True,"[-6.212616675099827e-05, -0.0021202381716075303]",0.00024793325789942343,0.0021211481713771943,0.005386713078243971,0.0008387229919679896,0.004951505652060574,0.0008012398872267344,0.02768780450149978,0.004831957208877524,0.8908339080466806,0.297423502511118,-0.8961743680331801,1.0005923739191076,"[6.330611196452273e-09, -9.651265712300072e-08]",-7.552366732166415e-08,9.672005801829602e-08,9.806944616701427e-08,7.612356381396564e-08,1.6212546019745875e-08,9.537957958886765e-09,1.244789979098573e-07,9.221271557446897e-08,2.699869328381916e-06,5.258358386484791e-07,-0.8889088730070591,0.8889090214290966,0.0,0.0,0.0,0.0,0.0,0.0,0.0,0.0,0.0,0.0,0.0,0.0
A_best-combined_motor2_70-eta090,A_best-combined_motor2_70,A_best,combined_motor2_70,90,base,True,True,,True,False,60.0,horizon,position_attitude_recovered,recovered,7.33,0.0,7.33,7.33,False,True,True,True,"[-6.212628915616984e-05, -0.00212023823892239]",0.00024793329560964504,0.0021211482422482954,0.005417830974811272,0.0008299842222481106,0.004985340771304553,0.0007920876782963747,0.028818520484007723,0.004855971695651773,1.3765531027203812,0.5458214229432348,-0.8956581100282216,1.0019906250994066,"[5.656660465022706e-09, -9.685311705351034e-08]",-7.359552506913669e-08,9.701816371482984e-08,9.815091892373281e-08,7.414368005466671e-08,1.4868718672960216e-08,8.999110058603292e-09,1.2604623874213372e-07,8.926754713201035e-08,2.091309789151873e-06,4.0111829174787003e-07,-0.8889087828423218,0.8889089212051604,0.0,0.0,0.0,0.0,0.0,0.0,0.0,0.0,0.0,0.0,0.0,0.0
A_best-combined_motor2_70-eta085,A_best-combined_motor2_70,A_best,combined_motor2_70,85,base,True,True,,True,False,60.0,horizon,position_attitude_recovered,recovered,7.32,0.0,7.33,7.33,False,True,True,True,"[-6.212618734299148e-05, -0.002120238198881079]",0.0002479331883738464,0.00212114819924216,0.00545064215869587,0.000814303735814367,0.005020979013997602,0.0007756414817839585,0.029958190617445837,0.004793263618451338,1.875450138086838,0.7974001491660359,-0.8952159591795633,1.0101609572470234,"[6.534815862945797e-09, -9.464233848273734e-08]",-7.475467416417913e-08,9.486767653865901e-08,9.610090551585968e-08,7.531103636435369e-08,1.5346269550759325e-08,9.137334889365525e-09,1.1785743009908073e-07,9.117201893449334e-08,2.831646840510158e-06,5.995234940486514e-07,-0.8889088839062067,0.8889089938074662,0.0,0.0,0.0,0.0,0.0,0.0,0.0,0.0,0.0,0.0,0.0,0.0
A_best-combined_motor2_70-eta080,A_best-combined_motor2_70,A_best,combined_motor2_70,80,base,True,True,,True,False,60.0,horizon,position_attitude_recovered,recovered,7.34,0.46999999999999975,7.34,7.34,False,True,True,True,"[-6.251529878365371e-05, -0.0021428757520379586]",0.00025204590749901176,0.0021437874547758358,0.0056301851728275945,0.0008214018398974213,0.005206069575896334,0.0007817760824557573,0.033878312437462275,0.0052442337151308305,2.71864827936704,0.971260454789738,-0.8931126811632302,0.9978151091717478,"[7.838099576220939e-09, -9.605992893190028e-08]",-7.50505520796807e-08,9.63791769593852e-08,9.71545030740154e-08,7.559814128583686e-08,1.2249559836597429e-08,9.082598659441469e-09,1.1991329994118177e-07,9.230154673911528e-08,2.9575586669421963e-06,5.837341994048253e-07,-0.8889088637125756,0.8889089716265686,0.04999999999999449,0.04999999999999449,0.0,0.0,0.0,0.0,0.04999999999999982,0.04999999999999982,0.0,0.0,0.0,0.0
A_best-combined_motor2_70-eta075,A_best-combined_motor2_70,A_best,combined_motor2_70,75,base,True,True,,True,False,60.0,horizon,position_attitude_recovered,recovered,7.359999999999999,0.71,7.359999999999999,7.359999999999999,False,True,True,True,"[-6.382200686537518e-05, -0.0021707549248179045]",0.0002561169551844037,0.002171692932295335,0.006348629414361985,0.0008950308652852255,0.005965638712553849,0.0008576038450708385,0.04804720569707241,0.00765011410395533,4.578119469878291,1.1780456429510708,-0.8855496688089837,1.020666671114902,"[1.172834292069856e-08, -9.246215168400613e-08]",-7.36482610586009e-08,9.320302313606387e-08,9.396180859583634e-08,7.416634923904936e-08,1.1917128550910096e-08,8.751057221433547e-09,1.186491547370016e-07,9.061734951298916e-08,2.831646840510158e-06,5.052294061369041e-07,-0.8889088939750663,0.8889090116562258,0.10999999999998789,0.10999999999998789,0.0,0.0,0.0,0.0,0.11000000000000032,0.11000000000000032,0.0,0.0,0.0,0.0
B_best-combined_motor3_70-eta100,B_best-combined_motor3_70,B_best,combined_motor3_70,100,base,True,True,,True,False,60.0,horizon,position_attitude_recovered,not_applicable,,,,,,,True,True,"[-0.0021866636146110046, 0.0007225184547560569]",-0.0003154488893398318,0.002302939573876558,0.006017171809713428,0.0009684577522319507,0.005559031022281062,0.000915643170712495,0.03146134347476681,0.005294131852831341,0.07291181032110582,0.00870893632905126,0.5707493326644322,0.5747529221882811,"[-5.8149971996710666e-08, -3.865478352947286e-08]",2.5404792759475825e-08,6.98255793597779e-08,7.055557035102847e-08,2.5661254731991443e-08,1.0123091159832827e-08,3.618908574175025e-09,8.942442868733703e-08,3.058763820007471e-08,2.091309789151873e-06,3.8075203958034336e-07,0.5747527277084563,0.5747529221882811,0.0,0.0,0.0,0.0,0.0,0.0,0.0,0.0,0.0,0.0,0.0,0.0
B_best-combined_motor3_70-eta095,B_best-combined_motor3_70,B_best,combined_motor3_70,95,base,True,True,,True,False,60.0,horizon,position_attitude_recovered,recovered,7.42,0.16000000000000014,7.4399999999999995,7.4399999999999995,False,True,True,True,"[-0.0021866635611487084, 0.0007225186262678082]",-0.00031544891325615643,0.0023029395769232574,0.006057653063335354,0.0009629610571919792,0.0056028233901111646,0.0009098274456147193,0.031461334888936196,0.005335328425332686,0.47983414889432324,0.22338045100028137,0.5696679008080582,0.5747528531524412,"[-5.6183204074186904e-08, -3.823176639438233e-08]",2.2476973238205743e-08,6.795748951864213e-08,6.911103309666441e-08,2.2573541614766653e-08,1.2574359387733741e-08,2.0857744563073387e-09,9.107096568287025e-08,2.5540704884363663e-08,1.9090959104164224e-06,4.814595176546296e-07,0.5747526583621769,0.5747528531524412,0.0,0.0,0.0,0.0,0.0,0.0,0.0,0.0,0.0,0.0,0.0,0.0
B_best-combined_motor3_70-eta090,B_best-combined_motor3_70,B_best,combined_motor3_70,90,base,True,True,,True,False,60.0,horizon,position_attitude_recovered,recovered,7.380000000000001,0.9400000000000004,7.4,7.4,False,True,True,True,"[-0.0021866635100209948, 0.0007225185798130552]",-0.0003154488284747266,0.002302939513802395,0.006107300621160984,0.0009616000354576387,0.005656464485259376,0.0009083868475523254,0.03165216570736468,0.005443244336086339,1.0275140338618391,0.4479720940330187,0.568297894286546,0.5747529180767471,"[-5.723419119906014e-08, -3.9051078595293506e-08]",2.471408841020484e-08,6.928736812483472e-08,6.97975640154287e-08,2.492701822677392e-08,8.423809163407131e-09,3.2511646729284403e-09,8.733797412298059e-08,2.9319419780904354e-08,1.2074182697257333e-06,2.978998271603954e-07,0.5747526860199172,0.5747527816097412,0.0,0.0,0.0,0.0,0.0,0.0,0.0,0.0,0.0,0.0,0.0,0.0
B_best-combined_motor3_70-eta085,B_best-combined_motor3_70,B_best,combined_motor3_70,85,base,True,True,,True,False,60.0,horizon,position_attitude_recovered,recovered,7.35,1.0200000000000005,7.370000000000001,7.370000000000001,False,True,True,True,"[-0.002186663681293372, 0.0007225183745902312]",-0.0003154487436067471,0.0023029396120410953,0.006165580967834272,0.0009655963853755748,0.005719340680027056,0.0009126162773078856,0.03316875970191217,0.005575331327105637,1.6054333211590932,0.679151447109791,0.5666805288605059,0.5747530737902998,"[-5.7150429994419056e-08, -4.572611783818106e-08]",2.14413165089411e-08,7.319186772516611e-08,7.409191329180294e-08,2.1616539941028256e-08,1.1513562183001095e-08,2.7467699913679725e-09,9.068446701247393e-08,2.6616130188727993e-08,1.4787793334710982e-06,2.954884021699866e-07,0.5747528802674741,0.5747530737902998,0.0,0.0,0.0,0.0,0.0,0.0,0.0,0.0,0.0,0.0,0.0,0.0
B_best-combined_motor3_70-eta080,B_best-combined_motor3_70,B_best,combined_motor3_70,80,base,True,True,,True,False,60.0,horizon,position_attitude_recovered,recovered,7.34,1.0899999999999999,7.359999999999999,7.359999999999999,False,True,True,True,"[-0.002212940329551809, 0.0007333691465399783]",-0.0003205158419015438,0.0023312947491155307,0.006356462699700753,0.0009982946731204392,0.005913516960780061,0.0009454426738151768,0.03678039167459947,0.006580545562033024,2.3996308271678135,0.8941823121625737,0.5636797776511463,0.5747529570402679,"[-5.8143090767141894e-08, -4.4524817832757326e-08]",2.0043780342149377e-08,7.323304177074939e-08,7.40460290629238e-08,2.020780368655246e-08,1.0942395212705365e-08,2.5694745435417436e-09,9.335047949987521e-08,2.4305943702174204e-08,1.2074182697257333e-06,2.9918536853716945e-07,0.5747527882404718,0.5747529570402679,0.04999999999999449,0.04999999999999449,0.0,0.0,0.0,0.0,0.04999999999999982,0.04999999999999982,0.0,0.0,0.0,0.0
B_best-combined_motor3_70-eta075,B_best-combined_motor3_70,B_best,combined_motor3_70,75,base,True,True,,True,False,60.0,horizon,position_attitude_recovered,recovered,6.99,2.0300000000000002,7.01,7.01,False,True,True,True,"[-0.002261593275138116, 0.000754981253432756]",-0.0003300836513583548,0.0023842820376760894,0.007474211774091812,0.0013939282571647778,0.007083716595741797,0.0013542823816429007,0.05691440473203592,0.01175954699180104,4.609129856383017,1.2215640643275756,0.5456474314166904,0.8668348448024413,"[-5.4763526809580314e-08, -4.2651631258637906e-08]",8.7948784655012e-09,6.941329496318727e-08,7.039455917959988e-08,8.837039128160605e-09,1.1712747092110875e-08,8.621910053490263e-10,8.629865348640606e-08,1.073620947700249e-08,1.7075472925031877e-06,5.184486165219928e-07,0.5747525945123589,0.5747528209821468,0.13999999999998458,0.13999999999998458,0.0,0.0,0.0,0.0,0.13999999999999968,0.13999999999999968,0.0,0.0,0.0,0.0
A_best-combined_motor3_70-eta100,A_best-combined_motor3_70,A_best,combined_motor3_70,100,base,True,True,,True,False,60.0,horizon,position_attitude_recovered,not_applicable,,,,,,,True,True,"[-0.0018639050410450971, -0.00015186944405128194]",-0.0007797601711511794,0.0018700819046420856,0.004704480263928249,0.0021097312021493026,0.004316819225265366,0.0019603417612265024,0.02285988493270083,0.011442970512387962,0.26870062043838383,0.03946443050582446,0.03682202459635085,0.13178612890987013,"[-8.512061567601108e-08, -2.8985544902051437e-09]",2.6307000698944094e-08,8.516995263117077e-08,8.621249080509634e-08,2.6423495166008135e-08,1.3366852270559339e-08,2.4784694901914878e-09,1.0386555801705956e-07,3.067995635319676e-08,2.561320938754782e-06,7.288618706494895e-07,0.029360796280441658,0.029360909214610476,0.0,0.0,0.0,0.0,0.0,0.0,0.0,0.0,0.0,0.0,0.0,0.0
A_best-combined_motor3_70-eta095,A_best-combined_motor3_70,A_best,combined_motor3_70,95,base,True,True,,True,False,60.0,horizon,position_attitude_recovered,recovered,6.720000000000001,3.08,7.07,7.07,False,True,True,True,"[-0.0018639050598845733, -0.0001518693414628245]",-0.0007797601621493222,0.0018700819150881244,0.004719294319936908,0.002132088612479784,0.004332958863069107,0.0019843830126744276,0.023326856778570777,0.011665665597035857,0.5775180983577038,0.2284415516746461,0.036256640486181047,0.12276089852966977,"[-8.512235967907075e-08, -2.9842271201824117e-09]",2.7491920718825114e-08,8.517465426309591e-08,8.622692190794814e-08,2.7741044672154896e-08,1.3429829964726713e-08,3.709427811984966e-09,1.0254708520959052e-07,3.271239390478797e-08,2.699869328381916e-06,6.532296268278703e-07,0.029360692520316086,0.029360864116127084,0.0,0.0,0.0,0.0,0.0,0.0,0.0,0.0,0.0,0.0,0.0,0.0
A_best-combined_motor3_70-eta090,A_best-combined_motor3_70,A_best,combined_motor3_70,90,base,True,True,,True,False,60.0,horizon,position_attitude_recovered,recovered,6.720000000000001,3.01,7.040000000000001,7.040000000000001,False,True,True,True,"[-0.0018639051037851481, -0.00015186935703507921]",-0.0007797601319982415,0.001870081960108319,0.0047378429985366795,0.0021599283492625015,0.0043531539992585295,0.0020142652780837803,0.024329612328689656,0.01235688563491133,1.1313836754813307,0.46059472959733055,0.03576010235930172,0.12203782880367917,"[-8.472116900455198e-08, -4.441962491363347e-09]",2.6753525841360927e-08,8.48375359629954e-08,8.593720107622652e-08,2.702709105479417e-08,1.3703832330528804e-08,3.8356884570788855e-09,1.0474553132924025e-07,3.316167784817026e-08,2.4148365394514667e-06,7.18179272892061e-07,0.02936070350369583,0.0293608371676959,0.0,0.0,0.0,0.0,0.0,0.0,0.0,0.0,0.0,0.0,0.0,0.0
A_best-combined_motor3_70-eta085,A_best-combined_motor3_70,A_best,combined_motor3_70,85,base,True,True,,True,False,60.0,horizon,position_attitude_recovered,recovered,6.73,2.9400000000000004,7.02,7.02,False,True,True,True,"[-0.0018639051296744113, -0.0001518693759443879]",-0.0007797601169659286,0.0018700819874476952,0.004761115124245364,0.002193353027495683,0.004378471261358424,0.002050066258249659,0.02546458026253726,0.013090369578743544,1.7277342071628645,0.6998574300180207,0.03530632631875718,0.22166542097416833,"[-8.371470609646809e-08, -5.49792929913053e-09]",2.5898895441578418e-08,8.389504898023642e-08,8.488681159800599e-08,2.605042399443139e-08,1.2937988246984573e-08,2.805673750783353e-09,1.0468132911134743e-07,3.092573686025446e-08,2.2588727439225506e-06,5.783397383716023e-07,0.029360721013379474,0.029360836395251576,0.0,0.0,0.0,0.0,0.0,0.0,0.0,0.0,0.0,0.0,0.0,0.0
A_best-combined_motor3_70-eta080,A_best-combined_motor3_70,A_best,combined_motor3_70,80,base,True,True,,True,False,60.0,horizon,position_attitude_recovered,recovered,6.75,2.88,7.0,7.0,False,True,True,True,"[-0.0018639052558499733, -0.0001518692765096206]",-0.0007797600700281687,0.0018700821051314057,0.004789740669009612,0.00223231278166914,0.004409581453656567,0.00209169658134087,0.026723325245068666,0.013844712870551779,2.3606161635348664,0.9412044657754997,0.03486860224611465,0.3292982874646281,"[-8.38367626228054e-08, -6.356047917206508e-09]",2.726929646090781e-08,8.40773579044825e-08,8.520313711394328e-08,2.7530247079670442e-08,1.3804798508452845e-08,3.781530747570809e-09,1.0862366789132628e-07,3.359562916749326e-08,2.699869328381916e-06,7.17150415766128e-07,0.029360740603766842,0.029360956016059408,0.0,0.0,0.0,0.0,0.0,0.0,0.0,0.0,0.0,0.0,0.0,0.0
A_best-combined_motor3_70-eta075,A_best-combined_motor3_70,A_best,combined_motor3_70,75,base,True,True,,True,False,60.0,horizon,position_attitude_recovered,recovered,6.85,2.8500000000000005,7.02,7.02,False,True,True,True,"[-0.0018929431166650678, -0.0001534100071996301]",-0.0007950399631801767,0.0018991493551689534,0.004934498033618222,0.0023340359670624452,0.0045543937654251646,0.002194455593646764,0.02973071704739643,0.01533100213659322,3.2288869873327233,1.1552839150606415,0.03333117323087928,0.5239442780760316,"[-8.292742408321037e-08, -7.4417951710179875e-09]",2.6103352918083188e-08,8.326066286334746e-08,8.42140342236637e-08,2.6209219714260073e-08,1.2635884606167982e-08,2.3533305047010717e-09,1.086012737960456e-07,3.1233511998962626e-08,2.561320938754782e-06,7.245520905624268e-07,0.029360736235687954,0.02936084638829708,0.06999999999999229,0.06999999999999229,0.0,0.0,0.0,0.0,0.0699999999999994,0.0699999999999994,0.0,0.0,0.0,0.0
A_best-combined_motor3_70-eta068,A_best-combined_motor3_70,A_best,combined_motor3_70,68,extension,True,True,,True,False,60.0,horizon,position_attitude_recovered,recovered,8.05,3.76,8.05,8.05,False,True,True,True,"[-0.0026054985266312303, 9.724525817135129e-05]",-0.0014676768989566953,0.0026073126418813537,0.010669824263062606,0.005963833568405994,0.01034635542556534,0.005780418267903728,0.09755420595336768,0.04008641870192542,11.54540159220448,1.660115822026486,-0.05207971907187599,3.4843869260946,"[-7.190077051332893e-08, -5.769888129242814e-08]",8.688106393206497e-09,9.218937955539187e-08,9.342415414242418e-08,8.846567347152743e-09,1.5139051305128955e-08,1.6669016551774966e-09,1.2033419030067036e-07,1.127680104850981e-08,2.4148365394514667e-06,6.731172420541686e-07,0.029360675763073656,0.02936078479053888,1.2699999999998601,0.5199999999999427,0.0,0.0,0.0,0.0,1.2700000000000005,0.5200000000000005,0.0,0.0,0.0,0.0
A_best-combined_motor3_70-eta066,A_best-combined_motor3_70,A_best,combined_motor3_70,66,extension,True,True,,True,False,60.0,horizon,position_attitude_recovered,recovered,9.370000000000001,4.27,9.38,9.38,False,True,True,True,"[-0.0049312264994047506, 0.0021092828206280938]",-0.0032612852392858646,0.005363400861937175,0.02555830961568703,0.01432754170103077,0.024989220107988364,0.013951432535148163,0.22827685624081176,0.08946283273662459,11.354460764449074,1.8606665065069068,-0.2020722615973161,11.348674600921608,"[-9.835475388013998e-08, -7.571692530644032e-08]",4.5154176784301116e-08,1.2412377044178112e-07,1.25413784077322e-07,4.547299473899192e-08,1.794176267564491e-08,5.375273896692976e-09,1.4831968617749982e-07,5.610742781492206e-08,3.1945284701301985e-06,5.844858825668483e-07,0.02936051405634557,0.029360671868327866,2.459999999999849,1.1699999999998711,0.0,0.0,0.0,0.0,2.4600000000000017,1.17,0.0,0.0,0.0,0.0
A_best-combined_motor2_70-eta074,A_best-combined_motor2_70,A_best,combined_motor2_70,74,refinement,True,True,,True,False,60.0,horizon,position_attitude_recovered,recovered,7.370000000000001,0.79,7.370000000000001,7.370000000000001,False,True,True,True,"[-6.561556201239568e-05, -0.0021857318056127573]",0.0002575866403755504,0.002186716471800907,0.006774522410528174,0.0009278268490367803,0.006411897142242921,0.0008913539052999973,0.0549416208109014,0.008625484913935777,5.574340998391288,1.2638120673069406,-0.8822166820869103,1.0358421374957933,"[1.4508945724366076e-08, -8.858499046041145e-08]",-7.448707317059267e-08,8.976530532953023e-08,9.073086462914292e-08,7.490745931826745e-08,1.3201505802296324e-08,7.924859115256683e-09,1.0866359901529597e-07,9.080040275222245e-08,2.9575586669421963e-06,5.305616453340699e-07,-0.8889089514834309,0.8889091060737152,0.13999999999998458,0.13999999999998458,0.0,0.0,0.0,0.0,0.14000000000000057,0.14000000000000057,0.0,0.0,0.0,0.0
A_best-combined_motor2_70-eta073,A_best-combined_motor2_70,A_best,combined_motor2_70,73,refinement,True,True,,True,False,60.0,horizon,position_attitude_recovered,recovered,8.200000000000001,0.8600000000000003,8.200000000000001,8.200000000000001,False,True,True,True,"[-7.169551284525515e-05, -0.0022137919804398223]",0.0002597611414113887,0.0022149526358867847,0.007524120274941527,0.0009677834483864203,0.007190714201841456,0.0009322708578430221,0.06591782563556425,0.009738317535883168,7.526150090817327,1.378798866520762,-0.8770234786397038,1.0598064129194973,"[1.5912821798470908e-08, -8.849089656438528e-08]",-7.038848851115276e-08,8.991027011614761e-08,9.076403056312371e-08,7.092768805264313e-08,1.2419845880888409e-08,8.729124675955392e-09,1.1279560030531562e-07,8.653436911476575e-08,2.4148365394514667e-06,4.556230035048839e-07,-0.8889088989629025,0.8889089944622577,0.18999999999997907,0.18999999999997907,0.0,0.0,0.0,0.0,0.1900000000000004,0.1900000000000004,0.0,0.0,0.0,0.0
A_best-combined_motor2_70-eta072,A_best-combined_motor2_70,A_best,combined_motor2_70,72,refinement,True,True,,True,False,60.0,horizon,position_attitude_recovered,recovered,8.24,1.2700000000000005,8.25,8.25,False,True,True,True,"[-8.759097166076294e-05, -0.0022565531203477983]",0.00026275036563054436,0.002258252457823939,0.00896605676893545,0.0010742966744244759,0.008677008114581055,0.0010416696165485972,0.08525157017647031,0.01098102418202962,11.121176799715334,2.1315263510676403,-0.8683862021740241,1.4788203812700862,"[2.0366356695275212e-08, -8.616289542300961e-08]",-6.419463295381789e-08,8.853718446345394e-08,8.936539480026417e-08,6.454447427873204e-08,1.2138400021889998e-08,6.711055046898274e-09,1.1725164822460183e-07,7.678978897196487e-08,2.831646840510158e-06,6.021637636607159e-07,-0.8889090193012241,0.8889091265042761,0.24999999999997247,0.24999999999997247,0.0,0.0,0.0,0.0,0.25,0.25,0.0,0.0,0.0,0.0
A_best-combined_motor2_70-eta071,A_best-combined_motor2_70,A_best,combined_motor2_70,71,refinement,True,True,,True,False,60.0,horizon,position_attitude_recovered,recovered,9.11,2.2,9.13,9.13,False,True,True,True,"[-0.0002515902434487628, -0.0025160962935518337]",0.00027075106729990275,0.0025286435511997106,0.012256248791656656,0.0015024602336203385,0.01199256420595534,0.0014778635299534414,0.12410985385402197,0.01432224234936208,17.770377495266608,3.023770557680403,-0.8557010027304239,3.3163264709078617,"[2.3381531881826076e-08, -9.122696482883524e-08]",-5.087336556297561e-08,9.417566110743472e-08,9.505783095437212e-08,5.12151537320926e-08,1.2920374635728556e-08,5.9069999236264905e-09,1.1532305004292587e-07,6.178294187364486e-08,2.561320938754782e-06,5.393995738518535e-07,-0.8889090463219466,0.8889092039443073,0.6099999999999328,0.32999999999996366,0.0,0.0,0.0,0.0,0.6099999999999994,0.33000000000000007,0.0,0.0,0.0,0.0
B_best-combined_motor3_70-eta074,B_best-combined_motor3_70,B_best,combined_motor3_70,74,refinement,True,True,,True,False,60.0,horizon,position_attitude_recovered,recovered,6.92,2.8100000000000005,6.93,6.93,False,True,True,True,"[-0.0022972924510855186, 0.0007733318274495615]",-0.00033508775594253884,0.002423962607211792,0.008416652965458868,0.0017427272441283025,0.008060052879467143,0.0017102088887748198,0.07073418479063423,0.01515519991380021,7.1012081954670725,1.5907732446500036,0.5287176516950851,1.3073577280618955,"[-5.2546109182756164e-08, -4.3957167411595376e-08]",2.6605935377066457e-09,6.850785471095379e-08,6.942048714109233e-08,2.808793320745699e-09,1.1219531086877665e-08,9.003121379717709e-10,9.220025381745765e-08,4.441877088368074e-09,1.4787793334710982e-06,3.400888493893171e-07,0.5747525966912855,0.5747527262502647,0.19999999999997797,0.19999999999997797,0.0,0.0,0.0,0.0,0.20000000000000018,0.20000000000000018,0.0,0.0,0.0,0.0
B_best-combined_motor3_70-eta073,B_best-combined_motor3_70,B_best,combined_motor3_70,73,refinement,True,True,,True,False,60.0,horizon,position_attitude_recovered,recovered,6.9,2.9699999999999998,6.9,6.9,False,True,True,True,"[-0.002360999723742951, 0.0008209286589430378]",-0.0003381443906272902,0.002499648687033501,0.010882640765739894,0.0025529432112444067,0.010591677226839697,0.0025304500411836134,0.10309282994714396,0.022251231138766703,12.077354304374541,2.257541565446883,0.4811797740596318,2.930625311192705,"[-5.012140991241473e-08, -4.696023567710293e-08]",-1.2077916540231826e-08,6.868347302268106e-08,6.989047333267388e-08,1.2327478492804386e-08,1.2932857232949062e-08,2.4679258574254594e-09,9.124837668113666e-08,1.6966640759008556e-08,1.7075472925031877e-06,4.0299745208909925e-07,0.5747525516180797,0.5747527298114222,0.28999999999996806,0.27999999999996916,0.0,0.0,0.0,0.0,0.29000000000000004,0.28000000000000025,0.0,0.0,0.0,0.0
B_best-combined_motor3_70-eta072,B_best-combined_motor3_70,B_best,combined_motor3_70,72,refinement,True,True,,False,True,5.66,max_tilt,physical_termination,physical_termination,,,,,False,False,False,False,"[-0.08075644945141981, 0.08429196289014927]",0.02622210479459034,0.1167336247011718,0.14582540769147645,0.042333862152791245,0.08739742783692944,0.03323487783809432,0.29034628702280946,0.0850428657031077,66.16872643804658,12.970794802464635,-5.497729190096271,13.367947262449443,,,,,,,,,,,,,,0.5499999999999394,0.5499999999999394,0.0,0.0,0.0,0.0,0.5500000000000007,0.5500000000000007,0.0,0.0,0.0,0.0
B_best-combined_motor3_70-eta071,B_best-combined_motor3_70,B_best,combined_motor3_70,71,refinement,True,True,,False,True,5.47,max_tilt,physical_termination,physical_termination,,,,,False,False,False,False,"[-0.06436427820075703, 0.05599722852326963]",0.00786887430921634,0.08531383188318134,0.108490392559782,0.018649648027824643,0.06702026087075366,0.016908287573480018,0.2631879604240412,0.046590266111369294,63.2632454241351,9.079305000783059,-3.299288797671351,7.690616631870727,,,,,,,,,,,,,,0.45999999999994934,0.45999999999994934,0.0,0.0,0.17999999999999972,0.13999999999999968,0.45999999999999996,0.45999999999999996,0.0,0.0,0.0,0.0
