key,condition,label,configuration,allocator_mode,gain,completed,actual_duration_sec,end_reason,fault_to_termination_s,tail_mean_error_xy_m,tail_offset_xy_m,tail_mean_error_z_m,tail_sway_xy_rms_m,tail_sway_z_rms_m,tail_yaw_error_mean_deg,tail_yaw_error_max_abs_deg,integral_frozen_time_s,integral_frozen_longest_s,interval_allocator_clipping_time_s,interval_allocator_clipping_longest_s,interval_esc_boundary_time_s,interval_esc_boundary_longest_s,interval_action_boundary_time_s,interval_action_boundary_longest_s,integral_xy_at_limit_time_s,integral_xy_at_limit_longest_s,integral_z_at_limit_time_s,integral_z_at_limit_longest_s,fault_partial,fault_max_xy_error_m,fault_max_abs_z_error_m,fault_max_tilt_deg,fault_max_angular_speed_rad_s,fault_yaw_error_max_abs_deg,fault_recovery_xy_s,fault_recovery_z_s,fault_recovery_3d_s,fault_before_event,fault_allocation_residual_xml_moment_rms_xyz_nm,fault_allocation_residual_xml_moment_norm_rms_nm,fault_allocation_residual_xml_moment_norm_max_nm,fault_allocation_residual_xml_force_rms_n,fault_allocation_residual_xml_force_max_abs_n,fault_actuator_response_residual_xml_moment_rms_xyz_nm,fault_actuator_response_residual_xml_moment_norm_rms_nm,fault_actuator_response_residual_xml_moment_norm_max_nm,fault_actuator_response_residual_xml_force_rms_n,fault_actuator_response_residual_xml_force_max_abs_n,restore_partial,restore_max_xy_error_m,restore_max_abs_z_error_m,restore_max_tilt_deg,restore_max_angular_speed_rad_s,restore_yaw_error_max_abs_deg,restore_recovery_xy_s,restore_recovery_z_s,restore_recovery_3d_s,restore_before_event,restore_allocation_residual_xml_moment_rms_xyz_nm,restore_allocation_residual_xml_moment_norm_rms_nm,restore_allocation_residual_xml_moment_norm_max_nm,restore_allocation_residual_xml_force_rms_n,restore_allocation_residual_xml_force_max_abs_n,restore_actuator_response_residual_xml_moment_rms_xyz_nm,restore_actuator_response_residual_xml_moment_norm_rms_nm,restore_actuator_response_residual_xml_moment_norm_max_nm,restore_actuator_response_residual_xml_force_rms_n,restore_actuator_response_residual_xml_force_max_abs_n
nominal-A_best-existing_no_integral,nominal,A_best,existing_no_integral,existing,no_integral,True,60.0,horizon,,"[-0.0014376058244714761, -0.0013037085260130148]",0.001940712865766943,0.0013277906302989174,7.807473279546274e-09,9.768102348287492e-10,-0.13145393749750192,0.13145409445084094,0.0,0.0,0.0,0.0,0.0,0.0,0.0,0.0,0.0,0.0,0.0,0.0,,,,,,,,,,,,,,,,,,,,,,,,,,,,,,,,,,,,,,,,
nominal-A_best-existing_integral_020,nominal,A_best,existing_integral_020,existing,integral_020,True,60.0,horizon,,"[-1.5213781518247602e-09, -2.4593884981149514e-09]",2.8919168842672224e-09,1.644509729503696e-09,6.885235023054633e-09,8.859803820528677e-10,-0.13145375031798032,0.1314538626032288,0.0,0.0,0.0,0.0,0.0,0.0,0.0,0.0,0.0,0.0,0.0,0.0,,,,,,,,,,,,,,,,,,,,,,,,,,,,,,,,,,,,,,,,
nominal-A_best-oracle_no_integral,nominal,A_best,oracle_no_integral,oracle,no_integral,True,60.0,horizon,,"[-0.0014376058244714761, -0.0013037085260130148]",0.001940712865766943,0.0013277906302989174,7.807473279546274e-09,9.768102348287492e-10,-0.13145393749750192,0.13145409445084094,0.0,0.0,0.0,0.0,0.0,0.0,0.0,0.0,0.0,0.0,0.0,0.0,,,,,,,,,,,,,,,,,,,,,,,,,,,,,,,,,,,,,,,,
nominal-A_best-oracle_integral_020,nominal,A_best,oracle_integral_020,oracle,integral_020,True,60.0,horizon,,"[-1.5213781518247602e-09, -2.4593884981149514e-09]",2.8919168842672224e-09,1.644509729503696e-09,6.885235023054633e-09,8.859803820528677e-10,-0.13145375031798032,0.1314538626032288,0.0,0.0,0.0,0.0,0.0,0.0,0.0,0.0,0.0,0.0,0.0,0.0,,,,,,,,,,,,,,,,,,,,,,,,,,,,,,,,,,,,,,,,
nominal-B_best-existing_no_integral,nominal,B_best,existing_no_integral,existing,no_integral,True,60.0,horizon,,"[0.0015417339469079654, -0.0005826228462329459]",0.0016481483379844764,0.0017659352567087748,2.5955038898424892e-09,7.289922691272491e-10,0.977556051474845,0.9775562290766894,0.0,0.0,0.0,0.0,0.0,0.0,0.0,0.0,0.0,0.0,0.0,0.0,,,,,,,,,,,,,,,,,,,,,,,,,,,,,,,,,,,,,,,,
nominal-B_best-existing_integral_020,nominal,B_best,existing_integral_020,existing,integral_020,True,60.0,horizon,,"[2.4922112271660642e-09, 1.0512387071099656e-09]",2.7048511271674107e-09,2.3209898514231496e-09,2.144581019845166e-09,1.9512509863889723e-09,0.9775560750507062,0.9775561720996778,0.0,0.0,0.0,0.0,0.0,0.0,0.0,0.0,0.0,0.0,0.0,0.0,,,,,,,,,,,,,,,,,,,,,,,,,,,,,,,,,,,,,,,,
nominal-B_best-oracle_no_integral,nominal,B_best,oracle_no_integral,oracle,no_integral,True,60.0,horizon,,"[0.0015417339469079654, -0.0005826228462329459]",0.0016481483379844764,0.0017659352567087748,2.5955038898424892e-09,7.289922691272491e-10,0.977556051474845,0.9775562290766894,0.0,0.0,0.0,0.0,0.0,0.0,0.0,0.0,0.0,0.0,0.0,0.0,,,,,,,,,,,,,,,,,,,,,,,,,,,,,,,,,,,,,,,,
nominal-B_best-oracle_integral_020,nominal,B_best,oracle_integral_020,oracle,integral_020,True,60.0,horizon,,"[2.4922112271660642e-09, 1.0512387071099656e-09]",2.7048511271674107e-09,2.3209898514231496e-09,2.144581019845166e-09,1.9512509863889723e-09,0.9775560750507062,0.9775561720996778,0.0,0.0,0.0,0.0,0.0,0.0,0.0,0.0,0.0,0.0,0.0,0.0,,,,,,,,,,,,,,,,,,,,,,,,,,,,,,,,,,,,,,,,
combined_motor2_70-A_best-existing_no_integral,combined_motor2_70,A_best,existing_no_integral,existing,no_integral,False,5.41,max_tilt,0.41000000000000014,,,,,,,,0.0,0.0,0.38,0.38,0.0,0.0,0.25,0.25,0.0,0.0,0.0,0.0,True,0.2811446741283819,0.005920171436571753,60.00097131766869,7.25478954226372,13.308271859097532,,,,"{""e_true_before"": [-0.0002106858438207015, -0.0617678485210194, 0.005951985059769793], ""velocity"": [-0.0023195498937618342, -0.006806801169231275, 0.0007511036933678538], ""xi_before"": [0.0, 0.0, 0.0], ""position"": [-0.0002106858438207015, -0.0617678485210194, 1.0059519850597698], ""quaternion"": [0.999958797222303, 0.004107229252740316, -0.0019924694832988174, -0.007846310658457627], ""omega"": [-0.03609424804096917, 0.012839557160281937, 0.0026393132669937916], ""target_before"": [0.0, 0.0, 1.0], ""target_after"": [0.0, 0.0, 1.0], ""p_cmd_before"": [0.0, 0.0, 1.0], ""p_cmd_after"": [0.0, 0.0, 1.0], ""effectiveness_before"": [1.0, 1.0, 1.0, 1.0], ""effectiveness_after"": [1.0, 0.7, 1.0, 1.0], ""position_band_3d"": false, ""speed_band_3d"": true, ""attitude_deg"": [0.47243486595877043, -0.22461845638353825, -0.9000656229323581]}","[0.005741271456276035, 0.005741402693693679, 0.0009646183993621478]",0.008176575779762026,0.01001212644743332,0.16239366992628737,0.1988471189826646,"[0.0004965938579772693, 0.000520337770872932, 5.5247586999530826e-05]",0.0007213938947946754,0.0025173293265482815,0.019628190577280557,0.029055256570654442,,,,,,,,,,,,,,,,,,,,
combined_motor2_70-A_best-existing_integral_020,combined_motor2_70,A_best,existing_integral_020,existing,integral_020,False,5.41,max_tilt,0.41000000000000014,,,,,,,,0.38,0.38,0.38,0.38,0.0,0.0,0.25,0.25,0.0,0.0,0.0,0.0,True,0.24769594093147768,0.004771649133852307,60.37586355525606,7.292741725982474,13.216018416515043,,,,"{""e_true_before"": [-0.00027978918596513805, -0.02482111999967938, 0.004820166229031919], ""velocity"": [-0.0012413606766270128, 0.0009386770876165628, -0.0009223858751313414], ""xi_before"": [0.0005317849180558472, 0.04036298771930876, -0.003446314771563318], ""position"": [-0.00027978918596513805, -0.02482111999967938, 1.004820166229032], ""quaternion"": [0.9999492420426432, 0.004519482730486505, -0.002070530755099048, -0.008763590393458665], ""omega"": [-0.029513457576119916, 0.009763163859519548, 0.0027454999996100304], ""target_before"": [0.0, 0.0, 1.0], ""target_after"": [0.0, 0.0, 1.0], ""p_cmd_before"": [0.0005317849180558472, 0.04036298771930876, 0.9965536852284367], ""p_cmd_after"": [0.0005317849180558472, 0.04036298771930876, 0.9965536852284367], ""effectiveness_before"": [1.0, 1.0, 1.0, 1.0], ""effectiveness_after"": [1.0, 0.7, 1.0, 1.0], ""position_band_3d"": false, ""speed_band_3d"": true, ""attitude_deg"": [0.51995900683013, -0.23271532808723858, -1.005314704109987]}","[0.005742947376210819, 0.00574307808761985, 0.0009648999000398682]",0.008178962177655728,0.01002004709174794,0.1624410606127722,0.19900442006594377,"[0.0004968102160028551, 0.0005207070443170892, 5.5323718359489744e-05]",0.0007218150251548957,0.002514179360602771,0.019658612667548456,0.029103040270912373,,,,,,,,,,,,,,,,,,,,
combined_motor2_70-A_best-oracle_no_integral,combined_motor2_70,A_best,oracle_no_integral,oracle,no_integral,False,5.84,max_tilt,0.8399999999999999,,,,,,,,0.0,0.0,0.6900000000000001,0.5,0.0,0.0,0.01,0.01,0.0,0.0,0.0,0.0,True,0.2661345772873745,0.045937869691667466,66.74070842867954,15.950899520824798,10.796962011032662,,,,"{""e_true_before"": [-0.0002106858438207015, -0.0617678485210194, 0.005951985059769793], ""velocity"": [-0.0023195498937618342, -0.006806801169231275, 0.0007511036933678538], ""xi_before"": [0.0, 0.0, 0.0], ""position"": [-0.0002106858438207015, -0.0617678485210194, 1.0059519850597698], ""quaternion"": [0.999958797222303, 0.004107229252740316, -0.0019924694832988174, -0.007846310658457627], ""omega"": [-0.03609424804096917, 0.012839557160281937, 0.0026393132669937916], ""target_before"": [0.0, 0.0, 1.0], ""target_after"": [0.0, 0.0, 1.0], ""p_cmd_before"": [0.0, 0.0, 1.0], ""p_cmd_after"": [0.0, 0.0, 1.0], ""effectiveness_before"": [1.0, 1.0, 1.0, 1.0], ""effectiveness_after"": [1.0, 0.7, 1.0, 1.0], ""position_band_3d"": false, ""speed_band_3d"": true, ""attitude_deg"": [0.47243486595877043, -0.22461845638353825, -0.9000656229323581]}","[0.0028143229321103518, 0.002807809374780887, 0.00047437990179147546]",0.004003653749081373,0.006311636839604577,0.08005064686229921,0.1253565929926953,"[0.0013951266530901132, 0.0005697454491791636, 0.00011060019931479245]",0.0015110329775062023,0.004693227391072655,0.041634160856572046,0.16992668201525918,,,,,,,,,,,,,,,,,,,,
combined_motor2_70-A_best-oracle_integral_020,combined_motor2_70,A_best,oracle_integral_020,oracle,integral_020,False,5.84,max_tilt,0.8399999999999999,,,,,,,,0.6900000000000001,0.5,0.6900000000000001,0.5,0.0,0.0,0.01,0.01,0.0,0.0,0.0,0.0,True,0.23642132761191179,0.053095524366846836,66.49506179428649,16.8808271318254,10.233618397894642,,,,"{""e_true_before"": [-0.00027978918596513805, -0.02482111999967938, 0.004820166229031919], ""velocity"": [-0.0012413606766270128, 0.0009386770876165628, -0.0009223858751313414], ""xi_before"": [0.0005317849180558472, 0.04036298771930876, -0.003446314771563318], ""position"": [-0.00027978918596513805, -0.02482111999967938, 1.004820166229032], ""quaternion"": [0.9999492420426432, 0.004519482730486505, -0.002070530755099048, -0.008763590393458665], ""omega"": [-0.029513457576119916, 0.009763163859519548, 0.0027454999996100304], ""target_before"": [0.0, 0.0, 1.0], ""target_after"": [0.0, 0.0, 1.0], ""p_cmd_before"": [0.0005317849180558472, 0.04036298771930876, 0.9965536852284367], ""p_cmd_after"": [0.0005317849180558472, 0.04036298771930876, 0.9965536852284367], ""effectiveness_before"": [1.0, 1.0, 1.0, 1.0], ""effectiveness_after"": [1.0, 0.7, 1.0, 1.0], ""position_band_3d"": false, ""speed_band_3d"": true, ""attitude_deg"": [0.51995900683013, -0.23271532808723858, -1.005314704109987]}","[0.0028247322217373944, 0.0028243059614459307, 0.0004787687438200249]",0.004023062987133,0.006345940285048748,0.0806180998020616,0.12603788033247398,"[0.001433313381837478, 0.0005710276627683212, 0.00011255108775624409]",0.0015469736874155788,0.00467559899559571,0.04276431504040396,0.16996186859562346,,,,,,,,,,,,,,,,,,,,
combined_motor2_70-B_best-existing_no_integral,combined_motor2_70,B_best,existing_no_integral,existing,no_integral,True,60.0,horizon,,"[-0.12627621463195374, -0.24837051891154335]",0.2786280622015029,-0.061805365080056476,0.0001253013568758574,2.4783272915015504e-05,10.49245892231864,10.496841202632202,0.0,0.0,0.19,0.13,0.0,0.0,0.0,0.0,0.0,0.0,0.0,0.0,False,0.3077965336413829,0.0686340280702219,10.99573185508354,2.285664369040836,10.690672803704688,,,,"{""e_true_before"": [-0.008079747637400499, -0.1174569625022636, -0.0215421431556041], ""velocity"": [0.00140431028519537, 0.0022667489383155406, 0.00010360525047723606], ""xi_before"": [0.0, 0.0, 0.0], ""position"": [-0.008079747637400499, -0.1174569625022636, 0.9784578568443959], ""quaternion"": [0.999856037349437, -0.0012395877303932098, 0.0010687901234419333, 0.01688862593025645], ""omega"": [0.012613375296931836, -0.006884309542721885, -0.001985231358636443], ""target_before"": [0.0, 0.0, 1.0], ""target_after"": [0.0, 0.0, 1.0], ""p_cmd_before"": [0.0, 0.0, 1.0], ""p_cmd_after"": [0.0, 0.0, 1.0], ""effectiveness_before"": [1.0, 1.0, 1.0, 1.0], ""effectiveness_after"": [1.0, 0.7, 1.0, 1.0], ""position_band_3d"": false, ""speed_band_3d"": true, ""attitude_deg"": [-0.13995788962073658, 0.12485576027104, 1.9352360844801235]}","[0.0019593147180283683, 0.0019595228457091863, 0.0003292198341539655]",0.002790524976834855,0.004477912220571085,0.05542421450403442,0.08894030164239536,"[7.585505915269396e-05, 8.64180222273665e-05, 8.865273683210034e-06]",0.00011532847715211788,0.0027832196451146704,0.0033305431228793105,0.09723492431814068,,,,,,,,,,,,,,,,,,,,
combined_motor2_70-B_best-existing_integral_020,combined_motor2_70,B_best,existing_integral_020,existing,integral_020,True,60.0,horizon,,"[-2.7543031535029562e-06, -1.2992754543249895e-07]",2.75736595838464e-06,5.472802457645587e-07,0.0001064587039779692,2.0229654134123847e-05,10.492570915300268,10.496424464742368,0.19,0.13,0.19,0.13,0.0,0.0,0.0,0.0,0.0,0.0,0.0,0.0,False,0.22961961405632828,0.0487769906508565,11.102655336985439,2.2842334203408368,10.61850171882653,21.6,12.830000000000002,21.62,"{""e_true_before"": [-0.004275312700076415, -0.055720027344350644, -0.005414566924166864], ""velocity"": [0.0017490848761960245, 0.015004380494517633, 0.000856199500612489], ""xi_before"": [0.004380421735784618, 0.0733000014506336, 0.014063603968860543], ""position"": [-0.004275312700076415, -0.055720027344350644, 0.9945854330758331], ""quaternion"": [0.9998616907094058, -0.0011809977159225413, 0.001091553996223275, 0.016553344254161908], ""omega"": [0.010710031618804948, -0.0052714787202197905, -0.0015896218521692146], ""target_before"": [0.0, 0.0, 1.0], ""target_after"": [0.0, 0.0, 1.0], ""p_cmd_before"": [0.004380421735784618, 0.0733000014506336, 1.0140636039688606], ""p_cmd_after"": [0.004380421735784618, 0.0733000014506336, 1.0140636039688606], ""effectiveness_before"": [1.0, 1.0, 1.0, 1.0], ""effectiveness_after"": [1.0, 0.7, 1.0, 1.0], ""position_band_3d"": false, ""speed_band_3d"": true, ""attitude_deg"": [-0.13324356087550912, 0.12730588211423932, 1.8968145896475375]}","[0.0019592142704743126, 0.0019594223950467763, 0.0003292029572178782]",0.0027903819213294144,0.004461175335963082,0.05542137326900302,0.08860788988990809,"[7.609805688742518e-05, 8.649801632618212e-05, 8.85391169046812e-06]",0.00011554744844707275,0.0027853271219057544,0.003306239255706404,0.09660389226309607,,,,,,,,,,,,,,,,,,,,
combined_motor2_70-B_best-oracle_no_integral,combined_motor2_70,B_best,oracle_no_integral,oracle,no_integral,True,60.0,horizon,,"[-0.007581817322198343, -0.11689974255410508]",0.11714535314353375,-0.021411336827432206,4.4882391486140344e-09,6.737196327557609e-10,1.9235006035818916,1.9235007802187527,0.0,0.0,0.24,0.24,0.0,0.0,0.0,0.0,0.0,0.0,0.0,0.0,False,0.15377374204156677,0.031137327985280683,5.20147849942301,1.4972969806963972,3.6651658582388023,,,,"{""e_true_before"": [-0.008079747637400499, -0.1174569625022636, -0.0215421431556041], ""velocity"": [0.00140431028519537, 0.0022667489383155406, 0.00010360525047723606], ""xi_before"": [0.0, 0.0, 0.0], ""position"": [-0.008079747637400499, -0.1174569625022636, 0.9784578568443959], ""quaternion"": [0.999856037349437, -0.0012395877303932098, 0.0010687901234419333, 0.01688862593025645], ""omega"": [0.012613375296931836, -0.006884309542721885, -0.001985231358636443], ""target_before"": [0.0, 0.0, 1.0], ""target_after"": [0.0, 0.0, 1.0], ""p_cmd_before"": [0.0, 0.0, 1.0], ""p_cmd_after"": [0.0, 0.0, 1.0], ""effectiveness_before"": [1.0, 1.0, 1.0, 1.0], ""effectiveness_after"": [1.0, 0.7, 1.0, 1.0], ""position_band_3d"": false, ""speed_band_3d"": true, ""attitude_deg"": [-0.13995788962073658, 0.12485576027104, 1.9352360844801235]}","[5.983516224708283e-05, 5.9846830952025324e-05, 1.0055788378162208e-05]",8.522328728723554e-05,0.0021211432908040595,0.0016928936663573165,0.04213472005534952,"[8.292855655218642e-05, 8.534474259187379e-05, 8.053318349982817e-06]",0.00011927165009485481,0.002846824058005099,0.002202548951181583,0.06249559609471372,,,,,,,,,,,,,,,,,,,,
combined_motor2_70-B_best-oracle_integral_020,combined_motor2_70,B_best,oracle_integral_020,oracle,integral_020,True,60.0,horizon,,"[-1.8928802210698185e-08, -3.8959344680680476e-08]",4.3314317391363776e-08,-1.3827428080537274e-07,6.008129671571716e-09,1.8069992042027177e-08,1.9235001139095755,1.9235003673005662,0.24,0.24,0.24,0.24,0.0,0.0,0.0,0.0,0.0,0.0,0.0,0.0,False,0.08712559629925642,0.014850468849186393,5.155940185204259,1.496254193468801,3.619231684805626,9.23,1.7300000000000004,9.34,"{""e_true_before"": [-0.004275312700076415, -0.055720027344350644, -0.005414566924166864], ""velocity"": [0.0017490848761960245, 0.015004380494517633, 0.000856199500612489], ""xi_before"": [0.004380421735784618, 0.0733000014506336, 0.014063603968860543], ""position"": [-0.004275312700076415, -0.055720027344350644, 0.9945854330758331], ""quaternion"": [0.9998616907094058, -0.0011809977159225413, 0.001091553996223275, 0.016553344254161908], ""omega"": [0.010710031618804948, -0.0052714787202197905, -0.0015896218521692146], ""target_before"": [0.0, 0.0, 1.0], ""target_after"": [0.0, 0.0, 1.0], ""p_cmd_before"": [0.004380421735784618, 0.0733000014506336, 1.0140636039688606], ""p_cmd_after"": [0.004380421735784618, 0.0733000014506336, 1.0140636039688606], ""effectiveness_before"": [1.0, 1.0, 1.0, 1.0], ""effectiveness_after"": [1.0, 0.7, 1.0, 1.0], ""position_band_3d"": false, ""speed_band_3d"": true, ""attitude_deg"": [-0.13324356087550912, 0.12730588211423932, 1.8968145896475375]}","[5.949800941629683e-05, 5.950960752691272e-05, 9.999134397105031e-06]",8.474307760048253e-05,0.0021226014817406365,0.001683355959108632,0.04216368041083729,"[8.28059866710173e-05, 8.531549566000714e-05, 8.03767096256042e-06]",0.00011916446359035276,0.0028433891267805014,0.0021937822250380286,0.06207433526398243,,,,,,,,,,,,,,,,,,,,
combined_motor3_70-A_best-existing_no_integral,combined_motor3_70,A_best,existing_no_integral,existing,no_integral,False,7.13,max_tilt,2.13,,,,,,,,0.0,0.0,1.37,0.68,0.0,0.0,0.25,0.19,0.0,0.0,0.0,0.0,True,0.37105977176625277,0.30905153490319226,61.65663772599093,5.842292654857739,15.951159028395363,,,,"{""e_true_before"": [-0.05572584496856772, -0.003233230539483231, -0.023447186648031804], ""velocity"": [-0.0014265004213350888, -0.003776244720970082, 0.00035116354305362376], ""xi_before"": [0.0, 0.0, 0.0], ""position"": [-0.05572584496856772, -0.003233230539483231, 0.9765528133519682], ""quaternion"": [0.9999976132803425, 0.0017460559306312542, -0.0013073128061932596, 0.0001251220708141325], ""omega"": [-0.0263515161349576, 0.009513622406616854, 0.001665384530176608], ""target_before"": [0.0, 0.0, 1.0], ""target_after"": [0.0, 0.0, 1.0], ""p_cmd_before"": [0.0, 0.0, 1.0], ""p_cmd_after"": [0.0, 0.0, 1.0], ""effectiveness_before"": [1.0, 1.0, 1.0, 1.0], ""effectiveness_after"": [1.0, 1.0, 0.7, 1.0], ""position_band_3d"": false, ""speed_band_3d"": true, ""attitude_deg"": [0.2000651401593609, -0.14983186065412804, 0.014076375792223582]}","[0.0037915820269035123, 0.0037914138333233443, 0.0006370273718946777]",0.005399696009480204,0.010344133918116546,0.10724366530213425,0.20544091514262242,"[0.0005168119966508517, 0.0006990802569151458, 8.391925938671864e-05]",0.000873413010887061,0.0024738876587326207,0.031239921033850256,0.12420656417482517,,,,,,,,,,,,,,,,,,,,
combined_motor3_70-A_best-existing_integral_020,combined_motor3_70,A_best,existing_integral_020,existing,integral_020,False,7.16,max_tilt,2.16,,,,,,,,1.3800000000000001,0.66,1.3800000000000001,0.66,0.0,0.0,0.26,0.22,0.0,0.0,0.0,0.0,True,0.3493475927205903,0.28301800949802836,62.73381652979573,6.81054713528902,22.720351923148634,,,,"{""e_true_before"": [-0.02287132931181154, -0.0011733021824925037, -0.011474230981688427], ""velocity"": [0.004474352888928177, -0.0025363214195793693, 0.003084748367841071], ""xi_before"": [0.035801418324977685, 0.0024555539071012284, 0.014688544504699476], ""position"": [-0.02287132931181154, -0.0011733021824925037, 0.9885257690183116], ""quaternion"": [0.9999965440952693, 0.001955101482903304, -0.0014828310345533482, 0.000943709612523471], ""omega"": [-0.023507404382889393, 0.007421567169467392, 0.0012384596048401289], ""target_before"": [0.0, 0.0, 1.0], ""target_after"": [0.0, 0.0, 1.0], ""p_cmd_before"": [0.035801418324977685, 0.0024555539071012284, 1.0146885445046996], ""p_cmd_after"": [0.035801418324977685, 0.0024555539071012284, 1.0146885445046996], ""effectiveness_before"": [1.0, 1.0, 1.0, 1.0], ""effectiveness_after"": [1.0, 1.0, 0.7, 1.0], ""position_band_3d"": false, ""speed_band_3d"": true, ""attitude_deg"": [0.22387855432393314, -0.17013100973669631, 0.10780911024717106]}","[0.0037907977694377733, 0.0037906333756320175, 0.0006368956856758387]",0.005398581779658645,0.009878024492738125,0.1072214959050233,0.1961850257032003,"[0.0005087607552714054, 0.0006910194119305113, 8.522328542820224e-05]",0.0008623272825025875,0.0024753548624177894,0.029850563055463613,0.10853188067057412,,,,,,,,,,,,,,,,,,,,
combined_motor3_70-A_best-oracle_no_integral,combined_motor3_70,A_best,oracle_no_integral,oracle,no_integral,True,60.0,horizon,,"[-0.05635017534370888, -0.0041284677099657245]",0.05650120801274045,-0.023288832145960812,2.3343452891877548e-09,1.0681625835535295e-09,0.029360638331708506,0.029360722976887545,0.0,0.0,0.28,0.28,0.0,0.0,0.0,0.0,0.0,0.0,0.0,0.0,False,0.08464705359563186,0.034991417629788524,6.334779456561263,1.4974447940585063,1.5727562993638424,,,,"{""e_true_before"": [-0.05572584496856772, -0.003233230539483231, -0.023447186648031804], ""velocity"": [-0.0014265004213350888, -0.003776244720970082, 0.00035116354305362376], ""xi_before"": [0.0, 0.0, 0.0], ""position"": [-0.05572584496856772, -0.003233230539483231, 0.9765528133519682], ""quaternion"": [0.9999976132803425, 0.0017460559306312542, -0.0013073128061932596, 0.0001251220708141325], ""omega"": [-0.0263515161349576, 0.009513622406616854, 0.001665384530176608], ""target_before"": [0.0, 0.0, 1.0], ""target_after"": [0.0, 0.0, 1.0], ""p_cmd_before"": [0.0, 0.0, 1.0], ""p_cmd_after"": [0.0, 0.0, 1.0], ""effectiveness_before"": [1.0, 1.0, 1.0, 1.0], ""effectiveness_after"": [1.0, 1.0, 0.7, 1.0], ""position_band_3d"": false, ""speed_band_3d"": true, ""attitude_deg"": [0.2000651401593609, -0.14983186065412804, 0.014076375792223582]}","[6.093393354792439e-05, 6.091858965606514e-05, 1.0237960764314884e-05]",8.6768857684765e-05,0.0015486285126668645,0.0017235624182348934,0.030764467580413346,"[9.479267348656531e-05, 7.97641973865477e-05, 1.179690580171758e-05]",0.0001244473588227013,0.0027664092255135276,0.0024331657722762735,0.06530581232367977,,,,,,,,,,,,,,,,,,,,
combined_motor3_70-A_best-oracle_integral_020,combined_motor3_70,A_best,oracle_integral_020,oracle,integral_020,True,60.0,horizon,,"[-7.782707900871976e-08, -2.085347330790296e-08]",8.057246164808997e-08,2.4443061080736685e-08,1.2598279147644373e-08,2.838235897554422e-09,0.029360720924776117,0.029360845542119655,0.28,0.28,0.28,0.28,0.0,0.0,0.0,0.0,0.0,0.0,0.0,0.0,False,0.05207019003397759,0.02097491637931992,6.318787748394838,1.4961940743935656,1.4719563573731609,7.030000000000001,2.84,7.050000000000001,"{""e_true_before"": [-0.02287132931181154, -0.0011733021824925037, -0.011474230981688427], ""velocity"": [0.004474352888928177, -0.0025363214195793693, 0.003084748367841071], ""xi_before"": [0.035801418324977685, 0.0024555539071012284, 0.014688544504699476], ""position"": [-0.02287132931181154, -0.0011733021824925037, 0.9885257690183116], ""quaternion"": [0.9999965440952693, 0.001955101482903304, -0.0014828310345533482, 0.000943709612523471], ""omega"": [-0.023507404382889393, 0.007421567169467392, 0.0012384596048401289], ""target_before"": [0.0, 0.0, 1.0], ""target_after"": [0.0, 0.0, 1.0], ""p_cmd_before"": [0.035801418324977685, 0.0024555539071012284, 1.0146885445046996], ""p_cmd_after"": [0.035801418324977685, 0.0024555539071012284, 1.0146885445046996], ""effectiveness_before"": [1.0, 1.0, 1.0, 1.0], ""effectiveness_after"": [1.0, 1.0, 0.7, 1.0], ""position_band_3d"": false, ""speed_band_3d"": true, ""attitude_deg"": [0.22387855432393314, -0.17013100973669631, 0.10780911024717106]}","[6.041528512160646e-05, 6.039995872433975e-05, 1.015082308487274e-05]",8.603023247398363e-05,0.0015422647677567328,0.0017088927752311643,0.030638080408558477,"[9.453354439504892e-05, 8.012567429591355e-05, 1.1799600686534742e-05]",0.00012448271074180618,0.002767662490029778,0.0024282331390495086,0.06532534411705498,,,,,,,,,,,,,,,,,,,,
combined_motor3_70-B_best-existing_no_integral,combined_motor3_70,B_best,existing_no_integral,existing,no_integral,False,5.29,max_tilt,0.29000000000000004,,,,,,,,0.0,0.0,0.25,0.25,0.0,0.0,0.04,0.03,0.0,0.0,0.0,0.0,True,0.16369993397835905,0.010437382863958677,65.62862589371323,10.885051898384269,6.823009107603023,,,,"{""e_true_before"": [-0.0658217297477551, 0.019515042163976384, -0.008333497340685891], ""velocity"": [-5.690886883696036e-05, 0.0005799440705252998, -8.1003569621969e-05], ""xi_before"": [0.0, 0.0, 0.0], ""position"": [-0.0658217297477551, 0.019515042163976384, 0.9916665026593141], ""quaternion"": [0.9999869154451944, 7.968697654164043e-05, 0.0007146602170842817, 0.005064765460083082], ""omega"": [0.0011162126811892017, -0.001637769580823129, -0.00043560545949194025], ""target_before"": [0.0, 0.0, 1.0], ""target_after"": [0.0, 0.0, 1.0], ""p_cmd_before"": [0.0, 0.0, 1.0], ""p_cmd_after"": [0.0, 0.0, 1.0], ""effectiveness_before"": [1.0, 1.0, 1.0, 1.0], ""effectiveness_after"": [1.0, 1.0, 0.7, 1.0], ""position_band_3d"": false, ""speed_band_3d"": true, ""attitude_deg"": [0.009546119225705113, 0.08184673606155075, 0.5803888198511494]}","[0.005333362776298564, 0.005420950008619603, 0.0008863599631368439]",0.00765617995372444,0.00958127412141739,0.15514761965716783,0.213301455250129,"[0.0006833569881987856, 0.0007456282982292743, 8.89255267340844e-05]",0.001015305905501063,0.0025067482495482584,0.044715712077450065,0.07205466244494763,,,,,,,,,,,,,,,,,,,,
combined_motor3_70-B_best-existing_integral_020,combined_motor3_70,B_best,existing_integral_020,existing,integral_020,False,5.29,max_tilt,0.29000000000000004,,,,,,,,0.25,0.25,0.25,0.25,0.0,0.0,0.04,0.03,0.0,0.0,0.0,0.0,True,0.12858414088582565,0.007222376252162599,65.52719672468079,10.860395306174496,6.70389516055557,,,,"{""e_true_before"": [-0.029173499958094887, 0.011969515302513518, -0.005307699637140284], ""velocity"": [0.00671005859852934, -0.0024692155709061746, 0.0014013891326778594], ""xi_before"": [0.04141497361330784, -0.011721834285616814, 0.0050933748047580375], ""position"": [-0.029173499958094887, 0.011969515302513518, 0.9946923003628597], ""quaternion"": [0.9999891069887988, 4.832095694448425e-05, 0.0006415437162940592, 0.004622985019434303], ""omega"": [0.0011876834839184187, -0.0009884574922031644, -0.00027662321703561136], ""target_before"": [0.0, 0.0, 1.0], ""target_after"": [0.0, 0.0, 1.0], ""p_cmd_before"": [0.04141497361330784, -0.011721834285616814, 1.0050933748047581], ""p_cmd_after"": [0.04141497361330784, -0.011721834285616814, 1.0050933748047581], ""effectiveness_before"": [1.0, 1.0, 1.0, 1.0], ""effectiveness_after"": [1.0, 1.0, 0.7, 1.0], ""position_band_3d"": false, ""speed_band_3d"": true, ""attitude_deg"": [0.005876979348304299, 0.07348911570687076, 0.5297608263607556]}","[0.005333738016945225, 0.0054219604466956865, 0.0008865391582920251]",0.007657177547773358,0.009586344949542256,0.15515473009917705,0.21333949036940458,"[0.0006831354186197982, 0.0007449654090170728, 8.914327773877317e-05]",0.0010146891074466274,0.002504888011207488,0.04471158301126728,0.07209478309591943,,,,,,,,,,,,,,,,,,,,
combined_motor3_70-B_best-oracle_no_integral,combined_motor3_70,B_best,oracle_no_integral,oracle,no_integral,False,5.39,max_tilt,0.3899999999999997,,,,,,,,0.0,0.0,0.38,0.38,0.0,0.0,0.09,0.09,0.0,0.0,0.0,0.0,True,0.22648117667715592,0.018493621556058493,64.54026985205405,9.571524791872019,5.781471380491437,,,,"{""e_true_before"": [-0.0658217297477551, 0.019515042163976384, -0.008333497340685891], ""velocity"": [-5.690886883696036e-05, 0.0005799440705252998, -8.1003569621969e-05], ""xi_before"": [0.0, 0.0, 0.0], ""position"": [-0.0658217297477551, 0.019515042163976384, 0.9916665026593141], ""quaternion"": [0.9999869154451944, 7.968697654164043e-05, 0.0007146602170842817, 0.005064765460083082], ""omega"": [0.0011162126811892017, -0.001637769580823129, -0.00043560545949194025], ""target_before"": [0.0, 0.0, 1.0], ""target_after"": [0.0, 0.0, 1.0], ""p_cmd_before"": [0.0, 0.0, 1.0], ""p_cmd_after"": [0.0, 0.0, 1.0], ""effectiveness_before"": [1.0, 1.0, 1.0, 1.0], ""effectiveness_after"": [1.0, 1.0, 0.7, 1.0], ""position_band_3d"": false, ""speed_band_3d"": true, ""attitude_deg"": [0.009546119225705113, 0.08184673606155075, 0.5803888198511494]}","[0.0052816466709914795, 0.00528154368641219, 0.0008873671619630441]",0.007521829282083326,0.010102627928273595,0.149388411104891,0.20064294667637506,"[0.0006242622364045138, 0.0006368317077713017, 8.714177278688515e-05]",0.000896019895084991,0.0024128479964633715,0.02668552752985718,0.042162109656353086,,,,,,,,,,,,,,,,,,,,
combined_motor3_70-B_best-oracle_integral_020,combined_motor3_70,B_best,oracle_integral_020,oracle,integral_020,False,5.39,max_tilt,0.3899999999999997,,,,,,,,0.38,0.38,0.38,0.38,0.0,0.0,0.09,0.09,0.0,0.0,0.0,0.0,True,0.1916593805078211,0.022050963245808353,64.03979881446705,9.48546967801286,5.333021959491206,,,,"{""e_true_before"": [-0.029173499958094887, 0.011969515302513518, -0.005307699637140284], ""velocity"": [0.00671005859852934, -0.0024692155709061746, 0.0014013891326778594], ""xi_before"": [0.04141497361330784, -0.011721834285616814, 0.0050933748047580375], ""position"": [-0.029173499958094887, 0.011969515302513518, 0.9946923003628597], ""quaternion"": [0.9999891069887988, 4.832095694448425e-05, 0.0006415437162940592, 0.004622985019434303], ""omega"": [0.0011876834839184187, -0.0009884574922031644, -0.00027662321703561136], ""target_before"": [0.0, 0.0, 1.0], ""target_after"": [0.0, 0.0, 1.0], ""p_cmd_before"": [0.04141497361330784, -0.011721834285616814, 1.0050933748047581], ""p_cmd_after"": [0.04141497361330784, -0.011721834285616814, 1.0050933748047581], ""effectiveness_before"": [1.0, 1.0, 1.0, 1.0], ""effectiveness_after"": [1.0, 1.0, 0.7, 1.0], ""position_band_3d"": false, ""speed_band_3d"": true, ""attitude_deg"": [0.005876979348304299, 0.07348911570687076, 0.5297608263607556]}","[0.005279338068731832, 0.005279234483816536, 0.0008869793415990382]",0.007518541050729343,0.01010411841155414,0.1493231214813209,0.20067257534279004,"[0.0006224713310868383, 0.0006348460463703278, 8.71805491001731e-05]",0.0008933647120624725,0.0024128806740079047,0.026553258671806843,0.042159307495235776,,,,,,,,,,,,,,,,,,,,
motor1_70_restore-A_best-existing_no_integral,motor1_70_restore,A_best,existing_no_integral,existing,no_integral,True,60.0,horizon,,"[-0.0014376052336982277, -0.0013037028227096694]",0.0019407085968526278,0.0013277920647736718,5.987367887798056e-08,6.7808072360180216e-09,-0.13145386228838174,0.13145526857870762,0.0,0.0,0.0,0.0,0.0,0.0,0.0,0.0,0.0,0.0,0.0,0.0,False,0.10098163418390511,0.023642292913926943,8.36793097258244,2.1582070641336792,7.109510488922686,,,,"{""e_true_before"": [-0.0014091946751221968, -0.0012472155546629636, 0.0013207490473752248], ""velocity"": [3.5676140285760874e-05, 3.2943079579180396e-06, -4.5146057417549625e-06], ""xi_before"": [0.0, 0.0, 0.0], ""position"": [-0.0014091946751221968, -0.0012472155546629636, 1.0013207490473752], ""quaternion"": [0.9999993282147704, 0.00011704159297046778, -6.0193195244931806e-05, -0.001151628435131659], ""omega"": [0.0001687712517936008, -0.00025152766835442436, 4.4436097995338325e-05], ""target_before"": [0.0, 0.0, 1.0], ""target_after"": [0.0, 0.0, 1.0], ""p_cmd_before"": [0.0, 0.0, 1.0], ""p_cmd_after"": [0.0, 0.0, 1.0], ""effectiveness_before"": [1.0, 1.0, 1.0, 1.0], ""effectiveness_after"": [0.7, 1.0, 1.0, 1.0], ""position_band_3d"": true, ""speed_band_3d"": true, ""attitude_deg"": [0.013419913328181474, -0.006882181852767136, -0.13196773409179793]}","[0.0016136228262103763, 0.0016136227334188128, 0.0002711051548987375]",0.0022980546025031306,0.002961371499443258,0.04564059846780099,0.05882044175471696,"[0.00010699998135486454, 0.0001297241095117755, 1.1901029215742181e-05]",0.00016857928429958046,0.0025488522161609857,0.002504398226975287,0.04817689865360203,False,0.10031811911488446,0.026422978005614883,9.757973889225125,2.815110827293145,7.078525601907537,2.780000000000001,2.4100000000000037,3.049999999999997,"{""e_true_before"": [0.07345525135844264, -0.06832397590681469, 0.007216959566229919], ""velocity"": [-4.032406628569915e-08, 8.529797588259244e-07, 1.0677632223433028e-07], ""xi_before"": [0.0, 0.0, 0.0], ""position"": [0.07345525135844264, -0.06832397590681469, 1.00721695956623], ""quaternion"": [0.9980769425088384, 1.468051549521829e-07, -7.775159499456738e-08, -0.061987231202735305], ""omega"": [3.978915834601075e-06, 7.755406361774058e-07, 8.200017977320731e-08], ""target_before"": [0.0, 0.0, 1.0], ""target_after"": [0.0, 0.0, 1.0], ""p_cmd_before"": [0.0, 0.0, 1.0], ""p_cmd_after"": [0.0, 0.0, 1.0], ""effectiveness_before"": [0.7, 1.0, 1.0, 1.0], ""effectiveness_after"": [1.0, 1.0, 1.0, 1.0], ""position_band_3d"": false, ""speed_band_3d"": true, ""attitude_deg"": [1.7342566867723146e-05, -7.849754313957002e-06, -7.107770264581018]}","[2.7814323772614794e-08, 4.062349243296347e-08, 2.0384964743406423e-19]",4.9233167117085985e-08,5.246731872993515e-07,4.7536909884997324e-17,5.551115123125783e-17,"[0.00018255993495247877, 0.0002591964733302026, 2.2397629633012936e-05]",0.0003178247873433535,0.003887462585800296,0.00259324343804168,0.04507683391946943
motor1_70_restore-A_best-existing_integral_020,motor1_70_restore,A_best,existing_integral_020,existing,integral_020,True,60.0,horizon,,"[-0.00012860298639246127, 0.00011004014312735274]",0.00016925590450128425,6.104894452549248e-05,2.2665072311698666e-05,5.959477173623022e-06,-0.1310486088125815,0.13114909127975763,0.0,0.0,0.0,0.0,0.0,0.0,0.0,0.0,0.0,0.0,0.0,0.0,False,0.08951199664949912,0.02402428891042996,8.368769888764307,2.1582946914519905,7.284394373178379,14.3,6.34,14.3,"{""e_true_before"": [-0.0006104664401270879, -0.0004900476000064475, 0.0005719515824553767], ""velocity"": [0.00021437792211345707, 0.0001769829165344288, -0.00014423147032059265], ""xi_before"": [0.0009129955770281843, 0.0008251787729572915, -0.0008281162787875247], ""position"": [-0.0006104664401270879, -0.0004900476000064475, 1.0005719515824554], ""quaternion"": [0.9999992980492342, 0.00012113708194464992, -6.164270386599287e-05, -0.001177041640502893], ""omega"": [0.00037851806731536205, -0.0003590578180380222, 4.56231168353424e-05], ""target_before"": [0.0, 0.0, 1.0], ""target_after"": [0.0, 0.0, 1.0], ""p_cmd_before"": [0.0009129955770281843, 0.0008251787729572915, 0.9991718837212125], ""p_cmd_after"": [0.0009129955770281843, 0.0008251787729572915, 0.9991718837212125], ""effectiveness_before"": [1.0, 1.0, 1.0, 1.0], ""effectiveness_after"": [0.7, 1.0, 1.0, 1.0], ""position_band_3d"": true, ""speed_band_3d"": true, ""attitude_deg"": [0.013889591881559686, -0.007047389745057051, -0.13487992322499745]}","[0.001613627154776486, 0.0016136270617947348, 0.0002711058820984949]",0.0022980607669286653,0.0029614806450798717,0.045640720892002634,0.05882260949394147,"[0.00010690661500879856, 0.0001296659369389798, 1.1896357497489817e-05]",0.00016847493242797657,0.0025488009246131473,0.0025064745293622913,0.04820366363959472,False,0.08974696994366002,0.018690488480797907,9.757919293135739,2.815119315281327,7.079759805840977,14.310000000000002,6.039999999999999,14.32,"{""e_true_before"": [0.0003174147896777911, -0.00027982451063619156, -0.00010964344549879712], ""velocity"": [-7.365129360341123e-05, 6.5654878510668e-05, 1.5828080491006463e-05], ""xi_before"": [-0.07318267712129241, 0.06808214978445086, -0.007347506881680453], ""position"": [0.0003174147896777911, -0.00027982451063619156, 0.9998903565545012], ""quaternion"": [0.9980762731887958, 7.05385045629431e-07, 8.191208355444508e-07, -0.061998007196972627], ""omega"": [4.078970418464998e-06, 7.819182445302219e-08, 5.763902222833671e-06], ""target_before"": [0.0, 0.0, 1.0], ""target_after"": [0.0, 0.0, 1.0], ""p_cmd_before"": [-0.07318267712129241, 0.06808214978445086, 0.9926524931183196], ""p_cmd_after"": [-0.07318267712129241, 0.06808214978445086, 0.9926524931183196], ""effectiveness_before"": [0.7, 1.0, 1.0, 1.0], ""effectiveness_after"": [1.0, 1.0, 1.0, 1.0], ""position_band_3d"": true, ""speed_band_3d"": true, ""attitude_deg"": [7.48562733710411e-05, 9.869513582991187e-05, -7.109007482153805]}","[2.7838616638131285e-08, 4.063972504913724e-08, 2.0492896137187467e-19]",4.9260286523672406e-08,5.246648691893045e-07,4.7157259346988436e-17,5.551115123125783e-17,"[0.00018272058654714057, 0.00025930018800838925, 2.241139261366806e-05]",0.00031800262698317985,0.0038872529877317526,0.0025962848312194317,0.04508125004660979
motor1_70_restore-A_best-oracle_no_integral,motor1_70_restore,A_best,oracle_no_integral,oracle,no_integral,True,60.0,horizon,,"[-0.001437605651058328, -0.0013037025417775496]",0.001940708717296875,0.0013277911349250137,2.998500644588874e-08,2.8945150466390454e-09,-0.13145372304649097,0.13145449319212682,0.0,0.0,0.06,0.06,0.0,0.0,0.0,0.0,0.0,0.0,0.0,0.0,False,0.009906682809201992,0.0024095172829059486,3.5078225122294926,1.3871904902199692,0.5624553704343782,0.7599999999999998,0.10000000000000053,0.7700000000000005,"{""e_true_before"": [-0.0014091946751221968, -0.0012472155546629636, 0.0013207490473752248], ""velocity"": [3.5676140285760874e-05, 3.2943079579180396e-06, -4.5146057417549625e-06], ""xi_before"": [0.0, 0.0, 0.0], ""position"": [-0.0014091946751221968, -0.0012472155546629636, 1.0013207490473752], ""quaternion"": [0.9999993282147704, 0.00011704159297046778, -6.0193195244931806e-05, -0.001151628435131659], ""omega"": [0.0001687712517936008, -0.00025152766835442436, 4.4436097995338325e-05], ""target_before"": [0.0, 0.0, 1.0], ""target_after"": [0.0, 0.0, 1.0], ""p_cmd_before"": [0.0, 0.0, 1.0], ""p_cmd_after"": [0.0, 0.0, 1.0], ""effectiveness_before"": [1.0, 1.0, 1.0, 1.0], ""effectiveness_after"": [0.7, 1.0, 1.0, 1.0], ""position_band_3d"": true, ""speed_band_3d"": true, ""attitude_deg"": [0.013419913328181474, -0.006882181852767136, -0.13196773409179793]}","[2.852212919987193e-05, 2.8522484329240988e-05, 4.793759285030158e-06]",4.0620488604752667e-05,0.00111735024603018,0.0008070301826649952,0.022198021369317977,"[0.00013377006961730374, 0.00017769459702055042, 1.683964503059803e-05]",0.00022305464572716427,0.003035806763152362,0.0018787960882852277,0.03612823618592398,False,0.01014807026074658,0.002968169346401872,4.407315056535935,1.9821214058518182,0.45485605509156135,0.8100000000000023,0.07000000000000028,0.8100000000000023,"{""e_true_before"": [-0.0014375384752823423, -0.0013035863108399337, 0.0013277787009331465], ""velocity"": [-1.5348287793261417e-07, -4.224036029568321e-07, 5.007294955679971e-08], ""xi_before"": [0.0, 0.0, 0.0], ""position"": [-0.0014375384752823423, -0.0013035863108399337, 1.0013277787009331], ""quaternion"": [0.9999993420116478, 2.4370290905650616e-07, -1.4048513294650527e-07, -0.0011471600553696853], ""omega"": [-2.0770731200302305e-06, 8.906368485212225e-07, 2.151620588404505e-07], ""target_before"": [0.0, 0.0, 1.0], ""target_after"": [0.0, 0.0, 1.0], ""p_cmd_before"": [0.0, 0.0, 1.0], ""p_cmd_after"": [0.0, 0.0, 1.0], ""effectiveness_before"": [0.7, 1.0, 1.0, 1.0], ""effectiveness_after"": [1.0, 1.0, 1.0, 1.0], ""position_band_3d"": true, ""speed_band_3d"": true, ""attitude_deg"": [2.794474536619199e-05, -1.6066363880175708e-05, -0.13145488803320476]}","[2.8878390911906467e-08, 3.649634924005169e-08, 2.03423237686051e-19]",4.6539713895905104e-08,5.43162145883238e-07,4.759089844286814e-17,5.551115123125783e-17,"[0.00019239088565674615, 0.00023701039374385028, 2.3098392281420158e-05]",0.00030614002572742734,0.004057689511992147,0.0025526366269086036,0.04893400488033128
motor1_70_restore-A_best-oracle_integral_020,motor1_70_restore,A_best,oracle_integral_020,oracle,integral_020,True,60.0,horizon,,"[1.1049521100062915e-06, -1.930115083629953e-06]",2.2240196495227322e-06,3.166822762223909e-07,2.9208266779844676e-07,7.025362723937553e-08,-0.13146444500068866,0.13146714571567847,0.06,0.06,0.06,0.06,0.0,0.0,0.0,0.0,0.0,0.0,0.0,0.0,False,0.009781340054047636,0.0028150053751194726,3.5083506168788707,1.3871760450262005,0.5654110337489476,0.7700000000000005,0.10000000000000053,0.7700000000000005,"{""e_true_before"": [-0.0006104664401270879, -0.0004900476000064475, 0.0005719515824553767], ""velocity"": [0.00021437792211345707, 0.0001769829165344288, -0.00014423147032059265], ""xi_before"": [0.0009129955770281843, 0.0008251787729572915, -0.0008281162787875247], ""position"": [-0.0006104664401270879, -0.0004900476000064475, 1.0005719515824554], ""quaternion"": [0.9999992980492342, 0.00012113708194464992, -6.164270386599287e-05, -0.001177041640502893], ""omega"": [0.00037851806731536205, -0.0003590578180380222, 4.56231168353424e-05], ""target_before"": [0.0, 0.0, 1.0], ""target_after"": [0.0, 0.0, 1.0], ""p_cmd_before"": [0.0009129955770281843, 0.0008251787729572915, 0.9991718837212125], ""p_cmd_after"": [0.0009129955770281843, 0.0008251787729572915, 0.9991718837212125], ""effectiveness_before"": [1.0, 1.0, 1.0, 1.0], ""effectiveness_after"": [0.7, 1.0, 1.0, 1.0], ""position_band_3d"": true, ""speed_band_3d"": true, ""attitude_deg"": [0.013889591881559686, -0.007047389745057051, -0.13487992322499745]}","[2.8526291916551462e-05, 2.8526646554196996e-05, 4.79445860946571e-06]",4.062641662138433e-05,0.0011174570007231315,0.0008071479140514501,0.02220014125510994,"[0.00013373426644127105, 0.00017767196571212524, 1.683671055291364e-05]",0.000223014923811923,0.0030357389914174356,0.0018786419214862954,0.036129591337043854,False,0.010194891323329262,0.0028961091765559166,4.407311836761945,1.9821030124180428,0.4548534023917534,0.8200000000000003,0.07000000000000028,0.8200000000000003,"{""e_true_before"": [-5.1339355779838e-06, 6.025362171754422e-07, 3.467036411519686e-06], ""velocity"": [1.3781139051356232e-06, 1.697968811562413e-08, -7.370428686277904e-07], ""xi_before"": [0.0014332340475327252, 0.0013040798322235204, -0.001324466007765341], ""position"": [-5.1339355779838e-06, 6.025362171754422e-07, 1.0000034670364115], ""quaternion"": [0.9999993419891092, 3.1243763465493816e-07, -1.7818168418540553e-07, -0.0011471796805084483], ""omega"": [3.2404033205690105e-07, -6.259379137056844e-07, 9.557755619051055e-08], ""target_before"": [0.0, 0.0, 1.0], ""target_after"": [0.0, 0.0, 1.0], ""p_cmd_before"": [0.0014332340475327252, 0.0013040798322235204, 0.9986755339922346], ""p_cmd_after"": [0.0014332340475327252, 0.0013040798322235204, 0.9986755339922346], ""effectiveness_before"": [0.7, 1.0, 1.0, 1.0], ""effectiveness_after"": [1.0, 1.0, 1.0, 1.0], ""position_band_3d"": true, ""speed_band_3d"": true, ""attitude_deg"": [3.582611534389891e-05, -2.0377031397465633e-05, -0.1314571369123875]}","[2.8883002973047487e-08, 3.6500665889221454e-08, 2.0347163223831965e-19]",4.6545960846217776e-08,5.431608177618783e-07,4.76124767248397e-17,5.551115123125783e-17,"[0.0001924200920744583, 0.0002370377672719345, 2.3102224814828358e-05]",0.00030617986174567803,0.004057689181517934,0.00255280769737495,0.048934026897743954
motor1_70_restore-B_best-existing_no_integral,motor1_70_restore,B_best,existing_no_integral,existing,no_integral,True,60.0,horizon,,"[0.0015417356124657938, -0.0005826225977911498]",0.0016481498081795185,0.0017659365466963462,2.8777441760925303e-09,1.1823947173533966e-09,0.9775560893621974,0.9775562237693165,0.0,0.0,0.0,0.0,0.0,0.0,0.0,0.0,0.0,0.0,0.0,0.0,False,0.17318531119267647,0.046071110991678266,7.199346157589455,2.0128729991589593,3.7720212343824295,,,,"{""e_true_before"": [0.0015482145214979813, -0.0005971131385883105, 0.0017721142394884204], ""velocity"": [4.174275810284395e-05, -5.3340872510981795e-06, -3.864150140362584e-05], ""xi_before"": [0.0, 0.0, 0.0], ""position"": [0.0015482145214979813, -0.0005971131385883105, 1.0017721142394884], ""quaternion"": [0.9999636366943792, -6.026181038554057e-06, 6.488236851855531e-07, 0.008527910190430883], ""omega"": [-6.732122889991773e-05, 0.00043093613232029836, -1.163689537614689e-05], ""target_before"": [0.0, 0.0, 1.0], ""target_after"": [0.0, 0.0, 1.0], ""p_cmd_before"": [0.0, 0.0, 1.0], ""p_cmd_after"": [0.0, 0.0, 1.0], ""effectiveness_before"": [1.0, 1.0, 1.0, 1.0], ""effectiveness_after"": [0.7, 1.0, 1.0, 1.0], ""position_band_3d"": true, ""speed_band_3d"": true, ""attitude_deg"": [-0.0006898903218228394, 8.023595796607492e-05, 0.9772383687200467]}","[0.0016135466283301648, 0.0016135465912884444, 0.0002710923372044534]",0.002297946121941319,0.0028136903007311568,0.045638440606810646,0.055885804127763394,"[0.00013779510243320882, 0.0001443642141210207, 1.1336226475136285e-05]",0.00019989253763974014,0.00279081224013545,0.004039953438922424,0.07856001871173512,False,0.17311638869427018,0.028848692212471327,7.965383475484054,2.5905189860067805,3.582857185561735,3.530000000000001,2.9200000000000017,3.6899999999999977,"{""e_true_before"": [0.07684040932001615, -0.15512906583409658, -0.012806722231466727], ""velocity"": [8.746609206217816e-09, 3.8681673565086775e-08, 7.870606986450577e-09], ""xi_before"": [0.0, 0.0, 0.0], ""position"": [0.07684040932001615, -0.15512906583409658, 0.9871932777685333], ""quaternion"": [0.999503237544145, 1.6786636198865413e-09, -2.040929473790444e-09, -0.031516315437760074], ""omega"": [3.3343431393949355e-07, -4.4585968218506157e-07, -9.302617719861685e-09], ""target_before"": [0.0, 0.0, 1.0], ""target_after"": [0.0, 0.0, 1.0], ""p_cmd_before"": [0.0, 0.0, 1.0], ""p_cmd_after"": [0.0, 0.0, 1.0], ""effectiveness_before"": [0.7, 1.0, 1.0, 1.0], ""effectiveness_after"": [1.0, 1.0, 1.0, 1.0], ""position_band_3d"": false, ""speed_band_3d"": true, ""attitude_deg"": [1.996359481072897e-07, -2.2769461088491934e-07, -3.6121018594473497]}","[3.408491789213191e-08, 4.6481166413958796e-08, 1.990579752001495e-19]",5.7639226737661826e-08,6.093620160294824e-07,4.787065743398099e-17,1.1102230246251565e-16,"[0.00022141647527666034, 0.00030143100006966124, 2.0264972315913935e-05]",0.000374561840594985,0.004445672676054295,0.0033964087442683354,0.05757980098414245
motor1_70_restore-B_best-existing_integral_020,motor1_70_restore,B_best,existing_integral_020,existing,integral_020,True,60.0,horizon,,"[-0.00010357232012000204, 0.00011467459924599725]",0.00015452342607925263,0.00011038734011334261,2.380200758904943e-05,1.2504188818687195e-05,0.9776393806165503,0.977650014095261,0.0,0.0,0.0,0.0,0.0,0.0,0.0,0.0,0.0,0.0,0.0,0.0,False,0.13964027104078922,0.0465418647154926,7.19967526103425,2.0128591046758952,3.7873113768286317,15.830000000000002,2.54,15.91,"{""e_true_before"": [0.0005108423661164509, -0.00025202316783788355, 0.0006509160961618576], ""velocity"": [-8.00055954296513e-05, 7.068142595771216e-05, -0.00020101972487652277], ""xi_before"": [-0.0011037807977765754, 0.00043433179351162917, -0.001229508993651663], ""position"": [0.0005108423661164509, -0.00025202316783788355, 1.0006509160961619], ""quaternion"": [0.9999634698220063, -3.758461549635929e-06, 3.504509803420606e-06, 0.00854745547669598], ""omega"": [-8.071628980416013e-05, 0.0004232959872726842, -2.172974571736637e-05], ""target_before"": [0.0, 0.0, 1.0], ""target_after"": [0.0, 0.0, 1.0], ""p_cmd_before"": [-0.0011037807977765754, 0.00043433179351162917, 0.9987704910063483], ""p_cmd_after"": [-0.0011037807977765754, 0.00043433179351162917, 0.9987704910063483], ""effectiveness_before"": [1.0, 1.0, 1.0, 1.0], ""effectiveness_after"": [0.7, 1.0, 1.0, 1.0], ""position_band_3d"": true, ""speed_band_3d"": true, ""attitude_deg"": [-0.00042723968634819865, 0.0004052538581816046, 0.9794781741454198]}","[0.001613551925662289, 0.0016135518888176499, 0.0002710932272191323]",0.0022979536663213147,0.0028137835996493456,0.04563859044093126,0.055887656873261304,"[0.00013762713439199133, 0.00014444921316330984, 1.133736704913934e-05]",0.00019983828260885988,0.0027908249280934085,0.004040039724298103,0.07859388162209308,False,0.13662714192353345,0.04079257198175856,7.965147757149833,2.590509584559822,3.582988514494892,15.86,2.6799999999999997,15.950000000000003,"{""e_true_before"": [0.0002733752254077383, -0.0003479624734579228, -0.0002310392606249545], ""velocity"": [-6.684465333147368e-05, 9.672385696000476e-05, 4.304008170635569e-05], ""xi_before"": [-0.07661856001580351, 0.15488150169369067, 0.012571177366105173], ""position"": [0.0002733752254077383, -0.0003479624734579228, 0.999768960739375], ""quaternion"": [0.9995032015627154, 1.3282846764786388e-06, 8.592753302178566e-07, -0.03151745648650971], ""omega"": [-6.923746016567209e-07, -5.579792997445504e-07, 1.904206573694682e-07], ""target_before"": [0.0, 0.0, 1.0], ""target_after"": [0.0, 0.0, 1.0], ""p_cmd_before"": [-0.07661856001580351, 0.15488150169369067, 1.0125711773661052], ""p_cmd_after"": [-0.07661856001580351, 0.15488150169369067, 1.0125711773661052], ""effectiveness_before"": [0.7, 1.0, 1.0, 1.0], ""effectiveness_after"": [1.0, 1.0, 1.0, 1.0], ""position_band_3d"": true, ""speed_band_3d"": true, ""attitude_deg"": [0.00014903120570683299, 0.000103214060847315, -3.6122326788613726]}","[3.409804481659326e-08, 4.636200504608618e-08, 2.0430678516494686e-19]",5.75509528349256e-08,6.093591534376291e-07,4.795640879233568e-17,5.551115123125783e-17,"[0.00022149655717635186, 0.00030066609068880076, 2.02529632213517e-05]",0.00037399332273493045,0.004445674727769689,0.0034029376970828563,0.0576711608225437
motor1_70_restore-B_best-oracle_no_integral,motor1_70_restore,B_best,oracle_no_integral,oracle,no_integral,True,60.0,horizon,,"[0.0015417352515413507, -0.0005826218756762897]",0.0016481492152902388,0.0017659363367670022,3.742502651878045e-09,1.4116538654794464e-09,0.9775560583743658,0.9775562747795238,0.0,0.0,0.05,0.05,0.0,0.0,0.0,0.0,0.0,0.0,0.0,0.0,False,0.01076849085868419,0.0031948291472265744,2.9964682057756957,1.2785346626501464,0.9892171993154065,1.4699999999999998,0.6100000000000003,1.4900000000000002,"{""e_true_before"": [0.0015482145214979813, -0.0005971131385883105, 0.0017721142394884204], ""velocity"": [4.174275810284395e-05, -5.3340872510981795e-06, -3.864150140362584e-05], ""xi_before"": [0.0, 0.0, 0.0], ""position"": [0.0015482145214979813, -0.0005971131385883105, 1.0017721142394884], ""quaternion"": [0.9999636366943792, -6.026181038554057e-06, 6.488236851855531e-07, 0.008527910190430883], ""omega"": [-6.732122889991773e-05, 0.00043093613232029836, -1.163689537614689e-05], ""target_before"": [0.0, 0.0, 1.0], ""target_after"": [0.0, 0.0, 1.0], ""p_cmd_before"": [0.0, 0.0, 1.0], ""p_cmd_after"": [0.0, 0.0, 1.0], ""effectiveness_before"": [1.0, 1.0, 1.0, 1.0], ""effectiveness_after"": [0.7, 1.0, 1.0, 1.0], ""position_band_3d"": true, ""speed_band_3d"": true, ""attitude_deg"": [-0.0006898903218228394, 8.023595796607492e-05, 0.9772383687200467]}","[1.3702179838021232e-05, 1.3701828008125954e-05, 2.30386649495776e-06]",1.951403658663014e-05,0.0005974474707669911,0.0003878563122824409,0.011873807837650907,"[0.00016880149848802283, 0.00027751573085970434, 1.5761043497971813e-05]",0.00032520353205114916,0.003459877443442685,0.00267543651085381,0.044875522988786054,False,0.010185990216110268,0.005194520696988336,3.851135852231451,1.849413924582639,1.465146002378965,1.6700000000000017,0.620000000000001,1.6700000000000017,"{""e_true_before"": [0.0015417355809241372, -0.0005826194672171387, 0.0017659368556943722], ""velocity"": [1.3842400130503813e-09, -9.2358100552029e-09, -4.324392709019629e-09], ""xi_before"": [0.0, 0.0, 0.0], ""position"": [0.0015417355809241372, -0.0005826194672171387, 1.0017659368556944], ""quaternion"": [0.9999636130752875, 8.848867912182329e-09, 4.320880386206166e-09, 0.008530681415741379], ""omega"": [-1.4265784638062154e-07, 7.512886395985376e-07, -1.506902224888276e-08], ""target_before"": [0.0, 0.0, 1.0], ""target_after"": [0.0, 0.0, 1.0], ""p_cmd_before"": [0.0, 0.0, 1.0], ""p_cmd_after"": [0.0, 0.0, 1.0], ""effectiveness_before"": [0.7, 1.0, 1.0, 1.0], ""effectiveness_after"": [1.0, 1.0, 1.0, 1.0], ""position_band_3d"": true, ""speed_band_3d"": true, ""attitude_deg"": [1.0181925241840774e-06, 4.864682448606379e-07, 0.9775559397655615]}","[3.303980429574365e-08, 4.874539742972004e-08, 2.0100979091311913e-19]",5.8887540604804e-08,6.104549348828919e-07,4.8052696157350734e-17,5.551115123125783e-17,"[0.00021724030105543476, 0.0003177773090318938, 2.060264308829662e-05]",0.0003854870107285499,0.004564421281921976,0.003767248710684671,0.06166567604194062
motor1_70_restore-B_best-oracle_integral_020,motor1_70_restore,B_best,oracle_integral_020,oracle,integral_020,True,60.0,horizon,,"[1.3535213687900063e-07, -1.937816566528546e-06]",1.9425378365607698e-06,-1.2044212343964576e-07,2.9249193114390524e-07,1.681042411546373e-09,0.9775557121807386,0.9775558719259809,0.05,0.05,0.05,0.05,0.0,0.0,0.0,0.0,0.0,0.0,0.0,0.0,False,0.009805836770730663,0.003894971479425302,2.9968637728225884,1.2784870808800808,0.9909453910331977,0.8399999999999999,0.6100000000000003,1.04,"{""e_true_before"": [0.0005108423661164509, -0.00025202316783788355, 0.0006509160961618576], ""velocity"": [-8.00055954296513e-05, 7.068142595771216e-05, -0.00020101972487652277], ""xi_before"": [-0.0011037807977765754, 0.00043433179351162917, -0.001229508993651663], ""position"": [0.0005108423661164509, -0.00025202316783788355, 1.0006509160961619], ""quaternion"": [0.9999634698220063, -3.758461549635929e-06, 3.504509803420606e-06, 0.00854745547669598], ""omega"": [-8.071628980416013e-05, 0.0004232959872726842, -2.172974571736637e-05], ""target_before"": [0.0, 0.0, 1.0], ""target_after"": [0.0, 0.0, 1.0], ""p_cmd_before"": [-0.0011037807977765754, 0.00043433179351162917, 0.9987704910063483], ""p_cmd_after"": [-0.0011037807977765754, 0.00043433179351162917, 0.9987704910063483], ""effectiveness_before"": [1.0, 1.0, 1.0, 1.0], ""effectiveness_after"": [0.7, 1.0, 1.0, 1.0], ""position_band_3d"": true, ""speed_band_3d"": true, ""attitude_deg"": [-0.00042723968634819865, 0.0004052538581816046, 0.9794781741454198]}","[1.3704940060900515e-05, 1.370458855193948e-05, 2.3043302224531714e-06]",1.951796780469073e-05,0.0005975281400832755,0.00038793438088436164,0.011875409712176543,"[0.00016877974601512107, 0.0002775656218104415, 1.5762548669233303e-05]",0.0003252348920649461,0.0034598634433029387,0.0026748565624580127,0.04488729308413153,False,0.011299491647318215,0.003394687245269923,3.8511374399313065,1.8494117570843793,1.4651521444493087,1.4800000000000004,0.629999999999999,1.4800000000000004,"{""e_true_before"": [-2.6449251662591225e-06, 3.484008761062471e-06, 4.733546608015615e-06], ""velocity"": [6.745057226950313e-07, -9.858994685457375e-07, -9.816573871258174e-07], ""xi_before"": [-0.0015437882978108915, 0.0005850773025581278, -0.0017614174929402738], ""position"": [-2.6449251662591225e-06, 3.484008761062471e-06, 1.000004733546608], ""quaternion"": [0.99996361259213, -1.607161728283612e-08, -6.985131894849922e-09, 0.008530738051095636], ""omega"": [1.4269122245494532e-07, -1.9008824240104898e-07, -4.7866927578886385e-09], ""target_before"": [0.0, 0.0, 1.0], ""target_after"": [0.0, 0.0, 1.0], ""p_cmd_before"": [-0.0015437882978108915, 0.0005850773025581278, 0.9982385825070598], ""p_cmd_after"": [-0.0015437882978108915, 0.0005850773025581278, 0.9982385825070598], ""effectiveness_before"": [0.7, 1.0, 1.0, 1.0], ""effectiveness_after"": [1.0, 1.0, 1.0, 1.0], ""position_band_3d"": true, ""speed_band_3d"": true, ""attitude_deg"": [-1.8484329865391667e-06, -7.8469720931848e-07, 0.9775624299352693]}","[3.3042613334653955e-08, 4.8735499507824776e-08, 2.0284055801071352e-19]",5.888092397594292e-08,6.104543151169388e-07,4.809542866571309e-17,5.551115123125783e-17,"[0.00021725747095824706, 0.0003177143563655446, 2.0601036233869246e-05]",0.0003854447089037005,0.004564419598653244,0.003767764954873737,0.06164420175875096
combined_motor1_70_restore-A_best-existing_no_integral,combined_motor1_70_restore,A_best,existing_no_integral,existing,no_integral,True,60.0,horizon,,"[0.07157322940663147, -0.006551995133093362]",0.07187249688106274,-0.018575544488758877,4.5049186826214533e-08,3.032608166341233e-09,-1.111460524558729,1.1114613090247991,0.0,0.0,0.52,0.3,0.0,0.0,0.0,0.0,0.0,0.0,0.0,0.0,False,0.205387735633039,0.06455077742342186,11.83426628356191,2.598517228313147,9.799874579883378,,,,"{""e_true_before"": [0.07137042565165382, -0.007120558092874054, -0.018611378924196065], ""velocity"": [0.0010031939577124288, 0.0032049766850284823, -0.00022254001319841748], ""xi_before"": [0.0, 0.0, 0.0], ""position"": [0.07137042565165382, -0.007120558092874054, 0.9813886210758039], ""quaternion"": [0.9999530995447286, -0.001106020009206545, 0.00037472799072050904, -0.009614312745198174], ""omega"": [0.024205272918455006, -0.0068567864036289785, -0.0009799198391470306], ""target_before"": [0.0, 0.0, 1.0], ""target_after"": [0.0, 0.0, 1.0], ""p_cmd_before"": [0.0, 0.0, 1.0], ""p_cmd_after"": [0.0, 0.0, 1.0], ""effectiveness_before"": [1.0, 1.0, 1.0, 1.0], ""effectiveness_after"": [0.7, 1.0, 1.0, 1.0], ""position_band_3d"": false, ""speed_band_3d"": true, ""attitude_deg"": [-0.1271475960246705, 0.04172013106328087, -1.1017831028033849]}","[0.0019804044515558663, 0.001980196593880987, 0.0003327282245160106]",0.0028202638907644335,0.0047905553298666585,0.05601485261212283,0.095146348662147,"[0.00010266673408815219, 0.00010861600240887194, 1.3417300066860936e-05]",0.0001500597154758585,0.0026817819345678275,0.003534233726718664,0.05518210097431836,False,0.19061148740792785,0.01862370340671049,11.971954855861306,3.1971521602665147,9.754016468114132,,,,"{""e_true_before"": [0.16873168280581524, -0.08866958745968063, -0.01276178934513672], ""velocity"": [1.0487662700085667e-06, -2.8174379489425285e-05, -2.175372702480404e-06], ""xi_before"": [0.0, 0.0, 0.0], ""position"": [0.16873168280581524, -0.08866958745968063, 0.9872382106548633], ""quaternion"": [0.9963560485172205, -1.6985263548253383e-06, 4.873432740637168e-06, -0.08529140962907604], ""omega"": [-0.0001350802119007598, -3.3841993494175515e-05, -2.8607126764944667e-06], ""target_before"": [0.0, 0.0, 1.0], ""target_after"": [0.0, 0.0, 1.0], ""p_cmd_before"": [0.0, 0.0, 1.0], ""p_cmd_after"": [0.0, 0.0, 1.0], ""effectiveness_before"": [0.7, 1.0, 1.0, 1.0], ""effectiveness_after"": [1.0, 1.0, 1.0, 1.0], ""position_band_3d"": false, ""speed_band_3d"": true, ""attitude_deg"": [-0.00024155888673367876, 0.0005398184297624443, -9.78556453294008]}","[3.320249927246132e-08, 2.1131665277532708e-07, 2.4022269686623925e-19]",2.139091716081986e-07,6.532607524430268e-07,4.6796482155156847e-17,5.551115123125783e-17,"[0.00021849923402414176, 0.0002480969934147796, 2.0873255143863676e-05]",0.0003312547753480583,0.004114817449539542,0.0036520957126641943,0.05462086689820611
combined_motor1_70_restore-A_best-existing_integral_020,combined_motor1_70_restore,A_best,existing_integral_020,existing,integral_020,True,60.0,horizon,,"[-0.00016674361383432908, 0.00013506298943912945]",0.00021458202131298477,7.994616197846139e-05,2.876416779336665e-05,7.91433385655557e-06,-1.1109627609526493,1.1110876856300318,0.51,0.3,0.51,0.3,0.0,0.0,0.0,0.0,0.0,0.0,0.0,0.0,False,0.16159028006999823,0.05043095555393318,11.797378243438354,2.588868744862274,10.066047361341308,15.93,5.26,15.990000000000002,"{""e_true_before"": [0.030596311604263293, -0.0033680752590126667, -0.005205204791041695], ""velocity"": [-0.006307261824128612, 0.0034931367202599745, 0.0006045714876930609], ""xi_before"": [-0.04524634942841802, 0.004150489628068781, 0.012305672068994583], ""position"": [0.030596311604263293, -0.0033680752590126667, 0.9947947952089583], ""quaternion"": [0.9999485727830757, -0.0012459455836649523, 0.0004890096653610638, -0.010052874128317393], ""omega"": [0.02191214302466392, -0.006135205596006028, -0.0008945856120314711], ""target_before"": [0.0, 0.0, 1.0], ""target_after"": [0.0, 0.0, 1.0], ""p_cmd_before"": [-0.04524634942841802, 0.004150489628068781, 1.0123056720689947], ""p_cmd_after"": [-0.04524634942841802, 0.004150489628068781, 1.0123056720689947], ""effectiveness_before"": [1.0, 1.0, 1.0, 1.0], ""effectiveness_after"": [0.7, 1.0, 1.0, 1.0], ""position_band_3d"": false, ""speed_band_3d"": true, ""attitude_deg"": [-0.14333104562518287, 0.054598208836023523, -1.1520632464693223]}","[0.001980100632327574, 0.0019798927747429955, 0.0003326771789460742]",0.0028198312039934338,0.004782948408327457,0.05600625908183099,0.09499526094554045,"[0.00010271679336969483, 0.00010803251154336669, 1.3355468488790852e-05]",0.0001496667355462642,0.0026845532051998668,0.0035170511369827886,0.055131026963768426,False,0.11346151323194945,0.02337682259896945,11.971366038898228,3.1971613156990535,9.755446459873088,15.36,6.399999999999999,15.369999999999997,"{""e_true_before"": [0.0004977581529707034, -0.0003507196921251883, -0.00021971739628690035], ""velocity"": [-0.00012419078635445327, 5.3786267417441384e-05, 3.9508067689975026e-05], ""xi_before"": [-0.1683078687595344, 0.08836481930269742, 0.01252112192560885], ""position"": [0.0004977581529707034, -0.0003507196921251883, 0.9997802826037131], ""quaternion"": [0.9963549813289729, 4.865076058420953e-06, 6.883285384818328e-06, -0.08530387511651169], ""omega"": [-0.00014552575382102462, 4.486556843977521e-06, 8.581644635863035e-06], ""target_before"": [0.0, 0.0, 1.0], ""target_after"": [0.0, 0.0, 1.0], ""p_cmd_before"": [-0.1683078687595344, 0.08836481930269742, 1.012521121925609], ""p_cmd_after"": [-0.1683078687595344, 0.08836481930269742, 1.012521121925609], ""effectiveness_before"": [0.7, 1.0, 1.0, 1.0], ""effectiveness_after"": [1.0, 1.0, 1.0, 1.0], ""position_band_3d"": true, ""speed_band_3d"": true, ""attitude_deg"": [0.00048817973389588237, 0.0008334479598663896, -9.786998193077887]}","[3.322883061880649e-08, 2.1131743398109113e-07, 2.468216803930094e-19]",2.139140320050224e-07,6.530843798188059e-07,4.6807455653292236e-17,5.551115123125783e-17,"[0.0002186722755278909, 0.00024810936322089807, 2.0867311840492212e-05]",0.00033137782802395777,0.004114791373295208,0.003653379456513364,0.05462661877666203
combined_motor1_70_restore-A_best-oracle_no_integral,combined_motor1_70_restore,A_best,oracle_no_integral,oracle,no_integral,True,60.0,horizon,,"[0.07157322763932603, -0.006551999996083093]",0.0718724955644331,-0.018575542485994048,1.9541181441836848e-08,1.8854608321877256e-09,-1.1114604267181445,1.1114608101665664,0.0,0.0,0.33,0.24,0.0,0.0,0.0,0.0,0.0,0.0,0.0,0.0,False,0.11282128437958282,0.03395507420825672,8.013209250020436,1.7523357357440315,3.0944133591555536,,,,"{""e_true_before"": [0.07137042565165382, -0.007120558092874054, -0.018611378924196065], ""velocity"": [0.0010031939577124288, 0.0032049766850284823, -0.00022254001319841748], ""xi_before"": [0.0, 0.0, 0.0], ""position"": [0.07137042565165382, -0.007120558092874054, 0.9813886210758039], ""quaternion"": [0.9999530995447286, -0.001106020009206545, 0.00037472799072050904, -0.009614312745198174], ""omega"": [0.024205272918455006, -0.0068567864036289785, -0.0009799198391470306], ""target_before"": [0.0, 0.0, 1.0], ""target_after"": [0.0, 0.0, 1.0], ""p_cmd_before"": [0.0, 0.0, 1.0], ""p_cmd_after"": [0.0, 0.0, 1.0], ""effectiveness_before"": [1.0, 1.0, 1.0, 1.0], ""effectiveness_after"": [0.7, 1.0, 1.0, 1.0], ""position_band_3d"": false, ""speed_band_3d"": true, ""attitude_deg"": [-0.1271475960246705, 0.04172013106328087, -1.1017831028033849]}","[0.00013920423535481604, 0.0001391840004235134, 2.338869143729251e-05]",0.00019823480017837743,0.0030615349857087406,0.003937490140958417,0.06081010645966184,"[9.879500507401684e-05, 9.673244590102896e-05, 1.124764502238488e-05]",0.0001387232087147645,0.002417312213913333,0.0028021661911891474,0.03959219273916803,False,0.07502537139006318,0.022633111566105146,5.099738761525284,2.082534691766403,1.116369094438025,,,,"{""e_true_before"": [0.07157328460194455, -0.006551848237548281, -0.018575543675823036], ""velocity"": [-4.708834585060916e-07, -1.2715281272049677e-06, 9.404705601462004e-08], ""xi_before"": [0.0, 0.0, 0.0], ""position"": [0.07157328460194455, -0.006551848237548281, 0.981424456324177], ""quaternion"": [0.9999529619623052, 2.84856920410602e-07, -1.0621564984319453e-07, -0.00969916814578107], ""omega"": [-5.732351018952933e-06, 2.011589546185894e-06, 3.0299384700850624e-07], ""target_before"": [0.0, 0.0, 1.0], ""target_after"": [0.0, 0.0, 1.0], ""p_cmd_before"": [0.0, 0.0, 1.0], ""p_cmd_after"": [0.0, 0.0, 1.0], ""effectiveness_before"": [0.7, 1.0, 1.0, 1.0], ""effectiveness_after"": [1.0, 1.0, 1.0, 1.0], ""position_band_3d"": false, ""speed_band_3d"": true, ""attitude_deg"": [3.275871580344488e-05, -1.1854242215982575e-05, -1.1114602261093773]}","[4.054183563792306e-08, 2.10438230488049e-07, 2.4482294584648894e-19]",2.1430793099611194e-07,6.25414834230714e-07,4.6917049471433994e-17,1.1102230246251565e-16,"[0.00026855787943152754, 0.0002240837332831076, 2.2544958487792753e-05]",0.0003504926950452381,0.0046888603140640365,0.003872516892153292,0.059066793067886314
combined_motor1_70_restore-A_best-oracle_integral_020,combined_motor1_70_restore,A_best,oracle_integral_020,oracle,integral_020,True,60.0,horizon,,"[1.886886525707343e-07, -2.5236606419554425e-06]",2.530704732552558e-06,8.15770827848894e-07,3.291839360331774e-07,1.352641016581533e-07,-1.1114731016643444,1.1114765847976358,0.33,0.24,0.33,0.24,0.0,0.0,0.0,0.0,0.0,0.0,0.0,0.0,False,0.07130489021774154,0.020219254038809087,7.951887336425499,1.741826488469462,3.128699349313135,7.1899999999999995,1.2199999999999998,7.75,"{""e_true_before"": [0.030596311604263293, -0.0033680752590126667, -0.005205204791041695], ""velocity"": [-0.006307261824128612, 0.0034931367202599745, 0.0006045714876930609], ""xi_before"": [-0.04524634942841802, 0.004150489628068781, 0.012305672068994583], ""position"": [0.030596311604263293, -0.0033680752590126667, 0.9947947952089583], ""quaternion"": [0.9999485727830757, -0.0012459455836649523, 0.0004890096653610638, -0.010052874128317393], ""omega"": [0.02191214302466392, -0.006135205596006028, -0.0008945856120314711], ""target_before"": [0.0, 0.0, 1.0], ""target_after"": [0.0, 0.0, 1.0], ""p_cmd_before"": [-0.04524634942841802, 0.004150489628068781, 1.0123056720689947], ""p_cmd_after"": [-0.04524634942841802, 0.004150489628068781, 1.0123056720689947], ""effectiveness_before"": [1.0, 1.0, 1.0, 1.0], ""effectiveness_after"": [0.7, 1.0, 1.0, 1.0], ""position_band_3d"": false, ""speed_band_3d"": true, ""attitude_deg"": [-0.14333104562518287, 0.054598208836023523, -1.1520632464693223]}","[0.00013869138807773122, 0.00013867129843338097, 2.3302529983466084e-05]",0.00019750452663105884,0.0030589907373597823,0.003922984845701444,0.06075957471992721,"[9.892523996467661e-05, 9.658095693041506e-05, 1.1247778805232296e-05]",0.00013871047859377827,0.002418243392143788,0.0027944941509432416,0.03957249562868753,False,0.011911182934137626,0.004269830394771246,5.09970007417094,2.0824938086906513,1.1189960722410965,1.6999999999999993,0.5300000000000011,1.7200000000000024,"{""e_true_before"": [7.538266587347111e-05, 1.626807491769096e-06, -5.2590301057642286e-05], ""velocity"": [-1.814551122186043e-05, -8.005526882216336e-07, 1.1157994788019736e-05], ""xi_before"": [-0.07151014497402088, 0.0065535373038332154, 0.018526084123458252], ""position"": [7.538266587347111e-05, 1.626807491769096e-06, 0.9999474096989424], ""quaternion"": [0.9999529668607994, 5.057753779376848e-07, 3.549210479461578e-08, -0.009698663105196745], ""omega"": [-3.2777370701993077e-06, 7.59909180592291e-07, 1.4690942414449454e-07], ""target_before"": [0.0, 0.0, 1.0], ""target_after"": [0.0, 0.0, 1.0], ""p_cmd_before"": [-0.07151014497402088, 0.0065535373038332154, 1.0185260841234582], ""p_cmd_after"": [-0.07151014497402088, 0.0065535373038332154, 1.0185260841234582], ""effectiveness_before"": [0.7, 1.0, 1.0, 1.0], ""effectiveness_after"": [1.0, 1.0, 1.0, 1.0], ""position_band_3d"": true, ""speed_band_3d"": true, ""attitude_deg"": [5.79154177573324e-05, 4.629015464087678e-06, -1.1114023499935741]}","[4.0549110879191456e-08, 2.1043875779308115e-07, 2.4341637261126643e-19]",2.1430982519377855e-07,6.25369412150655e-07,4.6785506083197463e-17,5.551115123125783e-17,"[0.00026860355656333255, 0.00022410517109587428, 2.2545565163955503e-05]",0.00035054143951742425,0.00468886629738602,0.0038725889406812752,0.059066780181721734
combined_motor1_70_restore-B_best-existing_no_integral,combined_motor1_70_restore,B_best,existing_no_integral,existing,no_integral,True,60.0,horizon,,"[0.07835245098883713, -0.020855820722605053]",0.08108065018222022,-0.03303955296339,5.796805350644401e-09,8.065019336282263e-10,1.054055649550076,1.0540558246097291,0.0,0.0,0.29,0.17,0.0,0.0,0.0,0.0,0.0,0.0,0.0,0.0,False,0.2775421318432247,0.10324001498628488,9.140615360751957,2.2891398854476113,4.912312866536228,,,,"{""e_true_before"": [0.07839695612309584, -0.02064546572781805, -0.03318262448501186], ""velocity"": [0.00071532026874116, -0.0005168254144965365, -0.00027066691296146893], ""xi_before"": [0.0, 0.0, 0.0], ""position"": [0.07839695612309584, -0.02064546572781805, 0.9668173755149881], ""quaternion"": [0.999958054269932, -6.869668000826109e-05, -0.00016260084795800746, 0.009157430994680138], ""omega"": [-0.0007011778898707218, -0.002928724469769733, 7.460627710318167e-05], ""target_before"": [0.0, 0.0, 1.0], ""target_after"": [0.0, 0.0, 1.0], ""p_cmd_before"": [0.0, 0.0, 1.0], ""p_cmd_after"": [0.0, 0.0, 1.0], ""effectiveness_before"": [1.0, 1.0, 1.0, 1.0], ""effectiveness_after"": [0.7, 1.0, 1.0, 1.0], ""position_band_3d"": false, ""speed_band_3d"": true, ""attitude_deg"": [-0.008042357435211181, -0.018559815586363593, 1.0493802801973027]}","[0.001960464770713021, 0.0019602566076660833, 0.0003293781020476777]",0.0027918664042561187,0.00396732621822819,0.05545085893058543,0.07879585250225868,"[0.00012835271803827715, 7.647558598264903e-05, 1.08998616579134e-05]",0.00014980568234671584,0.0028255315460913363,0.004176228036298563,0.08536980311108522,False,0.27748619409993597,0.053595323043192034,9.904432412742713,2.9682400313583157,4.6811286468134385,,,,"{""e_true_before"": [0.17649921571573476, -0.21411744147115397, -0.0536520618389249], ""velocity"": [1.5968129416820403e-08, -1.3636879301912744e-08, -2.5741855885122017e-09], ""xi_before"": [0.0, 0.0, 0.0], ""position"": [0.17649921571573476, -0.21411744147115397, 0.9463479381610751], ""quaternion"": [0.999154450578239, -4.063457087436886e-09, 3.5497880678212678e-09, -0.04111427841635343], ""omega"": [4.1857948661850015e-09, -3.6660212631461106e-07, -1.2644886774621962e-08], ""target_before"": [0.0, 0.0, 1.0], ""target_after"": [0.0, 0.0, 1.0], ""p_cmd_before"": [0.0, 0.0, 1.0], ""p_cmd_after"": [0.0, 0.0, 1.0], ""effectiveness_before"": [0.7, 1.0, 1.0, 1.0], ""effectiveness_after"": [1.0, 1.0, 1.0, 1.0], ""position_band_3d"": false, ""speed_band_3d"": true, ""attitude_deg"": [-4.819684542363208e-07, 3.8728743435491827e-07, -4.712677604129558]}","[4.104922569666374e-08, 2.099866752636624e-07, 2.441254652930665e-19]",2.1396131126580612e-07,7.01230010789402e-07,4.6774527435602164e-17,1.1102230246251565e-16,"[0.00026625544201285163, 0.00020494512945018792, 2.106237366985496e-05]",0.0003366572293467537,0.004816641083613922,0.003501369609972555,0.059490587902476744
combined_motor1_70_restore-B_best-existing_integral_020,combined_motor1_70_restore,B_best,existing_integral_020,existing,integral_020,True,60.0,horizon,,"[-0.00013621081258047296, 0.000141419452818165]",0.00019634878940095844,0.00014363149196313873,3.0183649068017102e-05,1.6352918726775915e-05,1.0541545432409873,1.054166267937475,0.29,0.17,0.29,0.17,0.0,0.0,0.0,0.0,0.0,0.0,0.0,0.0,False,0.2012438615057402,0.079337403210053,9.139044384551937,2.2878916239404834,4.918763661367933,16.990000000000002,5.08,17.2,"{""e_true_before"": [0.03507770825818547, -0.013047556079409346, -0.011312312603020014], ""velocity"": [-0.007741618076226109, 0.0028343153513204263, 0.002052368027334816], ""xi_before"": [-0.04960915086576503, 0.012501384048377145, 0.021431324507415576], ""position"": [0.03507770825818547, -0.013047556079409346, 0.98868768739698], ""quaternion"": [0.9999558991209014, -3.21133455465682e-05, -5.257284632974829e-05, 0.009391273509937426], ""omega"": [-0.0008082817821660395, -0.0030607713763808127, 3.941382829019431e-05], ""target_before"": [0.0, 0.0, 1.0], ""target_after"": [0.0, 0.0, 1.0], ""p_cmd_before"": [-0.04960915086576503, 0.012501384048377145, 1.0214313245074156], ""p_cmd_after"": [-0.04960915086576503, 0.012501384048377145, 1.0214313245074156], ""effectiveness_before"": [1.0, 1.0, 1.0, 1.0], ""effectiveness_after"": [0.7, 1.0, 1.0, 1.0], ""position_band_3d"": false, ""speed_band_3d"": true, ""attitude_deg"": [-0.003736332896831859, -0.005989579633199426, 1.0761766895567753]}","[0.001960464399619091, 0.0019602562395290403, 0.00032937803976577673]",0.0027918658778434053,0.003964641289468873,0.05545084844541692,0.07874251780596997,"[0.00012823453181516674, 7.657488813685773e-05, 1.0916598749890604e-05]",0.00014975640477553445,0.0028272845722544177,0.004169357668384387,0.0854030882829383,False,0.17267073849036393,0.05127772625148119,9.904117953924404,2.9682211994330587,4.681356233918057,16.75,2.950000000000003,16.869999999999997,"{""e_true_before"": [0.0004373779704789001, -0.0004159925272928868, -0.00039208530900258776], ""velocity"": [-0.00010739555970194824, 0.00011837944503595468, 7.623790566067014e-05], ""xi_before"": [-0.17614540247456922, 0.2138301096446778, 0.053263383371650895], ""position"": [0.0004373779704789001, -0.0004159925272928868, 0.9996079146909974], ""quaternion"": [0.9991543690976759, 1.633560128678741e-06, 1.4006521850439338e-06, -0.04111625844352969], ""omega"": [-1.005455183445369e-06, -1.033124904310787e-06, 3.9897564741850805e-07], ""target_before"": [0.0, 0.0, 1.0], ""target_after"": [0.0, 0.0, 1.0], ""p_cmd_before"": [-0.17614540247456922, 0.2138301096446778, 1.053263383371651], ""p_cmd_after"": [-0.17614540247456922, 0.2138301096446778, 1.053263383371651], ""effectiveness_before"": [0.7, 1.0, 1.0, 1.0], ""effectiveness_after"": [1.0, 1.0, 1.0, 1.0], ""position_band_3d"": true, ""speed_band_3d"": true, ""attitude_deg"": [0.00018043462696032978, 0.00016806383426312067, -4.712904690298929]}","[4.1035369249844615e-08, 2.0998302105107223e-07, 2.4260051058007647e-19]",2.1395506691641256e-07,7.011786617124618e-07,4.6266693587521464e-17,5.551115123125783e-17,"[0.00026616586841717716, 0.0002047782895402474, 2.1061423750842914e-05]",0.00033648477075154653,0.004816641845902965,0.0035105253550374747,0.05962503334712638
combined_motor1_70_restore-B_best-oracle_no_integral,combined_motor1_70_restore,B_best,oracle_no_integral,oracle,no_integral,True,60.0,horizon,,"[0.07835244987936016, -0.02085582008863949]",0.08108064894700427,-0.03303955340681641,6.438347791161996e-09,1.0867234326798842e-09,1.05405557866578,1.054055768122773,0.0,0.0,0.27,0.19,0.0,0.0,0.0,0.0,0.0,0.0,0.0,0.0,False,0.11340074244906537,0.0514412214450467,5.100002527422425,1.4973100741747518,1.0859310814585519,,,,"{""e_true_before"": [0.07839695612309584, -0.02064546572781805, -0.03318262448501186], ""velocity"": [0.00071532026874116, -0.0005168254144965365, -0.00027066691296146893], ""xi_before"": [0.0, 0.0, 0.0], ""position"": [0.07839695612309584, -0.02064546572781805, 0.9668173755149881], ""quaternion"": [0.999958054269932, -6.869668000826109e-05, -0.00016260084795800746, 0.009157430994680138], ""omega"": [-0.0007011778898707218, -0.002928724469769733, 7.460627710318167e-05], ""target_before"": [0.0, 0.0, 1.0], ""target_after"": [0.0, 0.0, 1.0], ""p_cmd_before"": [0.0, 0.0, 1.0], ""p_cmd_after"": [0.0, 0.0, 1.0], ""effectiveness_before"": [1.0, 1.0, 1.0, 1.0], ""effectiveness_after"": [0.7, 1.0, 1.0, 1.0], ""position_band_3d"": false, ""speed_band_3d"": true, ""attitude_deg"": [-0.008042357435211181, -0.018559815586363593, 1.0493802801973027]}","[9.449500931197127e-05, 9.447804687602399e-05, 1.5877021081412817e-05]",0.000134564066246521,0.0023692436993608896,0.0026728991719550924,0.047060206232980295,"[0.00011676336780225105, 8.87815173251175e-05, 1.1585867737301979e-05]",0.00014713964187227242,0.0027716584567013705,0.0028964352051332014,0.05832921277078423,False,0.0841368464931054,0.036331154362100326,4.508897631933109,2.0152417363743402,1.6356400186937645,,,,"{""e_true_before"": [0.0783524511652469, -0.02085581818003243, -0.0330395524756395], ""velocity"": [1.6487819267839885e-08, 2.456216255373131e-08, 5.209702236024998e-09], ""xi_before"": [0.0, 0.0, 0.0], ""position"": [0.0783524511652469, -0.02085581818003243, 0.9669604475243605], ""quaternion"": [0.9999576952990636, 5.7152778659192e-09, -7.80089638896226e-09, 0.009198239624237306], ""omega"": [2.1891722965479555e-07, -6.385197301843595e-08, -2.645404639590318e-08], ""target_before"": [0.0, 0.0, 1.0], ""target_after"": [0.0, 0.0, 1.0], ""p_cmd_before"": [0.0, 0.0, 1.0], ""p_cmd_after"": [0.0, 0.0, 1.0], ""effectiveness_before"": [0.7, 1.0, 1.0, 1.0], ""effectiveness_after"": [1.0, 1.0, 1.0, 1.0], ""position_band_3d"": false, ""speed_band_3d"": true, ""attitude_deg"": [6.466724329613342e-07, -8.999031971451573e-07, 1.0540554827135007]}","[3.946807806137486e-08, 2.1006394956303105e-07, 2.385458205624514e-19]",2.1373954264917774e-07,6.6423489883004e-07,4.7320339693140687e-17,5.551115123125783e-17,"[0.0002598657407025827, 0.00021353436421738862, 2.12708934050518e-05]",0.0003370156951818232,0.005166186078337924,0.004323451731870547,0.07659879167842903
combined_motor1_70_restore-B_best-oracle_integral_020,combined_motor1_70_restore,B_best,oracle_integral_020,oracle,integral_020,True,60.0,horizon,,"[1.5027626318219294e-07, -2.3191391985918525e-06]",2.3240029211946495e-06,-6.708336162264406e-07,3.493816482961935e-07,6.375098615054347e-08,1.0540533128165739,1.0540536741960211,0.27,0.19,0.27,0.19,0.0,0.0,0.0,0.0,0.0,0.0,0.0,0.0,False,0.0687794108554989,0.028682220945552395,5.052033495541736,1.4967009493524386,1.101509671249786,7.68,4.32,8.280000000000001,"{""e_true_before"": [0.03507770825818547, -0.013047556079409346, -0.011312312603020014], ""velocity"": [-0.007741618076226109, 0.0028343153513204263, 0.002052368027334816], ""xi_before"": [-0.04960915086576503, 0.012501384048377145, 0.021431324507415576], ""position"": [0.03507770825818547, -0.013047556079409346, 0.98868768739698], ""quaternion"": [0.9999558991209014, -3.21133455465682e-05, -5.257284632974829e-05, 0.009391273509937426], ""omega"": [-0.0008082817821660395, -0.0030607713763808127, 3.941382829019431e-05], ""target_before"": [0.0, 0.0, 1.0], ""target_after"": [0.0, 0.0, 1.0], ""p_cmd_before"": [-0.04960915086576503, 0.012501384048377145, 1.0214313245074156], ""p_cmd_after"": [-0.04960915086576503, 0.012501384048377145, 1.0214313245074156], ""effectiveness_before"": [1.0, 1.0, 1.0, 1.0], ""effectiveness_after"": [0.7, 1.0, 1.0, 1.0], ""position_band_3d"": false, ""speed_band_3d"": true, ""attitude_deg"": [-0.003736332896831859, -0.005989579633199426, 1.0761766895567753]}","[9.415189865186362e-05, 9.413499874783433e-05, 1.581937664461192e-05]",0.00013407546638527824,0.0023660578826312875,0.0026631947213152105,0.04699693249244996,"[0.00011658938602792191, 8.847102446940612e-05, 1.1604232937845688e-05]",0.00014681575299371036,0.0027719469404704007,0.002894351181349943,0.058317711783740345,False,0.013213129331753599,0.003640570325596837,4.5088816666574045,2.0152217191067714,1.6356298079355076,1.9200000000000017,0.6400000000000006,1.9299999999999997,"{""e_true_before"": [6.719704633892e-05, 3.276015083082801e-05, -6.937302301579518e-05], ""velocity"": [-1.689098971884448e-05, -6.6314050058603856e-06, 1.5329627450133204e-05], ""xi_before"": [-0.07829921421168184, 0.02088693116961941, 0.03297716370411498], ""position"": [6.719704633892e-05, 3.276015083082801e-05, 0.9999306269769842], ""quaternion"": [0.9999576962622927, -6.31551731286866e-08, 2.1391536569707238e-07, 0.00919813490652049], ""omega"": [-3.57479443801131e-08, -1.8603917730957974e-07, -1.2619236261000363e-08], ""target_before"": [0.0, 0.0, 1.0], ""target_after"": [0.0, 0.0, 1.0], ""p_cmd_before"": [-0.07829921421168184, 0.02088693116961941, 1.032977163704115], ""p_cmd_after"": [-0.07829921421168184, 0.02088693116961941, 1.032977163704115], ""effectiveness_before"": [0.7, 1.0, 1.0, 1.0], ""effectiveness_after"": [1.0, 1.0, 1.0, 1.0], ""position_band_3d"": true, ""speed_band_3d"": true, ""attitude_deg"": [-7.011270677626038e-06, 2.457842562770914e-05, 1.0540434824379383]}","[3.946732941660202e-08, 2.1006345349300234e-07, 2.4073510383316497e-19]",2.1373891686982533e-07,6.642159727463861e-07,4.730948515929147e-17,5.551115123125783e-17,"[0.0002598610964612247, 0.0002135151922710962, 2.1270202818163036e-05]",0.00033699992331235104,0.0051661886380797205,0.00432380531069977,0.07657193039293275
