key,event,time_s,desired_wrench,allocator_efficiency,plant_efficiency,motor_thrust_unclipped,motor_thrust_command,motor_thrust_nominal,motor_thrust_actual,allocation_residual_xml,allocation_residual_b0,actuator_response_residual_xml,allocator_clipped
combined_motor2_70-A_best-existing_no_integral,fault,5.0,"[-0.0014777633920311927, 1.5583913773298263e-06, 1.697228290140629e-07, 0.47495413980393414]","[1.0, 1.0, 1.0, 1.0]","[1.0, 0.7, 1.0, 1.0]","[0.12918412393670567, 0.12919187669685692, 0.10830723239868009, 0.10827090677169149]","[0.12918412393670567, 0.12919187669685692, 0.10830723239868009, 0.10827090677169149]","[0.12923970060681522, 0.12926431012981487, 0.10833642935333446, 0.10825161100838622]","[0.12923970060681522, 0.09048501709087041, 0.10833642935333446, 0.10825161100838622]","[-0.0013702584386930177, 0.001370467207608323, -0.000230219924273799, 0.03875756300905703]","[-0.0013702736401852876, 0.0013702736401852138, -0.000230219924273799, 0.03875756300905703]","[3.4079572615450726e-06, -1.542383784553826e-06, -3.1699395089152416e-07, -0.00011618126452922484]","[0.0, 0.0, 0.0, 0.0]"
combined_motor2_70-A_best-existing_integral_020,fault,5.0,"[-0.0014792334660887717, 1.913672313094139e-06, 2.5951722636818884e-07, 0.47501051834731106]","[1.0, 1.0, 1.0, 1.0]","[1.0, 0.7, 1.0, 1.0]","[0.12920988065138525, 0.12921509943994386, 0.10831722340664472, 0.10826831484933729]","[0.12920988065138525, 0.12921509943994386, 0.10831722340664472, 0.10826831484933729]","[0.1292579349473024, 0.12927881050435097, 0.10834294774512118, 0.10824916589711459]","[0.1292579349473024, 0.09049516735304568, 0.10834294774512118, 0.10824916589711459]","[-0.0013705045776498234, 0.0013707135042221954, -0.00023026130720198, 0.03876452983198314]","[-0.0013705199522098402, 0.0013705199522097648, -0.00023026130720197978, 0.03876452983198314]","[3.0436705119039117e-06, -1.4644959216967863e-06, -2.8707925869581735e-07, -9.922742725587685e-05]","[0.0, 0.0, 0.0, 0.0]"
combined_motor2_70-A_best-oracle_no_integral,fault,5.0,"[-0.0014777633920311927, 1.5583913773298263e-06, 1.697228290140629e-07, 0.47495413980393414]","[1.0, 0.7, 1.0, 1.0]","[1.0, 0.7, 1.0, 1.0]","[0.12918412393670592, 0.18455982385265296, 0.10830723239867955, 0.10827090677169139]","[0.12918412393670592, 0.18455982385265296, 0.10830723239867955, 0.10827090677169139]","[0.1292397006068153, 0.13135580441994585, 0.10833642935333446, 0.10825161100838622]","[0.1292397006068153, 0.09194906309396209, 0.10833642935333446, 0.10825161100838622]","[2.0898930727826504e-07, -2.2039191559854402e-10, 1.9723956270204434e-18, 2.220446049250313e-16]","[-3.859759734048396e-17, 2.0330908316471344e-17, 2.1892360615175443e-18, 2.220446049250313e-16]","[-0.0013152908040694263, 0.0013171563775463656, -0.00022184048496632855, 0.037177335741435835]","[0.0, 0.0, 0.0, 0.0]"
combined_motor2_70-A_best-oracle_integral_020,fault,5.0,"[-0.0014792334660887717, 1.913672313094139e-06, 2.5951722636818884e-07, 0.47501051834731106]","[1.0, 0.7, 1.0, 1.0]","[1.0, 0.7, 1.0, 1.0]","[0.1292098806513855, 0.18459299919992, 0.10831722340664418, 0.10826831484933719]","[0.1292098806513855, 0.18459299919992, 0.10831722340664418, 0.10826831484933719]","[0.1292579349473024, 0.13137067023688215, 0.10834294774512118, 0.10824916589711459]","[0.1292579349473024, 0.0919594691658175, 0.10834294774512118, 0.10824916589711459]","[2.0919720913827218e-07, -2.7063670904155847e-10, 2.001856491717132e-18, 1.6653345369377348e-16]","[-3.859759734048396e-17, 2.0348272491890057e-17, 2.218696926214233e-18, 1.6653345369377348e-16]","[-0.0013158923922474465, 0.001317471566837596, -0.00022185043369281321, 0.03720100059195519]","[0.0, 0.0, 0.0, 0.0]"
combined_motor2_70-B_best-existing_no_integral,fault,5.0,"[-0.0014703480899333954, -1.0056355968117714e-05, 1.7096661031246186e-07, 0.47466417810826306]","[1.0, 1.0, 1.0, 1.0]","[1.0, 0.7, 1.0, 1.0]","[0.12914138070737893, 0.1289847698646895, 0.10820509947556677, 0.10833292806062786]","[0.12914138070737893, 0.1289847698646895, 0.10820509947556677, 0.10833292806062786]","[0.12911570530905922, 0.12900682798065272, 0.1082245918002949, 0.10833532189435097]","[0.12911570530905922, 0.0903047795864569, 0.1082245918002949, 0.10833532189435097]","[-0.0013680624981095243, 0.001368271860921767, -0.0002298508598988765, 0.03869543095940686]","[-0.0013680769615699061, 0.0013680769615698315, -0.0002298508598988765, 0.03869543095940686]","[-1.135794161099277e-06, -2.0584672128438116e-06, 1.426644756241137e-07, -1.1651441305826626e-05]","[0.0, 0.0, 0.0, 0.0]"
combined_motor2_70-B_best-existing_integral_020,fault,5.0,"[-0.0014700517058372498, -1.0435441508889198e-05, 1.2213177978992463e-07, 0.47465477547554974]","[1.0, 1.0, 1.0, 1.0]","[1.0, 0.7, 1.0, 1.0]","[0.12913755950434694, 0.12897969820708335, 0.10820010868627221, 0.10833740907784728]","[0.12913755950434694, 0.12897969820708335, 0.10820010868627221, 0.10833740907784728]","[0.1291091242192224, 0.12900466794221693, 0.10822137493170746, 0.10833602421235818]","[0.1291091242192224, 0.09030326755955184, 0.10822137493170746, 0.10833602421235818]","[-0.00136800873988108, 0.0013682181143891863, -0.00022984182220502257, 0.038693909462124976]","[-0.0013680231690335063, 0.0013680231690334315, -0.00022984182220502257, 0.038693909462124976]","[-1.0904263928732984e-06, -2.424465848314787e-06, 1.3818215343459287e-07, -8.92490941512003e-06]","[0.0, 0.0, 0.0, 0.0]"
combined_motor2_70-B_best-oracle_no_integral,fault,5.0,"[-0.0014703480899333954, -1.0056355968117714e-05, 1.7096661031246186e-07, 0.47466417810826306]","[1.0, 0.7, 1.0, 1.0]","[1.0, 0.7, 1.0, 1.0]","[0.12914138070737918, 0.1842639569495567, 0.10820509947556622, 0.10833292806062775]","[0.12914138070737918, 0.1842639569495567, 0.10820509947556622, 0.10833292806062775]","[0.12911570530905922, 0.13109455121682909, 0.1082245918002949, 0.10833532189435097]","[0.12911570530905922, 0.09176618585178035, 0.1082245918002949, 0.10833532189435097]","[2.07940615141013e-07, 1.422197159132554e-09, 2.147599098204075e-18, 2.220446049250313e-16]","[-3.881443777498106e-17, 1.967149316703387e-17, 2.147599098204075e-18, 2.220446049250313e-16]","[-0.0013177309073439279, 0.0013145366459699267, -0.00022102744220723312, 0.037222373252777385]","[0.0, 0.0, 0.0, 0.0]"
combined_motor2_70-B_best-oracle_integral_020,fault,5.0,"[-0.0014700517058372498, -1.0435441508889198e-05, 1.2213177978992463e-07, 0.47465477547554974]","[1.0, 0.7, 1.0, 1.0]","[1.0, 0.7, 1.0, 1.0]","[0.1291375595043472, 0.18425671172440503, 0.10820010868627167, 0.10833740907784717]","[0.1291375595043472, 0.18425671172440503, 0.10820010868627167, 0.10833740907784717]","[0.1291091242192224, 0.13109231544162991, 0.10822137493170746, 0.10833602421235818]","[0.1291091242192224, 0.09176462080914094, 0.10822137493170746, 0.10833602421235818]","[2.0789869969832508e-07, 1.475808463474642e-09, 2.352289903863997e-18, 1.6653345369377348e-16]","[-3.859759734048396e-17, 1.927338768182435e-17, 2.1354494693668962e-18, 1.6653345369377348e-16]","[-0.0013176336140681812, 0.0013141187218269376, -0.0002210232017490311, 0.03722363130312056]","[0.0, 0.0, 0.0, 0.0]"
combined_motor3_70-A_best-existing_no_integral,fault,5.0,"[2.296378486789763e-05, 0.0014666419476270676, 6.558233872056007e-08, 0.47473589739708905]","[1.0, 1.0, 1.0, 1.0]","[1.0, 1.0, 0.7, 1.0]","[0.10815353038738518, 0.12888965823665838, 0.12921993871004153, 0.10847277006300397]","[0.10815353038738518, 0.12888965823665838, 0.12921993871004153, 0.10847277006300397]","[0.10835061456235139, 0.12919047911585632, 0.12918073544851316, 0.1082971961035816]","[0.10835061456235139, 0.12919047911585632, 0.0904265148139592, 0.1082971961035816]","[0.0013707618622353095, 0.0013705576933536398, 0.0002302699307812943, 0.038765981613012424]","[0.0013705712799279898, 0.0013705712799280563, 0.0002302699307812943, 0.038765981613012424]","[2.4784577049769864e-05, -8.906065937458875e-06, -2.6370613439739496e-07, -0.0002948888116718895]","[0.0, 0.0, 0.0, 0.0]"
combined_motor3_70-A_best-existing_integral_020,fault,5.0,"[2.299996674992144e-05, 0.0014668141677975654, 1.3616541400551796e-07, 0.47474528512864117]","[1.0, 1.0, 1.0, 1.0]","[1.0, 1.0, 0.7, 1.0]","[0.10815737434924716, 0.12888999644658258, 0.12922672995025908, 0.10847118438255236]","[0.10815737434924716, 0.12888999644658258, 0.12922672995025908, 0.10847118438255236]","[0.10834900338862383, 0.12918441528070773, 0.1291837542884338, 0.10829468048662683]","[0.10834900338862383, 0.12918441528070773, 0.09042862800190364, 0.10829468048662683]","[0.001370833898594597, 0.001370629710474024, 0.00023028203277136177, 0.0387680189850777]","[0.001370643311217357, 0.001370643311217423, 0.00023028203277136155, 0.0387680189850777]","[2.4491564148450143e-05, -8.812091320733496e-06, -2.5916895912215035e-07, -0.0002794610142985432]","[0.0, 0.0, 0.0, 0.0]"
combined_motor3_70-A_best-oracle_no_integral,fault,5.0,"[2.296378486789763e-05, 0.0014666419476270676, 6.558233872056007e-08, 0.47473589739708905]","[1.0, 1.0, 0.7, 1.0]","[1.0, 1.0, 0.7, 1.0]","[0.10815353038738645, 0.1288896582366579, 0.18459991244291543, 0.108472770063004]","[0.10815353038738645, 0.1288896582366579, 0.18459991244291543, 0.108472770063004]","[0.1083506145623514, 0.12919047911585632, 0.13127226707365233, 0.1082971961035816]","[0.1083506145623514, 0.12919047911585632, 0.09189058695155662, 0.1082971961035816]","[-3.2476007571272906e-09, -2.074164823918749e-07, -5.339483941254296e-18, -1.1102230246251565e-16]","[-1.2160004990782736e-17, 8.998878031629687e-17, -5.339483941254296e-18, -1.1102230246251565e-16]","[0.0013437800961003923, 0.0013100894531131288, 0.0002213096361495735, 0.03700702066374323]","[0.0, 0.0, 0.0, 0.0]"
combined_motor3_70-A_best-oracle_integral_020,fault,5.0,"[2.299996674992144e-05, 0.0014668141677975654, 1.3616541400551796e-07, 0.47474528512864117]","[1.0, 1.0, 0.7, 1.0]","[1.0, 1.0, 0.7, 1.0]","[0.10815737434924844, 0.1288899964465821, 0.18460961421465477, 0.10847118438255239]","[0.10815737434924844, 0.1288899964465821, 0.18460961421465477, 0.10847118438255239]","[0.10834900338862383, 0.12918441528070773, 0.13127538790822935, 0.10829468048662683]","[0.10834900338862383, 0.12918441528070773, 0.09189277153576053, 0.10829468048662683]","[-3.2527176975070038e-09, -2.0744083823560563e-07, -5.7193782180978495e-18, -5.551115123125783e-17]","[-1.3549139024279788e-17, 8.998878031629687e-17, -5.7193782180978495e-18, -5.551115123125783e-17]","[0.0013435566001035657, 0.0013102529446343467, 0.00022132585122113543, 0.03702441443692228]","[0.0, 0.0, 0.0, 0.0]"
combined_motor3_70-B_best-existing_no_integral,fault,5.0,"[-8.143298327922821e-07, 0.0014693020284175873, -6.09513372182846e-08, 0.47431150487570767]","[1.0, 1.0, 1.0, 1.0]","[1.0, 1.0, 0.7, 1.0]","[0.10819143524752738, 0.12897583366370685, 0.12895918660638553, 0.10818504935808794]","[0.10819143524752738, 0.12897583366370685, 0.12895918660638553, 0.10818504935808794]","[0.10818656788119069, 0.1289587064155735, 0.1289506240372829, 0.10819180846615128]","[0.10818656788119069, 0.1289587064155735, 0.09026543682609803, 0.10819180846615128]","[0.0013679991666852066, 0.0013677912588422163, 0.00022980527053257922, 0.03868775598191565]","[0.0013678056127405629, 0.0013678056127406288, 0.00022980527053257922, 0.03868775598191565]","[-8.047909183536792e-07, 8.844521918783838e-07, 2.9285663527469502e-09, 2.122930477849172e-05]","[0.0, 0.0, 0.0, 0.0]"
combined_motor3_70-B_best-existing_integral_020,fault,5.0,"[-7.758568972349166e-07, 0.0014691853523254395, -6.905198097229004e-08, 0.4742915000668049]","[1.0, 1.0, 1.0, 1.0]","[1.0, 1.0, 0.7, 1.0]","[0.10818664609424326, 0.1289700763178492, 0.1289532914828484, 0.10818148617186409]","[0.10818664609424326, 0.1289700763178492, 0.1289532914828484, 0.10818148617186409]","[0.10818399590028706, 0.1289556361503632, 0.12894743295523278, 0.10819002787294207]","[0.10818399590028706, 0.1289556361503632, 0.09026320306866294, 0.10819002787294207]","[0.0013679366257737773, 0.0013677287398723833, 0.0002297947654224362, 0.038685987444854464]","[0.0013677430861127663, 0.0013677430861128322, 0.0002297947654224362, 0.038685987444854464]","[-7.613394551729026e-07, 8.639382896739661e-07, 5.065019461790096e-09, 1.2649629695216102e-05]","[0.0, 0.0, 0.0, 0.0]"
combined_motor3_70-B_best-oracle_no_integral,fault,5.0,"[-8.143298327922821e-07, 0.0014693020284175873, -6.09513372182846e-08, 0.47431150487570767]","[1.0, 1.0, 0.7, 1.0]","[1.0, 1.0, 0.7, 1.0]","[0.10819143524752865, 0.12897583366370638, 0.18422740943769256, 0.10818504935808797]","[0.10819143524752865, 0.12897583366370638, 0.18422740943769256, 0.10818504935808797]","[0.10818656788119073, 0.1289587064155735, 0.13103778367873167, 0.10819180846615128]","[0.10818656788119073, 0.1289587064155735, 0.09172644857511217, 0.10819180846615128]","[1.1516472259772988e-10, -2.0779267823284667e-07, -5.4244784035553445e-18, -1.1102230246251565e-16]","[-1.181346263623732e-17, 9.063930161978817e-17, -5.641318838052445e-18, -1.1102230246251565e-16]","[0.0013155328851569919, 0.0013172221282671892, 0.000221129789309793, 0.03724797353768011]","[0.0, 0.0, 0.0, 0.0]"
combined_motor3_70-B_best-oracle_integral_020,fault,5.0,"[-7.758568972349166e-07, 0.0014691853523254395, -6.905198097229004e-08, 0.4742915000668049]","[1.0, 1.0, 0.7, 1.0]","[1.0, 1.0, 0.7, 1.0]","[0.10818664609424453, 0.12897007631784874, 0.18421898783263954, 0.10818148617186411]","[0.10818664609424453, 0.12897007631784874, 0.18421898783263954, 0.10818148617186411]","[0.10818399590028713, 0.1289556361503632, 0.13103450184247845, 0.10819002787294207]","[0.10818399590028713, 0.1289556361503632, 0.0917241512897349, 0.10819002787294207]","[1.0972377353062435e-10, -2.0777617758412602e-07, -5.7731648102484975e-18, -1.6653345369377348e-16]","[-1.3166491890357658e-17, 8.912141857830846e-17, -5.339483941254296e-18, -1.6653345369377348e-16]","[0.0013155160474977291, 0.0013171413252425386, 0.00022112179800873593, 0.03723768885347778]","[0.0, 0.0, 0.0, 0.0]"
motor1_70_restore-A_best-existing_no_integral,fault,5.0,"[-1.224375591846183e-06, 6.78403303027153e-07, -1.093139871954918e-08, 0.4256191265438006]","[1.0, 1.0, 1.0, 1.0]","[0.7, 1.0, 1.0, 1.0]","[0.10640818220434738, 0.10641869651928225, 0.10640046091614554, 0.10639178690402544]","[0.10640818220434738, 0.10641869651928225, 0.10640046091614554, 0.10639178690402544]","[0.10639877848072068, 0.10639162233594454, 0.10640278176901008, 0.1064056307690539]","[0.07447914493650447, 0.10639162233594454, 0.10640278176901008, 0.1064056307690539]","[-0.001128777823669266, -0.0011287780927653538, 0.00018961938068814732, 0.03192245466130422]","[-0.0011286183845504768, -0.0011286183845504122, 0.00018961938068814732, 0.03192245466130422]","[-1.7616885147264325e-06, 1.132035865729266e-06, -5.327327393258403e-08, 1.749207198337155e-05]","[0.0, 0.0, 0.0, 0.0]"
motor1_70_restore-A_best-existing_no_integral,restore,30.0,"[-0.0016121784970164299, -0.0016121768206357955, 0.0002708621919155121, 0.4711967226019383]","[1.0, 1.0, 1.0, 1.0]","[1.0, 1.0, 1.0, 1.0]","[0.15199895830496582, 0.10639926860223077, 0.10639925080033936, 0.10639924489440239]","[0.15199895830496582, 0.10639926860223077, 0.10639925080033936, 0.10639924489440239]","[0.15199896528002005, 0.10639927375266166, 0.10639926971692557, 0.1063992642831638]","[0.15199896528002005, 0.10639927375266166, 0.10639926971692557, 0.1063992642831638]","[2.2799865597366784e-07, 2.27998418984637e-07, 2.168404344971009e-19, -5.551115123125783e-17]","[-8.890457814381136e-17, 6.505213034913027e-19, 2.168404344971009e-19, -5.551115123125783e-17]","[-9.257199382051162e-10, 8.121479704026324e-11, -8.033541713803327e-12, -5.043083273204019e-08]","[0.0, 0.0, 0.0, 0.0]"
motor1_70_restore-A_best-existing_integral_020,fault,5.0,"[-1.2477890413720161e-06, 6.87791034579277e-07, -8.901115506887437e-09, 0.4256209444854662]","[1.0, 1.0, 1.0, 1.0]","[0.7, 1.0, 1.0, 1.0]","[0.10640882131714798, 0.10641929749666854, 0.1064009016734381, 0.10639192399821164]","[0.10640882131714798, 0.10641929749666854, 0.1064009016734381, 0.10639192399821164]","[0.10639920754013171, 0.10639193864132324, 0.10640310305065505, 0.10640582596714243]","[0.0744794452780922, 0.10639193864132324, 0.10640310305065505, 0.10640582596714243]","[-0.0011287846000666614, -0.0011287848738015817, 0.00018962051958715785, 0.03192264639514436]","[-0.001128625163300396, -0.001128625163300332, 0.00018962051958715785, 0.03192264639514436]","[-1.7747836534994735e-06, 1.1431818393054394e-06, -5.3036001137259786e-08, 1.7985153108968088e-05]","[0.0, 0.0, 0.0, 0.0]"
motor1_70_restore-A_best-existing_integral_020,restore,30.0,"[-0.0016121761500835418, -0.0016121770441532134, 0.0002708622515201569, 0.4711966853490353]","[1.0, 1.0, 1.0, 1.0]","[1.0, 1.0, 1.0, 1.0]","[0.15199893648539428, 0.1063992386043893, 0.10639925901068539, 0.10639925124856636]","[0.15199893648539428, 0.1063992386043893, 0.10639925901068539, 0.10639925124856636]","[0.15199893356856037, 0.10639925575474057, 0.10639925879116134, 0.10639925390220455]","[0.15199893356856037, 0.10639925575474057, 0.10639925879116134, 0.10639925390220455]","[2.2799832406360417e-07, 2.279984505943345e-07, 4.336808689942018e-19, -5.551115123125783e-17]","[-8.933825901280557e-17, -8.673617379884035e-19, 4.336808689942018e-19, -5.551115123125783e-17]","[4.172268977791632e-10, -6.079806517175074e-10, 1.3626566346645885e-10, -1.666763149721362e-08]","[0.0, 0.0, 0.0, 0.0]"
motor1_70_restore-A_best-oracle_no_integral,fault,5.0,"[-1.224375591846183e-06, 6.78403303027153e-07, -1.093139871954918e-08, 0.4256191265438006]","[0.7, 1.0, 1.0, 1.0]","[0.7, 1.0, 1.0, 1.0]","[0.15201168886335548, 0.10641869651928279, 0.10640046091614402, 0.106391786904025]","[0.15201168886335548, 0.10641869651928279, 0.10640046091614402, 0.106391786904025]","[0.10810314584022596, 0.10639162233594454, 0.10640278176901002, 0.1064056307690539]","[0.07567220208815817, 0.10639162233594454, 0.10640278176901002, 0.1064056307690539]","[1.731545914825119e-10, -9.594156678267413e-11, 1.1275695976404346e-18, -5.551115123125783e-17]","[7.398599860205819e-17, 6.923276733942227e-17, 1.1275695976404346e-18, -5.551115123125783e-17]","[-0.001088353184456107, -0.0010854594600755811, 0.00018247934793339101, 0.030746889581633963]","[0.0, 0.0, 0.0, 0.0]"
motor1_70_restore-A_best-oracle_no_integral,restore,30.0,"[-6.736081559211016e-10, 3.0733644962310787e-10, -6.100162863731385e-11, 0.42559709890226577]","[1.0, 1.0, 1.0, 1.0]","[1.0, 1.0, 1.0, 1.0]","[0.10639927474811427, 0.10639928422936695, 0.1063992695682014, 0.10639927035658318]","[0.10639927474811427, 0.10639928422936695, 0.1063992695682014, 0.10639927035658318]","[0.1501406558574953, 0.10639927394301786, 0.10639926636654276, 0.10639926392715571]","[0.1501406558574953, 0.10639927394301786, 0.10639926636654276, 0.10639926392715571]","[9.519719844850466e-14, -4.346535700806091e-14, 2.4112656067923435e-19, -5.551115123125783e-17]","[-6.604092271802934e-17, -1.3704315832448052e-18, 2.4286126182133462e-20, -5.551115123125783e-17]","[0.0015466952128576164, 0.0015466954856191116, -0.000259823884063584, -0.04374136119194583]","[0.0, 0.0, 0.0, 0.0]"
motor1_70_restore-A_best-oracle_integral_020,fault,5.0,"[-1.2477890413720161e-06, 6.87791034579277e-07, -8.901115506887437e-09, 0.4256209444854662]","[0.7, 1.0, 1.0, 1.0]","[0.7, 1.0, 1.0, 1.0]","[0.15201260188164206, 0.10641929749666908, 0.10640090167343659, 0.1063919239982112]","[0.15201260188164206, 0.10641929749666908, 0.10640090167343659, 0.1063919239982112]","[0.1081035846094273, 0.10639193864132324, 0.10640310305065495, 0.10640582596714243]","[0.07567250922659911, 0.10639193864132324, 0.10640310305065495, 0.10640582596714243]","[1.764657849887173e-10, -9.726920559379625e-11, 1.1882846546018268e-18, -5.551115123125783e-17]","[7.454101694074657e-17, 6.829605477887742e-17, 9.71444220104726e-19, -5.551115123125783e-17]","[-0.0010883728189667388, -0.0010854548534738628, 0.00018248068373188898, 0.030747567599746506]","[0.0, 0.0, 0.0, 0.0]"
motor1_70_restore-A_best-oracle_integral_020,restore,30.0,"[-9.250652510672808e-10, 1.1455267667770386e-09, 3.585591912269592e-11, 0.42559709145168517]","[1.0, 1.0, 1.0, 1.0]","[1.0, 1.0, 1.0, 1.0]","[0.10639927281309505, 0.10639928599527032, 0.10639927593092255, 0.10639925671239728]","[0.10639927281309505, 0.10639928599527032, 0.10639927593092255, 0.10639925671239728]","[0.1501406635036893, 0.10639928241337572, 0.10639926954481152, 0.10639925772718448]","[0.1501406635036893, 0.10639928241337572, 0.10639926954481152, 0.10639925772718448]","[1.3075946907697024e-13, -1.620039917496192e-13, 1.942890288441133e-19, -5.551115123125783e-17]","[-6.558989463081898e-17, -8.500145197722477e-19, 1.942890288441133e-19, -5.551115123125783e-17]","[0.0015466956380936303, 0.0015466959631709664, -0.0002598238380172483, -0.043741381737375795]","[0.0, 0.0, 0.0, 0.0]"
motor1_70_restore-B_best-existing_no_integral,fault,5.0,"[6.515532732009887e-08, -2.2815819829702377e-06, 8.259154856204987e-08, 0.42560193165152077]","[1.0, 1.0, 1.0, 1.0]","[0.7, 1.0, 1.0, 1.0]","[0.1064196316416395, 0.10638041273980771, 0.10638828633467325, 0.10641360093540034]","[0.1064196316416395, 0.10638041273980771, 0.10638828633467325, 0.10641360093540034]","[0.10641062116538084, 0.10639171970580144, 0.10639581487035593, 0.10640637823221735]","[0.07448743481576658, 0.10639171970580144, 0.10639581487035593, 0.10640637823221735]","[-0.0011288994616690203, -0.0011288991297869998, 0.00018963978358540174, 0.03192588949249181]","[-0.0011287398230071148, -0.0011287398230070498, 0.00018963978358540174, 0.03192588949249181]","[1.659727719943542e-07, -1.1444454321835572e-06, 1.7006579424176573e-08, -5.305465112348529e-06]","[0.0, 0.0, 0.0, 0.0]"
motor1_70_restore-B_best-existing_no_integral,restore,30.0,"[-0.0016121772676706313, -0.0016121752560138702, 0.0002708620727062225, 0.4711967151513577]","[1.0, 1.0, 1.0, 1.0]","[1.0, 1.0, 1.0, 1.0]","[0.15199893166856995, 0.10639927412759456, 0.10639926367699293, 0.10639924567820025]","[0.15199893166856995, 0.10639927412759456, 0.10639926367699293, 0.10639924567820025]","[0.15199894598196317, 0.10639926443614478, 0.10639925693372895, 0.10639925691842468]","[0.15199894598196317, 0.10639926443614478, 0.10639925693372895, 0.10639925691842468]","[2.2799848211512742e-07, 2.2799819771046614e-07, 2.168404344971009e-19, 5.551115123125783e-17]","[-8.998878031629687e-17, -8.673617379884035e-19, 2.168404344971009e-19, 5.551115123125783e-17]","[4.4193988746332735e-12, 1.4847073991249016e-09, -3.576684629892635e-11, -9.118903965266156e-09]","[0.0, 0.0, 0.0, 0.0]"
motor1_70_restore-B_best-existing_integral_020,fault,5.0,"[6.426125764846802e-08, -2.2842083126306535e-06, 8.276663720607758e-08, 0.4256033677509308]","[1.0, 1.0, 1.0, 1.0]","[0.7, 1.0, 1.0, 1.0]","[0.1064200229287638, 0.10638075214656424, 0.10638862783535531, 0.1064139648402475]","[0.1064200229287638, 0.10638075214656424, 0.10638862783535531, 0.1064139648402475]","[0.10641095539144776, 0.10639200909043967, 0.10639609669149235, 0.10640668170156373]","[0.07448766877401343, 0.10639200909043967, 0.10639609669149235, 0.10640668170156373]","[-0.0011289036123163943, -0.001128903280189393, 0.00018964048085905758, 0.03192600687862912]","[-0.001128743973193999, -0.0011287439731939354, 0.00018964048085905736, 0.03192600687862912]","[1.670388826416e-07, -1.1441157559449917e-06, 1.6942217544255872e-08, -5.095385207432024e-06]","[0.0, 0.0, 0.0, 0.0]"
motor1_70_restore-B_best-existing_integral_020,restore,30.0,"[-0.001612175591289997, -0.0016121751442551612, 0.0002708618640899658, 0.4711963873258114]","[1.0, 1.0, 1.0, 1.0]","[1.0, 1.0, 1.0, 1.0]","[0.15199882828786207, 0.10639918988769966, 0.10639918558463668, 0.10639918356561304]","[0.15199882828786207, 0.10639918988769966, 0.10639918558463668, 0.10639918356561304]","[0.15199882509044702, 0.10639918335371071, 0.10639918093936329, 0.10639917830838153]","[0.15199882509044702, 0.10639918335371071, 0.10639918093936329, 0.10639917830838153]","[2.279982450354573e-07, 2.2799818190540055e-07, 5.963111948670274e-19, 0.0]","[-9.063930161978817e-17, 0.0, 5.963111948670274e-19, 0.0]","[6.050128713991354e-12, 9.634241451492165e-11, -2.3454280184687093e-11, 1.9633908887595197e-08]","[0.0, 0.0, 0.0, 0.0]"
motor1_70_restore-B_best-oracle_no_integral,fault,5.0,"[6.515532732009887e-08, -2.2815819829702377e-06, 8.259154856204987e-08, 0.42560193165152077]","[0.7, 1.0, 1.0, 1.0]","[0.7, 1.0, 1.0, 1.0]","[0.15202804520234423, 0.10638041273980825, 0.10638828633467173, 0.1064136009353999]","[0.15202804520234423, 0.10638041273980825, 0.10638828633467173, 0.1064136009353999]","[0.1081151820267342, 0.10639171970580144, 0.10639581487035588, 0.10640637823221724]","[0.07568062741871394, 0.10639171970580144, 0.10639581487035588, 0.10640637823221724]","[-9.214368577922299e-12, 3.226675817261134e-10, 1.2732890430702261e-18, -5.551115123125783e-17]","[7.462779811317073e-17, 6.859103400275873e-17, 1.0564486085731252e-18, -5.551115123125783e-17]","[-0.001086542189242433, -0.001087852607446548, 0.0001825692261033171, 0.03072739142443237]","[0.0, 0.0, 0.0, 0.0]"
motor1_70_restore-B_best-oracle_no_integral,restore,30.0,"[8.381903171539306e-11, -2.528540790081024e-09, 1.1362135410308838e-10, 0.425597029169488]","[1.0, 1.0, 1.0, 1.0]","[1.0, 1.0, 1.0, 1.0]","[0.10639927936137417, 0.10639923403797744, 0.10639924478745688, 0.10639927098267954]","[0.10639927936137417, 0.10639923403797744, 0.10639924478745688, 0.10639927098267954]","[0.15014064800706717, 0.10639925323974132, 0.10639925490960085, 0.10639926207394725]","[0.15014064800706717, 0.10639925323974132, 0.10639925490960085, 0.10639926207394725]","[-1.1919420459509374e-14, 3.5759184433028775e-13, 2.4112656067923435e-19, -5.551115123125783e-17]","[-6.578071421214245e-17, -1.8735012217060537e-18, 2.4286126182133462e-20, -5.551115123125783e-17]","[0.0015466954313798382, 0.0015466934434055484, -0.00025982372874034396, -0.04374138906086855]","[0.0, 0.0, 0.0, 0.0]"
motor1_70_restore-B_best-oracle_integral_020,fault,5.0,"[6.426125764846802e-08, -2.2842083126306535e-06, 8.276663720607758e-08, 0.4256033677509308]","[0.7, 1.0, 1.0, 1.0]","[0.7, 1.0, 1.0, 1.0]","[0.15202860418395042, 0.10638075214656477, 0.1063886278353538, 0.10641396484024705]","[0.15202860418395042, 0.10638075214656477, 0.1063886278353538, 0.10641396484024705]","[0.10811552253415149, 0.10639200909043967, 0.10639609669149222, 0.10640668170156371]","[0.07568086577390604, 0.10639200909043967, 0.10639609669149222, 0.10640668170156371]","[-9.087927134134849e-12, 3.230390051411242e-10, 9.801229990916323e-19, -5.551115123125783e-17]","[7.45931094670027e-17, 6.973579903097292e-17, 9.801229990916323e-19, -5.551115123125783e-17]","[-0.0010865451184296174, -0.001087856273068137, 0.0001825698328972395, 0.030727714493529235]","[0.0, 0.0, 0.0, 0.0]"
motor1_70_restore-B_best-oracle_integral_020,restore,30.0,"[-4.190951585769653e-10, 7.683411240577697e-10, -5.587935447692871e-12, 0.4255970720103264]","[1.0, 1.0, 1.0, 1.0]","[1.0, 1.0, 1.0, 1.0]","[0.10639926529783308, 0.10639927663428662, 0.1063992702369652, 0.10639925984124154]","[0.10639926529783308, 0.10639927663428662, 0.1063992702369652, 0.10639925984124154]","[0.15014064522378656, 0.10639926000412539, 0.10639925906267651, 0.10639925969005096]","[0.15014064522378656, 0.10639926000412539, 0.10639925906267651, 0.10639925969005096]","[5.920393979730739e-14, -1.0866178581929045e-13, 2.654126917081292e-19, 0.0]","[-6.574601969816196e-17, -1.0408341269451149e-18, 4.8572257211028325e-20, 0.0]","[0.0015466950066081616, 0.001546696172000965, -0.0002598238300661189, -0.04374135197031298]","[0.0, 0.0, 0.0, 0.0]"
combined_motor1_70_restore-A_best-existing_no_integral,fault,5.0,"[-2.5597637286409736e-05, -0.0014635149389505386, 5.1679555326700215e-08, 0.4749835844984532]","[1.0, 1.0, 1.0, 1.0]","[0.7, 1.0, 1.0, 1.0]","[0.12927778817661584, 0.10857601280244146, 0.1082183542035305, 0.1289114293158654]","[0.12927778817661584, 0.10857601280244146, 0.1082183542035305, 0.1289114293158654]","[0.1290316390503766, 0.10820392401438539, 0.10826676174267666, 0.12909769529461942]","[0.09032214733526361, 0.10820392401438539, 0.10826676174267666, 0.12909769529461942]","[-0.001371375156890324, -0.0013711718027251112, 0.00023037301853072993, 0.03878333645298476]","[-0.0013711848602953574, -0.0013711848602952785, 0.00023037301853072993, 0.03878333645298476]","[-2.7547798311286596e-05, 1.1939050797522854e-05, -3.6784020287995885e-07, 0.00030971965852333305]","[0.0, 0.0, 0.0, 0.0]"
combined_motor1_70_restore-A_best-existing_no_integral,restore,30.0,"[-0.0019555938988924026, -0.003426903784275055, 0.0003285607397556305, 0.5299585539749145]","[1.0, 1.0, 1.0, 1.0]","[1.0, 1.0, 1.0, 1.0]","[0.184378323572102, 0.10825749278591523, 0.10825758134091337, 0.12906515627598397]","[0.184378323572102, 0.10825749278591523, 0.10825758134091337, 0.12906515627598397]","[0.18437826571583352, 0.10825745612145646, 0.10825740553962679, 0.12906503674053607]","[0.18437826571583352, 0.10825745612145646, 0.10825740553962679, 0.12906503674053607]","[2.765653935960996e-07, 4.84642028605875e-07, 5.963111948670274e-19, 0.0]","[-1.0928757898653885e-16, -1.734723475976807e-18, 3.7947076036992655e-19, 0.0]","[7.100854017630387e-09, 1.240217665111204e-09, 4.6009843135928763e-10, 3.898574616467698e-07]","[0.0, 0.0, 0.0, 0.0]"
combined_motor1_70_restore-A_best-existing_integral_020,fault,5.0,"[-2.2423885529860853e-05, -0.0014645447954535484, 3.89651395380497e-08, 0.4749345969310284]","[1.0, 1.0, 1.0, 1.0]","[0.7, 1.0, 1.0, 1.0]","[0.1292498463921478, 0.10853457674497978, 0.10822073196726692, 0.12892944182663393]","[0.1292498463921478, 0.10853457674497978, 0.10822073196726692, 0.12892944182663393]","[0.1290164437221854, 0.10818411769113785, 0.10826777906205032, 0.1291052547798643]","[0.09031151060552978, 0.10818411769113785, 0.10826777906205032, 0.1291052547798643]","[-0.0013710791992812682, -0.0013708752506303734, 0.00023032322627080753, 0.03877495391764435]","[-0.001370888495758396, -0.0013708884957583187, 0.00023032322627080753, 0.03877495391764435]","[-2.6049746328526318e-05, 1.116821001162548e-05, -3.46369278942521e-07, 0.0002909808748018383]","[0.0, 0.0, 0.0, 0.0]"
combined_motor1_70_restore-A_best-existing_integral_020,restore,30.0,"[-0.001955602839589119, -0.0034269022196531294, 0.0003285592496395111, 0.5299573320796966]","[1.0, 1.0, 1.0, 1.0]","[1.0, 1.0, 1.0, 1.0]","[0.18437800754019787, 0.10825732431196855, 0.10825716099455879, 0.12906483923297146]","[0.18437800754019787, 0.10825732431196855, 0.10825716099455879, 0.12906483923297146]","[0.18437816966697962, 0.10825741077914736, 0.10825713132264209, 0.1290648212831194]","[0.18437816966697962, 0.10825741077914736, 0.10825713132264209, 0.1290648212831194]","[2.765666580165256e-07, 4.84641807331921e-07, 4.87890977618477e-19, 0.0]","[-1.0668549377257364e-16, -1.734723475976807e-18, 2.710505431213761e-19, 0.0]","[1.0474188186920808e-08, 3.089815765657672e-09, -3.7978897761067887e-10, -2.009721917772822e-07]","[0.0, 0.0, 0.0, 0.0]"
combined_motor1_70_restore-A_best-oracle_no_integral,fault,5.0,"[-2.5597637286409736e-05, -0.0014635149389505386, 5.1679555326700215e-08, 0.4749835844984532]","[0.7, 1.0, 1.0, 1.0]","[0.7, 1.0, 1.0, 1.0]","[0.18468255453802546, 0.10857601280244182, 0.10821835420352904, 0.12891142931586458]","[0.18468255453802546, 0.10857601280244182, 0.10821835420352904, 0.12891142931586458]","[0.13112333912755947, 0.10820392401438543, 0.10826676174267659, 0.12909769529461937]","[0.09178633738929162, 0.10820392401438543, 0.10826676174267659, 0.12909769529461937]","[3.6200873803923057e-09, 2.0697425250938706e-07, -5.70550143614166e-18, -5.551115123125783e-17]","[8.167091677425964e-17, 7.654467337747661e-17, -5.70550143614166e-18, -5.551115123125783e-17]","[-0.0013471528149785552, -0.0013076659658696683, 0.00022130788940692963, 0.037628866057480226]","[0.0, 0.0, 0.0, 0.0]"
combined_motor1_70_restore-A_best-oracle_no_integral,restore,30.0,"[-1.5676778275519608e-09, -0.001471291333436966, -1.0710209608078003e-11, 0.4746470641246319]","[1.0, 1.0, 1.0, 1.0]","[1.0, 1.0, 1.0, 1.0]","[0.12906547722736308, 0.10825807700547682, 0.10825805393342007, 0.12906545595837196]","[0.12906547722736308, 0.10825807700547682, 0.10825805393342007, 0.12906545595837196]","[0.1821515759309677, 0.10825806464018345, 0.10825805373633314, 0.12906545935628688]","[0.1821515759309677, 0.10825806464018345, 0.10825805373633314, 0.12906545935628688]","[2.2162518781996722e-13, 2.080740112314107e-07, 2.3765711638976833e-19, 0.0]","[-7.995340485887853e-17, -3.903127820947816e-18, 2.0816681892667444e-20, 0.0]","[0.0018771238997414078, 0.0018771250145154985, -0.000315331478394943, -0.053086089539139236]","[0.0, 0.0, 0.0, 0.0]"
combined_motor1_70_restore-A_best-oracle_integral_020,fault,5.0,"[-2.2423885529860853e-05, -0.0014645447954535484, 3.89651395380497e-08, 0.4749345969310284]","[0.7, 1.0, 1.0, 1.0]","[0.7, 1.0, 1.0, 1.0]","[0.18464263770307107, 0.10853457674498014, 0.10822073196726548, 0.1289294418266331]","[0.18464263770307107, 0.10853457674498014, 0.10822073196726548, 0.1289294418266331]","[0.13110771296694596, 0.10818411769113785, 0.1082677790620503, 0.1291052547798643]","[0.09177539907686216, 0.10818411769113785, 0.1082677790620503, 0.1291052547798643]","[3.1712467973852904e-09, 2.0711989760714873e-07, -5.486927231080648e-18, -5.551115123125783e-17]","[8.163703545636947e-17, 7.37257477290143e-17, -5.486927231080648e-18, -5.551115123125783e-17]","[-0.0013453690205102783, -0.0013081510641700415, 0.0002212813594721563, 0.03760204632111386]","[0.0, 0.0, 0.0, 0.0]"
combined_motor1_70_restore-A_best-oracle_integral_020,restore,30.0,"[-5.339097697287798e-10, -0.001471290662884712, 6.053596735000611e-12, 0.4746469225636006]","[1.0, 1.0, 1.0, 1.0]","[1.0, 1.0, 1.0, 1.0]","[0.12906543049117258, 0.10825803834132335, 0.10825803130018972, 0.12906542243091496]","[0.12906543049117258, 0.10825803834132335, 0.10825803130018972, 0.12906542243091496]","[0.18215154927785435, 0.10825804404093059, 0.10825803101389933, 0.12906542524751777]","[0.18215154927785435, 0.10825804404093059, 0.10825803101389933, 0.12906542524751777]","[7.542465783886265e-14, 2.0807391640080032e-07, 9.194034475668336e-20, -5.551115123125783e-17]","[-8.200037867633645e-17, -2.6020852139652106e-18, 9.194034475668336e-20, -5.551115123125783e-17]","[0.0018771252723633338, 0.0018771250684772591, -0.00031533149330603694, -0.053086127016601314]","[0.0, 0.0, 0.0, 0.0]"
combined_motor1_70_restore-B_best-existing_no_integral,fault,5.0,"[-3.324821591377258e-09, -0.0014712347835302351, 3.7293881177902225e-08, 0.47477827629952435]","[1.0, 1.0, 1.0, 1.0]","[0.7, 1.0, 1.0, 1.0]","[0.1290994628825881, 0.10828972228770174, 0.10829281448276143, 0.1290962766464731]","[0.1290994628825881, 0.10828972228770174, 0.10829281448276143, 0.1290962766464731]","[0.12908875036240308, 0.10828082919467023, 0.10828614136697637, 0.12908811350567437]","[0.09036212525368215, 0.10828082919467023, 0.10828614136697637, 0.12908811350567437]","[-0.0013694871017883702, -0.001369279036244703, 0.00023005524285677208, 0.03872983886477638]","[-0.0013692934530642514, -0.0013692934530641723, 0.00023005524285677208, 0.03872983886477638]","[-5.500603641041095e-08, -3.3838145091936306e-09, -1.713306225885336e-08, 3.1228113744841135e-05]","[0.0, 0.0, 0.0, 0.0]"
combined_motor1_70_restore-B_best-existing_no_integral,restore,30.0,"[-0.0019556182622909547, -0.0034269093722105026, 0.00032856383919715884, 0.5299607891490936]","[1.0, 1.0, 1.0, 1.0]","[1.0, 1.0, 1.0, 1.0]","[0.1843792246034674, 0.10825805389543025, 0.10825805879238906, 0.12906545185780693]","[0.1843792246034674, 0.10825805389543025, 0.10825805879238906, 0.12906545185780693]","[0.18437923534436973, 0.10825805318497608, 0.10825805211811547, 0.12906546248293496]","[0.18437923534436973, 0.10825805318497608, 0.10825805211811547, 0.12906546248293496]","[2.7656883913596e-07, 4.846428188669608e-07, 4.336808689942018e-19, 0.0]","[-1.0798653637955624e-16, -4.336808689942018e-19, 4.336808689942018e-19, 0.0]","[2.1497443321999432e-10, 1.0166268074769669e-09, 3.4737387879374415e-11, -1.3981302560139852e-08]","[0.0, 0.0, 0.0, 0.0]"
combined_motor1_70_restore-B_best-existing_integral_020,fault,5.0,"[-3.120861947536468e-08, -0.0014711184427142142, 3.619492053985596e-08, 0.47473465315012936]","[1.0, 1.0, 1.0, 1.0]","[0.7, 1.0, 1.0, 1.0]","[0.12908788535111507, 0.10827988258471039, 0.10828248793443276, 0.12908439727987117]","[0.12908788535111507, 0.10827988258471039, 0.10828248793443276, 0.12908439727987117]","[0.12907626316688067, 0.10826977800031717, 0.10827462076735209, 0.1290751484763001]","[0.09035338421681646, 0.10826977800031717, 0.10827462076735209, 0.1290751484763001]","[-0.0013693642833911034, -0.0013691562382440719, 0.00023003461169568716, 0.038726365605334545]","[-0.001369170655976684, -0.0013691706559766045, 0.0002300346116956876, 0.038726365605334545]","[-3.974968606742027e-08, 2.07711336744831e-08, -1.9903110001903354e-08, 3.535608400895285e-05]","[0.0, 0.0, 0.0, 0.0]"
combined_motor1_70_restore-B_best-existing_integral_020,restore,30.0,"[-0.001955615356564522, -0.003426904901862144, 0.0003285633623600006, 0.5299600738933563]","[1.0, 1.0, 1.0, 1.0]","[1.0, 1.0, 1.0, 1.0]","[0.18437897356340385, 0.10825790621405372, 0.108257912066776, 0.12906528204912274]","[0.18437897356340385, 0.10825790621405372, 0.108257912066776, 0.12906528204912274]","[0.1843789722999917, 0.10825790680953387, 0.10825790973526263, 0.12906528322057018]","[0.1843789722999917, 0.10825790680953387, 0.10825790973526263, 0.12906528322057018]","[2.765684281981831e-07, 4.846421866569646e-07, 4.87890977618477e-19, 0.0]","[-1.0928757898653885e-16, -2.168404344971009e-18, 4.87890977618477e-19, 0.0]","[1.740185686521789e-11, 5.813426302847535e-11, 3.184940744298259e-11, 1.82799797521227e-09]","[0.0, 0.0, 0.0, 0.0]"
combined_motor1_70_restore-B_best-oracle_no_integral,fault,5.0,"[-3.324821591377258e-09, -0.0014712347835302351, 3.7293881177902225e-08, 0.47477827629952435]","[0.7, 1.0, 1.0, 1.0]","[0.7, 1.0, 1.0, 1.0]","[0.18442780411798582, 0.1082897222877021, 0.10829281448275999, 0.12909627664647227]","[0.18442780411798582, 0.1082897222877021, 0.10829281448275999, 0.12909627664647227]","[0.1311783191165281, 0.10828082919467023, 0.10828614136697631, 0.1290881135056743]","[0.09182482338156966, 0.10828082919467023, 0.10828614136697631, 0.1290881135056743]","[4.702868476593004e-13, 2.0806601386930655e-07, -5.415802933290888e-18, -5.551115123125783e-17]","[8.180955927595873e-17, 7.676151381197371e-17, -5.415802933290888e-18, -5.551115123125783e-17]","[-0.0013178211024929619, -0.001317769480270979, 0.00022134968291486672, 0.03729836885063387]","[0.0, 0.0, 0.0, 0.0]"
combined_motor1_70_restore-B_best-oracle_no_integral,restore,30.0,"[-3.6321580410003663e-10, -0.0014712918922305106, 2.0489096641540526e-11, 0.47464703432230954]","[1.0, 1.0, 1.0, 1.0]","[1.0, 1.0, 1.0, 1.0]","[0.12906546652427522, 0.10825805577357484, 0.10825805236155098, 0.12906545966290853]","[0.12906546652427522, 0.10825805577357484, 0.10825805236155098, 0.12906545966290853]","[0.182151572223644, 0.10825805643636097, 0.10825805360686697, 0.12906545973415953]","[0.182151572223644, 0.10825805643636097, 0.10825805360686697, 0.12906545973415953]","[5.1285486274409236e-14, 2.0807409025825653e-07, 1.1102230127344352e-19, -5.551115123125783e-17]","[-8.097689187100506e-17, -1.951563910473908e-18, 1.1102230127344352e-19, -5.551115123125783e-17]","[0.0018771246744119893, 0.0018771246325786253, -0.00031533147089124686, -0.053086107678721906]","[0.0, 0.0, 0.0, 0.0]"
combined_motor1_70_restore-B_best-oracle_integral_020,fault,5.0,"[-3.120861947536468e-08, -0.0014711184427142142, 3.619492053985596e-08, 0.47473465315012936]","[0.7, 1.0, 1.0, 1.0]","[0.7, 1.0, 1.0, 1.0]","[0.18441126478731007, 0.10827988258471075, 0.1082824879344313, 0.12908439727987034]","[0.18441126478731007, 0.10827988258471075, 0.1082824879344313, 0.12908439727987034]","[0.13116562871486398, 0.10826977800031731, 0.108274620767352, 0.12907514847630006]","[0.09181594010040478, 0.10826977800031731, 0.108274620767352, 0.12907514847630006]","[4.413688607306697e-12, 2.0804956063621635e-07, -5.4765179902522805e-18, -5.551115123125783e-17]","[8.089015753768309e-17, 7.719519468096792e-17, -5.6933584247493814e-18, -5.551115123125783e-17]","[-0.0013176880614471683, -0.0013176275406273541, 0.0002213271266371772, 0.03729916580575526]","[0.0, 0.0, 0.0, 0.0]"
combined_motor1_70_restore-B_best-oracle_integral_020,restore,30.0,"[1.9557774066925048e-10, -0.001471291221678257, -2.0489096641540526e-11, 0.4746468853106976]","[1.0, 1.0, 1.0, 1.0]","[1.0, 1.0, 1.0, 1.0]","[0.12906541885382994, 0.10825802103560427, 0.10825802207684743, 0.12906542334441598]","[0.12906541885382994, 0.10825802103560427, 0.10825802207684743, 0.12906542334441598]","[0.18215150976603317, 0.10825801956180103, 0.10825801928906478, 0.12906541803067048]","[0.18215150976603317, 0.10825801956180103, 0.10825801928906478, 0.12906541803067048]","[-2.7740362090751835e-14, 2.0807399542699563e-07, 1.0581813322365736e-19, 0.0]","[-8.106362803963403e-17, -2.168404344971009e-18, 1.0581813322365736e-19, 0.0]","[0.0018771244090118595, 0.0018771241374511427, -0.000315331403777098, -0.053086081336871815]","[0.0, 0.0, 0.0, 0.0]"
