key,label,condition,configuration,allocator_mode,gain,completed,actual_duration_sec,end_reason,diagnostics__integral_frozen__duration_s_per_channel,diagnostics__integral_frozen__longest_continuous_s_per_channel,diagnostics__integral_frozen__duration_any_s,diagnostics__interval_allocator_clipping__duration_s_per_channel,diagnostics__interval_allocator_clipping__longest_continuous_s_per_channel,diagnostics__interval_allocator_clipping__duration_any_s,diagnostics__interval_esc_boundary__duration_s_per_channel,diagnostics__interval_esc_boundary__longest_continuous_s_per_channel,diagnostics__interval_esc_boundary__duration_any_s,diagnostics__interval_action_boundary__duration_s_per_channel,diagnostics__interval_action_boundary__longest_continuous_s_per_channel,diagnostics__interval_action_boundary__duration_any_s,diagnostics__integral_xy_at_limit__duration_s_per_channel,diagnostics__integral_xy_at_limit__longest_continuous_s_per_channel,diagnostics__integral_xy_at_limit__duration_any_s,diagnostics__integral_z_at_limit__duration_s_per_channel,diagnostics__integral_z_at_limit__longest_continuous_s_per_channel,diagnostics__integral_z_at_limit__duration_any_s,diagnostics__integral_xy_projected__duration_s_per_channel,diagnostics__integral_xy_projected__longest_continuous_s_per_channel,diagnostics__integral_xy_projected__duration_any_s,diagnostics__integral_z_projected__duration_s_per_channel,diagnostics__integral_z_projected__longest_continuous_s_per_channel,diagnostics__integral_z_projected__duration_any_s,diagnostics__xi_final_m,diagnostics__xi_max_xy_norm_m,diagnostics__xi_max_abs_z_m
nominal-A_best-existing_no_integral,A_best,nominal,existing_no_integral,existing,no_integral,True,60.0,horizon,[0.0],[0.0],0.0,[0.0],[0.0],0.0,[0.0],[0.0],0.0,[0.0],[0.0],0.0,[0.0],[0.0],0.0,[0.0],[0.0],0.0,[0.0],[0.0],0.0,[0.0],[0.0],0.0,"[0.0, 0.0, 0.0]",0.0,0.0
nominal-A_best-existing_integral_020,A_best,nominal,existing_integral_020,existing,integral_020,True,60.0,horizon,[0.0],[0.0],0.0,[0.0],[0.0],0.0,[0.0],[0.0],0.0,[0.0],[0.0],0.0,[0.0],[0.0],0.0,[0.0],[0.0],0.0,[0.0],[0.0],0.0,[0.0],[0.0],0.0,"[0.0014376058458151998, 0.0013037057885478258, -0.0013277910553573782]",0.0019407110426375032,0.0013277910553573782
nominal-A_best-oracle_no_integral,A_best,nominal,oracle_no_integral,oracle,no_integral,True,60.0,horizon,[0.0],[0.0],0.0,[0.0],[0.0],0.0,[0.0],[0.0],0.0,[0.0],[0.0],0.0,[0.0],[0.0],0.0,[0.0],[0.0],0.0,[0.0],[0.0],0.0,[0.0],[0.0],0.0,"[0.0, 0.0, 0.0]",0.0,0.0
nominal-A_best-oracle_integral_020,A_best,nominal,oracle_integral_020,oracle,integral_020,True,60.0,horizon,[0.0],[0.0],0.0,[0.0],[0.0],0.0,[0.0],[0.0],0.0,[0.0],[0.0],0.0,[0.0],[0.0],0.0,[0.0],[0.0],0.0,[0.0],[0.0],0.0,[0.0],[0.0],0.0,"[0.0014376058458151998, 0.0013037057885478258, -0.0013277910553573782]",0.0019407110426375032,0.0013277910553573782
nominal-B_best-existing_no_integral,B_best,nominal,existing_no_integral,existing,no_integral,True,60.0,horizon,[0.0],[0.0],0.0,[0.0],[0.0],0.0,[0.0],[0.0],0.0,[0.0],[0.0],0.0,[0.0],[0.0],0.0,[0.0],[0.0],0.0,[0.0],[0.0],0.0,[0.0],[0.0],0.0,"[0.0, 0.0, 0.0]",0.0,0.0
nominal-B_best-existing_integral_020,B_best,nominal,existing_integral_020,existing,integral_020,True,60.0,horizon,[0.0],[0.0],0.0,[0.0],[0.0],0.0,[0.0],[0.0],0.0,[0.0],[0.0],0.0,[0.0],[0.0],0.0,[0.0],[0.0],0.0,[0.0],[0.0],0.0,[0.0],[0.0],0.0,"[-0.0015417336739428557, 0.0005826210614345499, -0.0017659343046257216]",0.0016481474517155488,0.0017659343046257216
nominal-B_best-oracle_no_integral,B_best,nominal,oracle_no_integral,oracle,no_integral,True,60.0,horizon,[0.0],[0.0],0.0,[0.0],[0.0],0.0,[0.0],[0.0],0.0,[0.0],[0.0],0.0,[0.0],[0.0],0.0,[0.0],[0.0],0.0,[0.0],[0.0],0.0,[0.0],[0.0],0.0,"[0.0, 0.0, 0.0]",0.0,0.0
nominal-B_best-oracle_integral_020,B_best,nominal,oracle_integral_020,oracle,integral_020,True,60.0,horizon,[0.0],[0.0],0.0,[0.0],[0.0],0.0,[0.0],[0.0],0.0,[0.0],[0.0],0.0,[0.0],[0.0],0.0,[0.0],[0.0],0.0,[0.0],[0.0],0.0,[0.0],[0.0],0.0,"[-0.0015417336739428557, 0.0005826210614345499, -0.0017659343046257216]",0.0016481474517155488,0.0017659343046257216
combined_motor2_70-A_best-existing_no_integral,A_best,combined_motor2_70,existing_no_integral,existing,no_integral,False,5.41,max_tilt,[0.0],[0.0],0.0,[0.38],[0.38],0.38,[0.0],[0.0],0.0,[0.25],[0.25],0.25,[0.0],[0.0],0.0,[0.0],[0.0],0.0,[0.0],[0.0],0.0,[0.0],[0.0],0.0,"[0.0, 0.0, 0.0]",0.0,0.0
combined_motor2_70-A_best-existing_integral_020,A_best,combined_motor2_70,existing_integral_020,existing,integral_020,False,5.41,max_tilt,[0.38],[0.38],0.38,[0.38],[0.38],0.38,[0.0],[0.0],0.0,[0.25],[0.25],0.25,[0.0],[0.0],0.0,[0.0],[0.0],0.0,[0.0],[0.0],0.0,[0.0],[0.0],0.0,"[0.0005335795330690643, 0.040511910134057916, -0.003474815825310157]",0.040515423851023635,0.003474815825310157
combined_motor2_70-A_best-oracle_no_integral,A_best,combined_motor2_70,oracle_no_integral,oracle,no_integral,False,5.84,max_tilt,[0.0],[0.0],0.0,[0.6900000000000001],[0.5],0.6900000000000001,[0.0],[0.0],0.0,[0.01],[0.01],0.01,[0.0],[0.0],0.0,[0.0],[0.0],0.0,[0.0],[0.0],0.0,[0.0],[0.0],0.0,"[0.0, 0.0, 0.0]",0.0,0.0
combined_motor2_70-A_best-oracle_integral_020,A_best,combined_motor2_70,oracle_integral_020,oracle,integral_020,False,5.84,max_tilt,[0.6900000000000001],[0.5],0.6900000000000001,[0.6900000000000001],[0.5],0.6900000000000001,[0.0],[0.0],0.0,[0.01],[0.01],0.01,[0.0],[0.0],0.0,[0.0],[0.0],0.0,[0.0],[0.0],0.0,[0.0],[0.0],0.0,"[0.004256329490529791, 0.04534128304981956, -0.004164842313356602]",0.04554062240830496,0.004164842313356602
combined_motor2_70-B_best-existing_no_integral,B_best,combined_motor2_70,existing_no_integral,existing,no_integral,True,60.0,horizon,[0.0],[0.0],0.0,[0.19],[0.13],0.19,[0.0],[0.0],0.0,[0.0],[0.0],0.0,[0.0],[0.0],0.0,[0.0],[0.0],0.0,[0.0],[0.0],0.0,[0.0],[0.0],0.0,"[0.0, 0.0, 0.0]",0.0,0.0
combined_motor2_70-B_best-existing_integral_020,B_best,combined_motor2_70,existing_integral_020,existing,integral_020,True,60.0,horizon,[0.19],[0.13],0.19,[0.19],[0.13],0.19,[0.0],[0.0],0.0,[0.0],[0.0],0.0,[0.0],[0.0],0.0,[0.0],[0.0],0.0,[0.0],[0.0],0.0,[0.0],[0.0],0.0,"[0.1262748020225364, 0.24837077900315005, 0.06180563724388205]",0.27864099671933745,0.06180616583196412
combined_motor2_70-B_best-oracle_no_integral,B_best,combined_motor2_70,oracle_no_integral,oracle,no_integral,True,60.0,horizon,[0.0],[0.0],0.0,[0.24],[0.24],0.24,[0.0],[0.0],0.0,[0.0],[0.0],0.0,[0.0],[0.0],0.0,[0.0],[0.0],0.0,[0.0],[0.0],0.0,[0.0],[0.0],0.0,"[0.0, 0.0, 0.0]",0.0,0.0
combined_motor2_70-B_best-oracle_integral_020,B_best,combined_motor2_70,oracle_integral_020,oracle,integral_020,True,60.0,horizon,[0.24],[0.24],0.24,[0.24],[0.24],0.24,[0.0],[0.0],0.0,[0.0],[0.0],0.0,[0.0],[0.0],0.0,[0.0],[0.0],0.0,[0.0],[0.0],0.0,[0.0],[0.0],0.0,"[0.00758180143563947, 0.11689971837143247, 0.021411236605133166]",0.117145327983363,0.021411236605133166
combined_motor3_70-A_best-existing_no_integral,A_best,combined_motor3_70,existing_no_integral,existing,no_integral,False,7.13,max_tilt,[0.0],[0.0],0.0,[1.37],[0.68],1.37,[0.0],[0.0],0.0,[0.25],[0.19],0.25,[0.0],[0.0],0.0,[0.0],[0.0],0.0,[0.0],[0.0],0.0,[0.0],[0.0],0.0,"[0.0, 0.0, 0.0]",0.0,0.0
combined_motor3_70-A_best-existing_integral_020,A_best,combined_motor3_70,existing_integral_020,existing,integral_020,False,7.16,max_tilt,[1.3800000000000001],[0.66],1.3800000000000001,[1.3800000000000001],[0.66],1.3800000000000001,[0.0],[0.0],0.0,[0.26],[0.22],0.26,[0.0],[0.0],0.0,[0.0],[0.0],0.0,[0.0],[0.0],0.0,[0.0],[0.0],0.0,"[0.0583154859882462, -0.01436779244192349, 0.025561998367901385]",0.06005938199565104,0.025561998367901385
combined_motor3_70-A_best-oracle_no_integral,A_best,combined_motor3_70,oracle_no_integral,oracle,no_integral,True,60.0,horizon,[0.0],[0.0],0.0,[0.28],[0.28],0.28,[0.0],[0.0],0.0,[0.0],[0.0],0.0,[0.0],[0.0],0.0,[0.0],[0.0],0.0,[0.0],[0.0],0.0,[0.0],[0.0],0.0,"[0.0, 0.0, 0.0]",0.0,0.0
combined_motor3_70-A_best-oracle_integral_020,A_best,combined_motor3_70,oracle_integral_020,oracle,integral_020,True,60.0,horizon,[0.28],[0.28],0.28,[0.28],[0.28],0.28,[0.0],[0.0],0.0,[0.0],[0.0],0.0,[0.0],[0.0],0.0,[0.0],[0.0],0.0,[0.0],[0.0],0.0,[0.0],[0.0],0.0,"[0.05635012248886968, 0.004128452960830433, 0.023288850912057846]",0.05650115422148831,0.023289954635533298
combined_motor3_70-B_best-existing_no_integral,B_best,combined_motor3_70,existing_no_integral,existing,no_integral,False,5.29,max_tilt,[0.0],[0.0],0.0,[0.25],[0.25],0.25,[0.0],[0.0],0.0,[0.04],[0.03],0.04,[0.0],[0.0],0.0,[0.0],[0.0],0.0,[0.0],[0.0],0.0,[0.0],[0.0],0.0,"[0.0, 0.0, 0.0]",0.0,0.0
combined_motor3_70-B_best-existing_integral_020,B_best,combined_motor3_70,existing_integral_020,existing,integral_020,False,5.29,max_tilt,[0.25],[0.25],0.25,[0.25],[0.25],0.25,[0.0],[0.0],0.0,[0.04],[0.03],0.04,[0.0],[0.0],0.0,[0.0],[0.0],0.0,[0.0],[0.0],0.0,[0.0],[0.0],0.0,"[0.04164757755649095, -0.011817311914859237, 0.0051366590902207]",0.04329168023092893,0.0051366590902207
combined_motor3_70-B_best-oracle_no_integral,B_best,combined_motor3_70,oracle_no_integral,oracle,no_integral,False,5.39,max_tilt,[0.0],[0.0],0.0,[0.38],[0.38],0.38,[0.0],[0.0],0.0,[0.09],[0.09],0.09,[0.0],[0.0],0.0,[0.0],[0.0],0.0,[0.0],[0.0],0.0,[0.0],[0.0],0.0,"[0.0, 0.0, 0.0]",0.0,0.0
combined_motor3_70-B_best-oracle_integral_020,B_best,combined_motor3_70,oracle_integral_020,oracle,integral_020,False,5.39,max_tilt,[0.38],[0.38],0.38,[0.38],[0.38],0.38,[0.0],[0.0],0.0,[0.09],[0.09],0.09,[0.0],[0.0],0.0,[0.0],[0.0],0.0,[0.0],[0.0],0.0,[0.0],[0.0],0.0,"[0.041473320613224035, -0.011745773316221841, 0.005103990204032318]",0.04310451848105188,0.005103990204032318
motor1_70_restore-A_best-existing_no_integral,A_best,motor1_70_restore,existing_no_integral,existing,no_integral,True,60.0,horizon,[0.0],[0.0],0.0,[0.0],[0.0],0.0,[0.0],[0.0],0.0,[0.0],[0.0],0.0,[0.0],[0.0],0.0,[0.0],[0.0],0.0,[0.0],[0.0],0.0,[0.0],[0.0],0.0,"[0.0, 0.0, 0.0]",0.0,0.0
motor1_70_restore-A_best-existing_integral_020,A_best,motor1_70_restore,existing_integral_020,existing,integral_020,True,60.0,horizon,[0.0],[0.0],0.0,[0.0],[0.0],0.0,[0.0],[0.0],0.0,[0.0],[0.0],0.0,[0.0],[0.0],0.0,[0.0],[0.0],0.0,[0.0],[0.0],0.0,[0.0],[0.0],0.0,"[0.0013511941404057272, 0.0013784054751787415, -0.0012723220890210418]",0.09995862256753807,0.010040332413634888
motor1_70_restore-A_best-oracle_no_integral,A_best,motor1_70_restore,oracle_no_integral,oracle,no_integral,True,60.0,horizon,[0.0],[0.0],0.0,[0.06],[0.06],0.06,[0.0],[0.0],0.0,[0.0],[0.0],0.0,[0.0],[0.0],0.0,[0.0],[0.0],0.0,[0.0],[0.0],0.0,[0.0],[0.0],0.0,"[0.0, 0.0, 0.0]",0.0,0.0
motor1_70_restore-A_best-oracle_integral_020,A_best,motor1_70_restore,oracle_integral_020,oracle,integral_020,True,60.0,horizon,[0.06],[0.06],0.06,[0.06],[0.06],0.06,[0.0],[0.0],0.0,[0.0],[0.0],0.0,[0.0],[0.0],0.0,[0.0],[0.0],0.0,[0.0],[0.0],0.0,[0.0],[0.0],0.0,"[0.0014383853977841957, 0.0013023808925082655, -0.0013277583827887498]",0.0020495171881870573,0.001414427209219411
motor1_70_restore-B_best-existing_no_integral,B_best,motor1_70_restore,existing_no_integral,existing,no_integral,True,60.0,horizon,[0.0],[0.0],0.0,[0.0],[0.0],0.0,[0.0],[0.0],0.0,[0.0],[0.0],0.0,[0.0],[0.0],0.0,[0.0],[0.0],0.0,[0.0],[0.0],0.0,[0.0],[0.0],0.0,"[0.0, 0.0, 0.0]",0.0,0.0
motor1_70_restore-B_best-existing_integral_020,B_best,motor1_70_restore,existing_integral_020,existing,integral_020,True,60.0,horizon,[0.0],[0.0],0.0,[0.0],[0.0],0.0,[0.0],[0.0],0.0,[0.0],[0.0],0.0,[0.0],[0.0],0.0,[0.0],[0.0],0.0,[0.0],[0.0],0.0,[0.0],[0.0],0.0,"[-0.0016055875506142431, 0.0006418709416265625, -0.0016778188276272991]",0.1728010003211378,0.012571975040128172
motor1_70_restore-B_best-oracle_no_integral,B_best,motor1_70_restore,oracle_no_integral,oracle,no_integral,True,60.0,horizon,[0.0],[0.0],0.0,[0.05],[0.05],0.05,[0.0],[0.0],0.0,[0.0],[0.0],0.0,[0.0],[0.0],0.0,[0.0],[0.0],0.0,[0.0],[0.0],0.0,[0.0],[0.0],0.0,"[0.0, 0.0, 0.0]",0.0,0.0
motor1_70_restore-B_best-oracle_integral_020,B_best,motor1_70_restore,oracle_integral_020,oracle,integral_020,True,60.0,horizon,[0.05],[0.05],0.05,[0.05],[0.05],0.05,[0.0],[0.0],0.0,[0.0],[0.0],0.0,[0.0],[0.0],0.0,[0.0],[0.0],0.0,[0.0],[0.0],0.0,[0.0],[0.0],0.0,"[-0.001541640071264635, 0.0005815008362908089, -0.0017661365257918842]",0.0024176146202655817,0.0020309861069434006
combined_motor1_70_restore-A_best-existing_no_integral,A_best,combined_motor1_70_restore,existing_no_integral,existing,no_integral,True,60.0,horizon,[0.0],[0.0],0.0,[0.52],[0.3],0.52,[0.0],[0.0],0.0,[0.0],[0.0],0.0,[0.0],[0.0],0.0,[0.0],[0.0],0.0,[0.0],[0.0],0.0,[0.0],[0.0],0.0,"[0.0, 0.0, 0.0]",0.0,0.0
combined_motor1_70_restore-A_best-existing_integral_020,A_best,combined_motor1_70_restore,existing_integral_020,existing,integral_020,True,60.0,horizon,[0.51],[0.3],0.51,[0.51],[0.3],0.51,[0.0],[0.0],0.0,[0.0],[0.0],0.0,[0.0],[0.0],0.0,[0.0],[0.0],0.0,[0.0],[0.0],0.0,[0.0],[0.0],0.0,"[-0.07168508343472507, 0.006643770251349703, 0.01864744646907423]",0.19010122138315028,0.019440463778381285
combined_motor1_70_restore-A_best-oracle_no_integral,A_best,combined_motor1_70_restore,oracle_no_integral,oracle,no_integral,True,60.0,horizon,[0.0],[0.0],0.0,[0.33],[0.24],0.33,[0.0],[0.0],0.0,[0.0],[0.0],0.0,[0.0],[0.0],0.0,[0.0],[0.0],0.0,[0.0],[0.0],0.0,[0.0],[0.0],0.0,"[0.0, 0.0, 0.0]",0.0,0.0
combined_motor1_70_restore-A_best-oracle_integral_020,A_best,combined_motor1_70_restore,oracle_integral_020,oracle,integral_020,True,60.0,horizon,[0.33],[0.24],0.33,[0.33],[0.24],0.33,[0.0],[0.0],0.0,[0.0],[0.0],0.0,[0.0],[0.0],0.0,[0.0],[0.0],0.0,[0.0],[0.0],0.0,[0.0],[0.0],0.0,"[-0.07157304334202681, 0.006550268677977163, 0.01857592441273436]",0.07187215422535585,0.019130929794418498
combined_motor1_70_restore-B_best-existing_no_integral,B_best,combined_motor1_70_restore,existing_no_integral,existing,no_integral,True,60.0,horizon,[0.0],[0.0],0.0,[0.29],[0.17],0.29,[0.0],[0.0],0.0,[0.0],[0.0],0.0,[0.0],[0.0],0.0,[0.0],[0.0],0.0,[0.0],[0.0],0.0,[0.0],[0.0],0.0,"[0.0, 0.0, 0.0]",0.0,0.0
combined_motor1_70_restore-B_best-existing_integral_020,B_best,combined_motor1_70_restore,existing_integral_020,existing,integral_020,True,60.0,horizon,[0.29],[0.17],0.29,[0.29],[0.17],0.29,[0.0],[0.0],0.0,[0.0],[0.0],0.0,[0.0],[0.0],0.0,[0.0],[0.0],0.0,[0.0],[0.0],0.0,[0.0],[0.0],0.0,"[-0.07843659840686748, 0.02092832860443609, 0.033153729867822126]",0.277045335309289,0.05326520154668399
combined_motor1_70_restore-B_best-oracle_no_integral,B_best,combined_motor1_70_restore,oracle_no_integral,oracle,no_integral,True,60.0,horizon,[0.0],[0.0],0.0,[0.27],[0.19],0.27,[0.0],[0.0],0.0,[0.0],[0.0],0.0,[0.0],[0.0],0.0,[0.0],[0.0],0.0,[0.0],[0.0],0.0,[0.0],[0.0],0.0,"[0.0, 0.0, 0.0]",0.0,0.0
combined_motor1_70_restore-B_best-oracle_integral_020,B_best,combined_motor1_70_restore,oracle_integral_020,oracle,integral_020,True,60.0,horizon,[0.27],[0.19],0.27,[0.27],[0.19],0.27,[0.0],[0.0],0.0,[0.0],[0.0],0.0,[0.0],[0.0],0.0,[0.0],[0.0],0.0,[0.0],[0.0],0.0,[0.0],[0.0],0.0,"[-0.07835235575948495, 0.02085447008314134, 0.033038939953824134]",0.08108021075151156,0.03314334305773858
