key,label,condition,configuration,allocator_mode,gain,completed,actual_duration_sec,end_reason,diagnostics__sampling,diagnostics__physics_dt,diagnostics__allocator_clipped__duration_s_per_channel,diagnostics__allocator_clipped__longest_continuous_s_per_channel,diagnostics__allocator_clipped__duration_any_s,diagnostics__allocator_lower__duration_s_per_channel,diagnostics__allocator_lower__longest_continuous_s_per_channel,diagnostics__allocator_lower__duration_any_s,diagnostics__allocator_upper__duration_s_per_channel,diagnostics__allocator_upper__longest_continuous_s_per_channel,diagnostics__allocator_upper__duration_any_s,diagnostics__esc_lower__duration_s_per_channel,diagnostics__esc_lower__longest_continuous_s_per_channel,diagnostics__esc_lower__duration_any_s,diagnostics__esc_upper__duration_s_per_channel,diagnostics__esc_upper__longest_continuous_s_per_channel,diagnostics__esc_upper__duration_any_s,diagnostics__actual_effective_upper__duration_s_per_channel,diagnostics__actual_effective_upper__longest_continuous_s_per_channel,diagnostics__actual_effective_upper__duration_any_s,diagnostics__policy_action_at_bound__duration_s_per_channel,diagnostics__policy_action_at_bound__longest_continuous_s_per_channel,diagnostics__policy_action_at_bound__duration_any_s,diagnostics__policy_action_clipped__duration_s_per_channel,diagnostics__policy_action_clipped__longest_continuous_s_per_channel,diagnostics__policy_action_clipped__duration_any_s,diagnostics__allocator_lower_margin_n_minimum_per_motor,diagnostics__allocator_upper_margin_n_minimum_per_motor,diagnostics__esc_lower_margin_minimum_per_motor,diagnostics__esc_upper_margin_minimum_per_motor,diagnostics__effective_max_margin_n_minimum_per_motor,diagnostics__nominal_max_thrust_n_minimum_per_motor,diagnostics__nominal_max_thrust_n_maximum_per_motor,diagnostics__effective_max_thrust_n_minimum_per_motor,diagnostics__effective_max_thrust_n_maximum_per_motor,diagnostics__thrust_lag_rms_n_per_motor,wrench__sample_count,wrench__moment_reference,wrench__allocation_residual_xml__moment_rms_xyz_nm,wrench__allocation_residual_xml__moment_norm_rms_nm,wrench__allocation_residual_xml__moment_norm_max_nm,wrench__allocation_residual_xml__force_rms_n,wrench__allocation_residual_xml__force_max_abs_n,wrench__actuator_response_residual_xml__moment_rms_xyz_nm,wrench__actuator_response_residual_xml__moment_norm_rms_nm,wrench__actuator_response_residual_xml__moment_norm_max_nm,wrench__actuator_response_residual_xml__force_rms_n,wrench__actuator_response_residual_xml__force_max_abs_n,wrench__total_rotor_residual_xml__moment_rms_xyz_nm,wrench__total_rotor_residual_xml__moment_norm_rms_nm,wrench__total_rotor_residual_xml__moment_norm_max_nm,wrench__total_rotor_residual_xml__force_rms_n,wrench__total_rotor_residual_xml__force_max_abs_n,wrench__allocation_residual_b0__moment_rms_xyz_nm,wrench__allocation_residual_b0__moment_norm_rms_nm,wrench__allocation_residual_b0__moment_norm_max_nm,wrench__allocation_residual_b0__force_rms_n,wrench__allocation_residual_b0__force_max_abs_n,wrench__geometry_wrench_difference__moment_rms_xyz_nm,wrench__geometry_wrench_difference__moment_norm_rms_nm,wrench__geometry_wrench_difference__moment_norm_max_nm,wrench__geometry_wrench_difference__force_rms_n,wrench__geometry_wrench_difference__force_max_abs_n
nominal-A_best-existing_no_integral,A_best,nominal,existing_no_integral,existing,no_integral,True,60.0,horizon,every physics interval; dwell = interval count * physics_dt,0.002,"[0.0, 0.0, 0.0, 0.0]","[0.0, 0.0, 0.0, 0.0]",0.0,"[0.0, 0.0, 0.0, 0.0]","[0.0, 0.0, 0.0, 0.0]",0.0,"[0.0, 0.0, 0.0, 0.0]","[0.0, 0.0, 0.0, 0.0]",0.0,"[0.0, 0.0, 0.0, 0.0]","[0.0, 0.0, 0.0, 0.0]",0.0,"[0.0, 0.0, 0.0, 0.0]","[0.0, 0.0, 0.0, 0.0]",0.0,"[0.0, 0.0, 0.0, 0.0]","[0.0, 0.0, 0.0, 0.0]",0.0,"[0.0, 0.0, 0.0, 0.0]","[0.0, 0.0, 0.0, 0.0]",0.0,"[0.0, 0.0, 0.0, 0.0]","[0.0, 0.0, 0.0, 0.0]",0.0,"[0.10608781943199337, 0.1056541063434537, 0.10626050377640389, 0.10586889641945596]","[0.09317272527158255, 0.09290513386465199, 0.09334738131334983, 0.09241521406922501]","[0.5445250322635028, 0.5433342776748339, 0.5449987316720872, 0.5439241631748784]","[0.45344813304266796, 0.4527156952282009, 0.45392648582351136, 0.4513761109637442]","[0.09334842929037353, 0.09322790610416859, 0.09347135858663615, 0.09311040039565242]","[0.2, 0.2, 0.2, 0.2]","[0.2, 0.2, 0.2, 0.2]","[0.2, 0.2, 0.2, 0.2]","[0.2, 0.2, 0.2, 0.2]","[1.9786539396298477e-05, 4.853845212816196e-05, 6.860482614106698e-06, 3.33670509610455e-05]",30000,"body origin, body frame; no gravity/external torque","[5.042641425489028e-10, 2.7405585806970207e-10, 2.018119566457713e-19]",5.739241577098116e-10,6.4720888160238626e-09,4.8084749098874264e-17,5.551115123125783e-17,"[3.2517814760346475e-06, 1.763800439137851e-06, 2.1427152667630157e-07]",3.7055346502399988e-06,4.395796639114721e-05,5.818289667111678e-05,0.0017622507157669665,"[3.2513122844657917e-06, 1.7635459402816212e-06, 2.1427152667630097e-07]",3.7050017735145705e-06,4.39515328660181e-05,5.818289667111697e-05,0.0017622507157669665,"[6.575336549766097e-17, 1.1464881987175365e-18, 2.1476907151427118e-19]",6.576371062533611e-17,6.781575284291438e-17,4.8084749098874264e-17,5.551115123125783e-17,"[5.042641425441133e-10, 2.7405585807225894e-10, 1.5488034538242788e-19]",5.739241577068427e-10,6.472088874261098e-09,0.0,0.0
nominal-A_best-existing_integral_020,A_best,nominal,existing_integral_020,existing,integral_020,True,60.0,horizon,every physics interval; dwell = interval count * physics_dt,0.002,"[0.0, 0.0, 0.0, 0.0]","[0.0, 0.0, 0.0, 0.0]",0.0,"[0.0, 0.0, 0.0, 0.0]","[0.0, 0.0, 0.0, 0.0]",0.0,"[0.0, 0.0, 0.0, 0.0]","[0.0, 0.0, 0.0, 0.0]",0.0,"[0.0, 0.0, 0.0, 0.0]","[0.0, 0.0, 0.0, 0.0]",0.0,"[0.0, 0.0, 0.0, 0.0]","[0.0, 0.0, 0.0, 0.0]",0.0,"[0.0, 0.0, 0.0, 0.0]","[0.0, 0.0, 0.0, 0.0]",0.0,"[0.0, 0.0, 0.0, 0.0]","[0.0, 0.0, 0.0, 0.0]",0.0,"[0.0, 0.0, 0.0, 0.0]","[0.0, 0.0, 0.0, 0.0]",0.0,"[0.10608749256023557, 0.10565383604539444, 0.10625974284369456, 0.1058688206231864]","[0.09317274288807784, 0.0929057870004276, 0.09334738131334983, 0.09241521406922501]","[0.5445241353872013, 0.5433335351206262, 0.5449966448203053, 0.5439239550758942]","[0.45344818127952013, 0.45271748229922637, 0.45392648582351136, 0.4513761109637442]","[0.09334844931651778, 0.09322791246191572, 0.09347136209470999, 0.09311040005837255]","[0.2, 0.2, 0.2, 0.2]","[0.2, 0.2, 0.2, 0.2]","[0.2, 0.2, 0.2, 0.2]","[0.2, 0.2, 0.2, 0.2]","[1.9788161316404266e-05, 4.8541807039038735e-05, 6.864660278392486e-06, 3.33684760488949e-05]",30000,"body origin, body frame; no gravity/external torque","[5.043058208044274e-10, 2.740844649643594e-10, 2.0337184351885373e-19]",5.739744374378009e-10,6.4721179824334875e-09,4.8042007091228644e-17,5.551115123125783e-17,"[3.25199931284991e-06, 1.7639721920584488e-06, 2.1427721017197432e-07]",3.7058078940942072e-06,4.3958148605310425e-05,5.818704347946409e-05,0.0017622507157669665,"[3.2515300898490805e-06, 1.7637176684220349e-06, 2.1427721017197273e-07]",3.7052749779061055e-06,4.395171505164378e-05,5.818704347946361e-05,0.0017622507157669665,"[6.574575706262076e-17, 1.1551105542861758e-18, 2.182191598329784e-19]",6.575626564618434e-17,6.776266087602852e-17,4.8042007091228644e-17,5.551115123125783e-17,"[5.04305820797701e-10, 2.7408446496082487e-10, 1.5276609957161683e-19]",5.739744374302237e-10,6.4721180416351695e-09,0.0,0.0
nominal-A_best-oracle_no_integral,A_best,nominal,oracle_no_integral,oracle,no_integral,True,60.0,horizon,every physics interval; dwell = interval count * physics_dt,0.002,"[0.0, 0.0, 0.0, 0.0]","[0.0, 0.0, 0.0, 0.0]",0.0,"[0.0, 0.0, 0.0, 0.0]","[0.0, 0.0, 0.0, 0.0]",0.0,"[0.0, 0.0, 0.0, 0.0]","[0.0, 0.0, 0.0, 0.0]",0.0,"[0.0, 0.0, 0.0, 0.0]","[0.0, 0.0, 0.0, 0.0]",0.0,"[0.0, 0.0, 0.0, 0.0]","[0.0, 0.0, 0.0, 0.0]",0.0,"[0.0, 0.0, 0.0, 0.0]","[0.0, 0.0, 0.0, 0.0]",0.0,"[0.0, 0.0, 0.0, 0.0]","[0.0, 0.0, 0.0, 0.0]",0.0,"[0.0, 0.0, 0.0, 0.0]","[0.0, 0.0, 0.0, 0.0]",0.0,"[0.10608781943199337, 0.1056541063434537, 0.10626050377640389, 0.10586889641945596]","[0.09317272527158255, 0.09290513386465199, 0.09334738131334983, 0.09241521406922501]","[0.5445250322635028, 0.5433342776748339, 0.5449987316720872, 0.5439241631748784]","[0.45344813304266796, 0.4527156952282009, 0.45392648582351136, 0.4513761109637442]","[0.09334842929037353, 0.09322790610416859, 0.09347135858663615, 0.09311040039565242]","[0.2, 0.2, 0.2, 0.2]","[0.2, 0.2, 0.2, 0.2]","[0.2, 0.2, 0.2, 0.2]","[0.2, 0.2, 0.2, 0.2]","[1.9786539396298477e-05, 4.853845212816196e-05, 6.860482614106698e-06, 3.33670509610455e-05]",30000,"body origin, body frame; no gravity/external torque","[5.042641425489028e-10, 2.7405585806970207e-10, 2.018119566457713e-19]",5.739241577098116e-10,6.4720888160238626e-09,4.8084749098874264e-17,5.551115123125783e-17,"[3.2517814760346475e-06, 1.763800439137851e-06, 2.1427152667630157e-07]",3.7055346502399988e-06,4.395796639114721e-05,5.818289667111678e-05,0.0017622507157669665,"[3.2513122844657917e-06, 1.7635459402816212e-06, 2.1427152667630097e-07]",3.7050017735145705e-06,4.39515328660181e-05,5.818289667111697e-05,0.0017622507157669665,"[6.575336549766097e-17, 1.1464881987175365e-18, 2.1476907151427118e-19]",6.576371062533611e-17,6.781575284291438e-17,4.8084749098874264e-17,5.551115123125783e-17,"[5.042641425441133e-10, 2.7405585807225894e-10, 1.5488034538242788e-19]",5.739241577068427e-10,6.472088874261098e-09,0.0,0.0
nominal-A_best-oracle_integral_020,A_best,nominal,oracle_integral_020,oracle,integral_020,True,60.0,horizon,every physics interval; dwell = interval count * physics_dt,0.002,"[0.0, 0.0, 0.0, 0.0]","[0.0, 0.0, 0.0, 0.0]",0.0,"[0.0, 0.0, 0.0, 0.0]","[0.0, 0.0, 0.0, 0.0]",0.0,"[0.0, 0.0, 0.0, 0.0]","[0.0, 0.0, 0.0, 0.0]",0.0,"[0.0, 0.0, 0.0, 0.0]","[0.0, 0.0, 0.0, 0.0]",0.0,"[0.0, 0.0, 0.0, 0.0]","[0.0, 0.0, 0.0, 0.0]",0.0,"[0.0, 0.0, 0.0, 0.0]","[0.0, 0.0, 0.0, 0.0]",0.0,"[0.0, 0.0, 0.0, 0.0]","[0.0, 0.0, 0.0, 0.0]",0.0,"[0.0, 0.0, 0.0, 0.0]","[0.0, 0.0, 0.0, 0.0]",0.0,"[0.10608749256023557, 0.10565383604539444, 0.10625974284369456, 0.1058688206231864]","[0.09317274288807784, 0.0929057870004276, 0.09334738131334983, 0.09241521406922501]","[0.5445241353872013, 0.5433335351206262, 0.5449966448203053, 0.5439239550758942]","[0.45344818127952013, 0.45271748229922637, 0.45392648582351136, 0.4513761109637442]","[0.09334844931651778, 0.09322791246191572, 0.09347136209470999, 0.09311040005837255]","[0.2, 0.2, 0.2, 0.2]","[0.2, 0.2, 0.2, 0.2]","[0.2, 0.2, 0.2, 0.2]","[0.2, 0.2, 0.2, 0.2]","[1.9788161316404266e-05, 4.8541807039038735e-05, 6.864660278392486e-06, 3.33684760488949e-05]",30000,"body origin, body frame; no gravity/external torque","[5.043058208044274e-10, 2.740844649643594e-10, 2.0337184351885373e-19]",5.739744374378009e-10,6.4721179824334875e-09,4.8042007091228644e-17,5.551115123125783e-17,"[3.25199931284991e-06, 1.7639721920584488e-06, 2.1427721017197432e-07]",3.7058078940942072e-06,4.3958148605310425e-05,5.818704347946409e-05,0.0017622507157669665,"[3.2515300898490805e-06, 1.7637176684220349e-06, 2.1427721017197273e-07]",3.7052749779061055e-06,4.395171505164378e-05,5.818704347946361e-05,0.0017622507157669665,"[6.574575706262076e-17, 1.1551105542861758e-18, 2.182191598329784e-19]",6.575626564618434e-17,6.776266087602852e-17,4.8042007091228644e-17,5.551115123125783e-17,"[5.04305820797701e-10, 2.7408446496082487e-10, 1.5276609957161683e-19]",5.739744374302237e-10,6.4721180416351695e-09,0.0,0.0
nominal-B_best-existing_no_integral,B_best,nominal,existing_no_integral,existing,no_integral,True,60.0,horizon,every physics interval; dwell = interval count * physics_dt,0.002,"[0.0, 0.0, 0.0, 0.0]","[0.0, 0.0, 0.0, 0.0]",0.0,"[0.0, 0.0, 0.0, 0.0]","[0.0, 0.0, 0.0, 0.0]",0.0,"[0.0, 0.0, 0.0, 0.0]","[0.0, 0.0, 0.0, 0.0]",0.0,"[0.0, 0.0, 0.0, 0.0]","[0.0, 0.0, 0.0, 0.0]",0.0,"[0.0, 0.0, 0.0, 0.0]","[0.0, 0.0, 0.0, 0.0]",0.0,"[0.0, 0.0, 0.0, 0.0]","[0.0, 0.0, 0.0, 0.0]",0.0,"[0.0, 0.0, 0.0, 0.0]","[0.0, 0.0, 0.0, 0.0]",0.0,"[0.0, 0.0, 0.0, 0.0]","[0.0, 0.0, 0.0, 0.0]",0.0,"[0.10348083943231043, 0.10521752633029427, 0.10362834240000592, 0.10542740116590521]","[0.08915205527603103, 0.09174335442457095, 0.088101977811932, 0.0926829054676796]","[0.5373453793343408, 0.5421341780778369, 0.5377530448749994, 0.5427112810321129]","[0.4424987441414293, 0.44954196790985734, 0.4396582093426138, 0.45210783399302035]","[0.09144909078433726, 0.09280424558739014, 0.091141694383681, 0.09295633442948528]","[0.2, 0.2, 0.2, 0.2]","[0.2, 0.2, 0.2, 0.2]","[0.2, 0.2, 0.2, 0.2]","[0.2, 0.2, 0.2, 0.2]","[0.00012145640018485999, 5.7123357883777614e-05, 0.00012867018750525029, 3.897948700701306e-05]",30000,"body origin, body frame; no gravity/external torque","[4.203854840395697e-11, 7.820128882491436e-10, 2.0709668259807962e-19]",7.831420030490094e-10,1.0352488910321238e-08,4.8020621821043197e-17,5.551115123125783e-17,"[2.6320310428866905e-07, 5.02587119759091e-06, 1.1929889549766758e-06]",5.172221941832874e-06,8.164484931866055e-05,0.00028942419506674437,0.01218679097169828,"[2.631650275941745e-07, 5.02514599208833e-06, 1.1929889549766747e-06]",5.171515321474599e-06,8.163592715511555e-05,0.0002894241950667447,0.012186790971698225,"[6.575448881470142e-17, 1.14753062189924e-18, 2.208477372166462e-19]",6.576487207875025e-17,6.87786322796421e-17,4.8020621821043197e-17,5.551115123125783e-17,"[4.2038548382327234e-11, 7.820128882482031e-10, 1.545257537749077e-19]",7.831420030469245e-10,1.0352488907933356e-08,0.0,0.0
nominal-B_best-existing_integral_020,B_best,nominal,existing_integral_020,existing,integral_020,True,60.0,horizon,every physics interval; dwell = interval count * physics_dt,0.002,"[0.0, 0.0, 0.0, 0.0]","[0.0, 0.0, 0.0, 0.0]",0.0,"[0.0, 0.0, 0.0, 0.0]","[0.0, 0.0, 0.0, 0.0]",0.0,"[0.0, 0.0, 0.0, 0.0]","[0.0, 0.0, 0.0, 0.0]",0.0,"[0.0, 0.0, 0.0, 0.0]","[0.0, 0.0, 0.0, 0.0]",0.0,"[0.0, 0.0, 0.0, 0.0]","[0.0, 0.0, 0.0, 0.0]",0.0,"[0.0, 0.0, 0.0, 0.0]","[0.0, 0.0, 0.0, 0.0]",0.0,"[0.0, 0.0, 0.0, 0.0]","[0.0, 0.0, 0.0, 0.0]",0.0,"[0.0, 0.0, 0.0, 0.0]","[0.0, 0.0, 0.0, 0.0]",0.0,"[0.10347928163955844, 0.10521204115912824, 0.10362711413781722, 0.10542433496120347]","[0.08915205527603103, 0.09174335442457095, 0.088101977811932, 0.09268294596587315]","[0.5373410730029292, 0.5421190906243922, 0.5377496509547468, 0.5427028522146662]","[0.4424987441414293, 0.44954196790985734, 0.4396582093426138, 0.45210794473382365]","[0.09144910018150434, 0.09280424872571011, 0.09114169705473232, 0.09295639166281694]","[0.2, 0.2, 0.2, 0.2]","[0.2, 0.2, 0.2, 0.2]","[0.2, 0.2, 0.2, 0.2]","[0.2, 0.2, 0.2, 0.2]","[0.00012145750125551644, 5.714459497056738e-05, 0.00012867140221949655, 3.9008839356819776e-05]",30000,"body origin, body frame; no gravity/external torque","[4.20294778003171e-11, 7.82022079897698e-10, 2.0426427592889221e-19]",7.831506945994961e-10,1.0352488910321238e-08,4.8159456333732996e-17,5.551115123125783e-17,"[2.631524279819479e-07, 5.025899965547367e-06, 1.192992704591717e-06]",5.1722481821013465e-06,8.164484931866055e-05,0.00028945998837991876,0.01218679097169828,"[2.6311435858329956e-07, 5.0251747558855846e-06, 1.192992704591715e-06]",5.171541557997141e-06,8.163592715511555e-05,0.00028945998837991854,0.012186790971698225,"[6.573332093851921e-17, 1.1725021928972439e-18, 2.2045234078495e-19]",6.574414682870046e-17,6.87786322796421e-17,4.8159456333732996e-17,5.551115123125783e-17,"[4.202947778439287e-11, 7.820220799019453e-10, 1.5608997270178274e-19]",7.831506946028789e-10,1.0352488907933356e-08,0.0,0.0
nominal-B_best-oracle_no_integral,B_best,nominal,oracle_no_integral,oracle,no_integral,True,60.0,horizon,every physics interval; dwell = interval count * physics_dt,0.002,"[0.0, 0.0, 0.0, 0.0]","[0.0, 0.0, 0.0, 0.0]",0.0,"[0.0, 0.0, 0.0, 0.0]","[0.0, 0.0, 0.0, 0.0]",0.0,"[0.0, 0.0, 0.0, 0.0]","[0.0, 0.0, 0.0, 0.0]",0.0,"[0.0, 0.0, 0.0, 0.0]","[0.0, 0.0, 0.0, 0.0]",0.0,"[0.0, 0.0, 0.0, 0.0]","[0.0, 0.0, 0.0, 0.0]",0.0,"[0.0, 0.0, 0.0, 0.0]","[0.0, 0.0, 0.0, 0.0]",0.0,"[0.0, 0.0, 0.0, 0.0]","[0.0, 0.0, 0.0, 0.0]",0.0,"[0.0, 0.0, 0.0, 0.0]","[0.0, 0.0, 0.0, 0.0]",0.0,"[0.10348083943231043, 0.10521752633029427, 0.10362834240000592, 0.10542740116590521]","[0.08915205527603103, 0.09174335442457095, 0.088101977811932, 0.0926829054676796]","[0.5373453793343408, 0.5421341780778369, 0.5377530448749994, 0.5427112810321129]","[0.4424987441414293, 0.44954196790985734, 0.4396582093426138, 0.45210783399302035]","[0.09144909078433726, 0.09280424558739014, 0.091141694383681, 0.09295633442948528]","[0.2, 0.2, 0.2, 0.2]","[0.2, 0.2, 0.2, 0.2]","[0.2, 0.2, 0.2, 0.2]","[0.2, 0.2, 0.2, 0.2]","[0.00012145640018485999, 5.7123357883777614e-05, 0.00012867018750525029, 3.897948700701306e-05]",30000,"body origin, body frame; no gravity/external torque","[4.203854840395697e-11, 7.820128882491436e-10, 2.0709668259807962e-19]",7.831420030490094e-10,1.0352488910321238e-08,4.8020621821043197e-17,5.551115123125783e-17,"[2.6320310428866905e-07, 5.02587119759091e-06, 1.1929889549766758e-06]",5.172221941832874e-06,8.164484931866055e-05,0.00028942419506674437,0.01218679097169828,"[2.631650275941745e-07, 5.02514599208833e-06, 1.1929889549766747e-06]",5.171515321474599e-06,8.163592715511555e-05,0.0002894241950667447,0.012186790971698225,"[6.575448881470142e-17, 1.14753062189924e-18, 2.208477372166462e-19]",6.576487207875025e-17,6.87786322796421e-17,4.8020621821043197e-17,5.551115123125783e-17,"[4.2038548382327234e-11, 7.820128882482031e-10, 1.545257537749077e-19]",7.831420030469245e-10,1.0352488907933356e-08,0.0,0.0
nominal-B_best-oracle_integral_020,B_best,nominal,oracle_integral_020,oracle,integral_020,True,60.0,horizon,every physics interval; dwell = interval count * physics_dt,0.002,"[0.0, 0.0, 0.0, 0.0]","[0.0, 0.0, 0.0, 0.0]",0.0,"[0.0, 0.0, 0.0, 0.0]","[0.0, 0.0, 0.0, 0.0]",0.0,"[0.0, 0.0, 0.0, 0.0]","[0.0, 0.0, 0.0, 0.0]",0.0,"[0.0, 0.0, 0.0, 0.0]","[0.0, 0.0, 0.0, 0.0]",0.0,"[0.0, 0.0, 0.0, 0.0]","[0.0, 0.0, 0.0, 0.0]",0.0,"[0.0, 0.0, 0.0, 0.0]","[0.0, 0.0, 0.0, 0.0]",0.0,"[0.0, 0.0, 0.0, 0.0]","[0.0, 0.0, 0.0, 0.0]",0.0,"[0.0, 0.0, 0.0, 0.0]","[0.0, 0.0, 0.0, 0.0]",0.0,"[0.10347928163955844, 0.10521204115912824, 0.10362711413781722, 0.10542433496120347]","[0.08915205527603103, 0.09174335442457095, 0.088101977811932, 0.09268294596587315]","[0.5373410730029292, 0.5421190906243922, 0.5377496509547468, 0.5427028522146662]","[0.4424987441414293, 0.44954196790985734, 0.4396582093426138, 0.45210794473382365]","[0.09144910018150434, 0.09280424872571011, 0.09114169705473232, 0.09295639166281694]","[0.2, 0.2, 0.2, 0.2]","[0.2, 0.2, 0.2, 0.2]","[0.2, 0.2, 0.2, 0.2]","[0.2, 0.2, 0.2, 0.2]","[0.00012145750125551644, 5.714459497056738e-05, 0.00012867140221949655, 3.9008839356819776e-05]",30000,"body origin, body frame; no gravity/external torque","[4.20294778003171e-11, 7.82022079897698e-10, 2.0426427592889221e-19]",7.831506945994961e-10,1.0352488910321238e-08,4.8159456333732996e-17,5.551115123125783e-17,"[2.631524279819479e-07, 5.025899965547367e-06, 1.192992704591717e-06]",5.1722481821013465e-06,8.164484931866055e-05,0.00028945998837991876,0.01218679097169828,"[2.6311435858329956e-07, 5.0251747558855846e-06, 1.192992704591715e-06]",5.171541557997141e-06,8.163592715511555e-05,0.00028945998837991854,0.012186790971698225,"[6.573332093851921e-17, 1.1725021928972439e-18, 2.2045234078495e-19]",6.574414682870046e-17,6.87786322796421e-17,4.8159456333732996e-17,5.551115123125783e-17,"[4.202947778439287e-11, 7.820220799019453e-10, 1.5608997270178274e-19]",7.831506946028789e-10,1.0352488907933356e-08,0.0,0.0
combined_motor2_70-A_best-existing_no_integral,A_best,combined_motor2_70,existing_no_integral,existing,no_integral,False,5.41,max_tilt,every physics interval; dwell = interval count * physics_dt,0.002,"[0.0, 0.38, 0.0, 0.0]","[0.0, 0.38, 0.0, 0.0]",0.38,"[0.0, 0.0, 0.0, 0.0]","[0.0, 0.0, 0.0, 0.0]",0.0,"[0.0, 0.38, 0.0, 0.0]","[0.0, 0.38, 0.0, 0.0]",0.38,"[0.0, 0.0, 0.0, 0.0]","[0.0, 0.0, 0.0, 0.0]",0.0,"[0.0, 0.0, 0.0, 0.0]","[0.0, 0.0, 0.0, 0.0]",0.0,"[0.0, 0.0, 0.0, 0.0]","[0.0, 0.0, 0.0, 0.0]",0.0,"[0.25, 0.0, 0.03, 0.0]","[0.25, 0.0, 0.03, 0.0]",0.25,"[0.0, 0.0, 0.0, 0.0]","[0.0, 0.0, 0.0, 0.0]",0.0,"[0.10644243302100408, 0.10671204466234556, 0.0990766507851187, 0.09106548573375697]","[0.040287539889831636, 0.0, 0.04985229785471712, 0.06691605959349384]","[0.5454975438093234, 0.5462362977132903, 0.5250899866364324, 0.5023500441308134]","[0.3165149684084979, 0.21814922562016836, 0.34039026731332755, 0.38379618915850433]","[0.04548407827803885, 1.9582584354749244e-05, 0.053774619756519204, 0.07033133619210707]","[0.2, 0.2, 0.2, 0.2]","[0.2, 0.2, 0.2, 0.2]","[0.2, 0.13999999999999999, 0.2, 0.2]","[0.2, 0.2, 0.2, 0.2]","[0.004484197540150556, 0.006127748673931367, 0.0022076645450023052, 0.003063906030596373]",2705,"body origin, body frame; no gravity/external torque","[0.0015805250415014593, 0.001580561156502134, 0.00026555154792641295]",0.0022509443797798885,0.01001212644743332,0.04470564779905939,0.1988471189826646,"[0.00039069304849116216, 0.00024536758414212944, 2.2291188500204612e-05]",0.00046189090332221755,0.0028935769818959887,0.007905654184012867,0.055387259151919666,"[0.001628978480420745, 0.0016230820387419132, 0.00026553868072646175]",0.0023148384360733333,0.009856377289043762,0.048690516893769804,0.21718855353516697,"[0.0015805681779357632, 0.0015805681779357504, 0.00026555154792641306]",0.002250979598932969,0.010012175869778844,0.04470564779905939,0.1988471189826646,"[2.1621627901428247e-07, 3.604308313406264e-08, 1.5459946375770036e-19]",2.1919987032977656e-07,6.103285509621424e-07,0.0,0.0
combined_motor2_70-A_best-existing_integral_020,A_best,combined_motor2_70,existing_integral_020,existing,integral_020,False,5.41,max_tilt,every physics interval; dwell = interval count * physics_dt,0.002,"[0.0, 0.38, 0.0, 0.0]","[0.0, 0.38, 0.0, 0.0]",0.38,"[0.0, 0.0, 0.0, 0.0]","[0.0, 0.0, 0.0, 0.0]",0.0,"[0.0, 0.38, 0.0, 0.0]","[0.0, 0.38, 0.0, 0.0]",0.38,"[0.0, 0.0, 0.0, 0.0]","[0.0, 0.0, 0.0, 0.0]",0.0,"[0.0, 0.0, 0.0, 0.0]","[0.0, 0.0, 0.0, 0.0]",0.0,"[0.0, 0.0, 0.0, 0.0]","[0.0, 0.0, 0.0, 0.0]",0.0,"[0.25, 0.0, 0.03, 0.0]","[0.25, 0.0, 0.03, 0.0]",0.25,"[0.0, 0.0, 0.0, 0.0]","[0.0, 0.0, 0.0, 0.0]",0.0,"[0.10644243302100408, 0.10671204466234556, 0.09907734637970009, 0.09108999512737494]","[0.040285671385354827, 0.0, 0.049780601282717524, 0.06684149899590452]","[0.5454975438093234, 0.5462362977132903, 0.5250919353258158, 0.5024205684083305]","[0.3165103308031114, 0.21814922562016836, 0.34021022104223186, 0.38360384493345345]","[0.045494925728947117, 1.9581996447498584e-05, 0.05369380296116941, 0.07029337643327194]","[0.2, 0.2, 0.2, 0.2]","[0.2, 0.2, 0.2, 0.2]","[0.2, 0.13999999999999999, 0.2, 0.2]","[0.2, 0.2, 0.2, 0.2]","[0.004485545802380799, 0.006124535193276298, 0.002210977979293442, 0.0030655262066090214]",2705,"body origin, body frame; no gravity/external torque","[0.0015809864085331487, 0.0015810223787325502, 0.0002656290427583179]",0.0022516013355779424,0.01002004709174794,0.04471869406705683,0.19900442006594377,"[0.00039066995439069035, 0.00024522518499593297, 2.228910115452287e-05]",0.00046179563515714404,0.0028935744872754555,0.00791138768989744,0.05538944511395372,"[0.0016292511662357205, 0.0016235106430854207, 0.000265619339520731]",0.002315340105561065,0.009864835040347079,0.04870369373622819,0.21735329145593996,"[0.0015810294287408127, 0.001581029428740799, 0.00026562904275831786]",0.002251636493185714,0.010020096156068916,0.04471869406705683,0.19900442006594377,"[2.1619200384945072e-07, 3.602966231114891e-08, 1.5599858244539139e-19]",2.1917371898723668e-07,6.103277316112358e-07,0.0,0.0
combined_motor2_70-A_best-oracle_no_integral,A_best,combined_motor2_70,oracle_no_integral,oracle,no_integral,False,5.84,max_tilt,every physics interval; dwell = interval count * physics_dt,0.002,"[0.01, 0.67, 0.0, 0.04]","[0.01, 0.5, 0.0, 0.04]",0.6900000000000001,"[0.0, 0.0, 0.0, 0.0]","[0.0, 0.0, 0.0, 0.0]",0.0,"[0.01, 0.67, 0.0, 0.04]","[0.01, 0.5, 0.0, 0.04]",0.6900000000000001,"[0.0, 0.0, 0.0, 0.0]","[0.0, 0.0, 0.0, 0.0]",0.0,"[0.0, 0.0, 0.0, 0.0]","[0.0, 0.0, 0.0, 0.0]",0.0,"[0.0, 0.0, 0.0, 0.0]","[0.0, 0.0, 0.0, 0.0]",0.0,"[0.01, 0.0, 0.0, 0.0]","[0.01, 0.0, 0.0, 0.0]",0.01,"[0.0, 0.0, 0.0, 0.0]","[0.0, 0.0, 0.0, 0.0]",0.0,"[0.09767093936366861, 0.10671204466234556, 0.08230648269432154, 0.075880040609315]","[0.0, 0.0, 0.00987284582405154, 0.0]","[0.5211431659258648, 0.5462362977132903, 0.47672742761688147, 0.4573368210624147]","[0.21814922562016836, 0.21814922562016836, 0.24203472635973444, 0.21814922562016836]","[0.03780205100606088, 1.9800274756176517e-06, 0.040472095202173375, 0.026595481924580944]","[0.2, 0.2, 0.2, 0.2]","[0.2, 0.2, 0.2, 0.2]","[0.2, 0.13999999999999999, 0.2, 0.2]","[0.2, 0.2, 0.2, 0.2]","[0.006623349597829496, 0.0082299480317286, 0.006072561060141082, 0.007714755600552118]",2920,"body origin, body frame; no gravity/external torque","[0.0010673507429310196, 0.001064880414278229, 0.00017991173855299404]",0.001518412374428611,0.006311636839604577,0.030359741200879916,0.1253565929926953,"[0.0006356473514651529, 0.0002888850301238595, 4.478256325837135e-05]",0.0006996481930415575,0.004693227391072655,0.0167384257225202,0.16992668201525918,"[0.001319097805808337, 0.0011171128719435458, 0.0001904681778770591]",0.0017390337307637627,0.006470005378526493,0.03648348639923585,0.24182731803039315,"[0.0010674304585395695, 0.0010648860007848953, 0.00017991173855299404]",0.0015184723284126084,0.006311845310610555,0.030359741200879916,0.1253565929926953,"[2.4317229617582704e-07, 4.744483296855644e-08, 1.5463652083174445e-19]",2.477574979750122e-07,8.886135885667212e-07,0.0,0.0
combined_motor2_70-A_best-oracle_integral_020,A_best,combined_motor2_70,oracle_integral_020,oracle,integral_020,False,5.84,max_tilt,every physics interval; dwell = interval count * physics_dt,0.002,"[0.01, 0.67, 0.0, 0.05]","[0.01, 0.5, 0.0, 0.05]",0.6900000000000001,"[0.0, 0.0, 0.0, 0.0]","[0.0, 0.0, 0.0, 0.0]",0.0,"[0.01, 0.67, 0.0, 0.05]","[0.01, 0.5, 0.0, 0.05]",0.6900000000000001,"[0.0, 0.0, 0.0, 0.0]","[0.0, 0.0, 0.0, 0.0]",0.0,"[0.0, 0.0, 0.0, 0.0]","[0.0, 0.0, 0.0, 0.0]",0.0,"[0.0, 0.0, 0.0, 0.0]","[0.0, 0.0, 0.0, 0.0]",0.0,"[0.01, 0.0, 0.0, 0.0]","[0.01, 0.0, 0.0, 0.0]",0.01,"[0.0, 0.0, 0.0, 0.0]","[0.0, 0.0, 0.0, 0.0]",0.0,"[0.09718071616773963, 0.10671204466234556, 0.07998123486979203, 0.07359464276866068]","[0.0, 0.0, 0.005979483074021186, 0.0]","[0.5197625969621892, 0.5462362977132903, 0.4697738162603868, 0.4503044787101178]","[0.21814922562016836, 0.21814922562016836, 0.23260512868825334, 0.21814922562016836]","[0.04367045344504622, 1.9794392215610745e-06, 0.037074893961123484, 0.023518859244416546]","[0.2, 0.2, 0.2, 0.2]","[0.2, 0.2, 0.2, 0.2]","[0.2, 0.13999999999999999, 0.2, 0.2]","[0.2, 0.2, 0.2, 0.2]","[0.00660892281433526, 0.008236141928231215, 0.0063387832635341795, 0.007959813124465675]",2920,"body origin, body frame; no gravity/external torque","[0.001071298535307135, 0.0010711368546843434, 0.0001815762361352248]",0.001525773457215492,0.006345940285048748,0.030574951509230067,0.12603788033247398,"[0.0006477277766214547, 0.0002890903765521945, 4.546887562349063e-05]",0.000710768553801114,0.00467559899559571,0.01714335180824816,0.16996186859562346,"[0.0013245502576501803, 0.0011235060855188052, 0.0001927160904378849]",0.0017475236195120829,0.006494957458981429,0.03699797151590038,0.25939713171640943,"[0.0010713771477641697, 0.0010711430836451712, 0.00018157623613522487]",0.0015258330275365025,0.006346148893677865,0.030574951509230067,0.12603788033247398,"[2.439375610177543e-07, 4.677219179380655e-08, 1.4879906154792472e-19]",2.483811015365038e-07,9.372688645367171e-07,0.0,0.0
combined_motor2_70-B_best-existing_no_integral,B_best,combined_motor2_70,existing_no_integral,existing,no_integral,True,60.0,horizon,every physics interval; dwell = interval count * physics_dt,0.002,"[0.0, 0.19, 0.0, 0.0]","[0.0, 0.13, 0.0, 0.0]",0.19,"[0.0, 0.0, 0.0, 0.0]","[0.0, 0.0, 0.0, 0.0]",0.0,"[0.0, 0.19, 0.0, 0.0]","[0.0, 0.13, 0.0, 0.0]",0.19,"[0.0, 0.0, 0.0, 0.0]","[0.0, 0.0, 0.0, 0.0]",0.0,"[0.0, 0.0, 0.0, 0.0]","[0.0, 0.0, 0.0, 0.0]",0.0,"[0.0, 0.0, 0.0, 0.0]","[0.0, 0.0, 0.0, 0.0]",0.0,"[0.0, 0.0, 0.0, 0.0]","[0.0, 0.0, 0.0, 0.0]",0.0,"[0.0, 0.0, 0.0, 0.0]","[0.0, 0.0, 0.0, 0.0]",0.0,"[0.09418884161897935, 0.10825664557542906, 0.08326370394083384, 0.06572417896882694]","[0.040353642000789114, 0.0, 0.06820138550869323, 0.05233030507211811]","[0.511288656165486, 0.5504580320901427, 0.47957048960969867, 0.4254642996312778]","[0.31667903925676577, 0.21814922562016836, 0.38711608592882263, 0.34662397234220177]","[0.05647114694600516, 0.00038613530781708705, 0.07733320409324954, 0.0741110487314964]","[0.2, 0.2, 0.2, 0.2]","[0.2, 0.2, 0.2, 0.2]","[0.2, 0.13999999999999999, 0.2, 0.2]","[0.2, 0.2, 0.2, 0.2]","[0.0014618632742527133, 0.0014631750969152269, 0.0012890225262830145, 0.0018251594447677272]",30000,"body origin, body frame; no gravity/external torque","[0.00187590102471174, 0.0018761002907522937, 0.00031520399363005254]",0.002671724258428576,0.004477912220571085,0.053064645392264555,0.08894030164239536,"[0.0001266120973853312, 8.499104346499507e-05, 8.695607580511966e-06]",0.00015274067652323482,0.0027832196451146704,0.0035951357477915016,0.09723492431814068,"[0.0018815841640909157, 0.0018792141645018507, 0.00031550514611430457]",0.0026779373293351586,0.005723854577342501,0.05323473060624129,0.16396007155122427,"[0.0018761005378435732, 0.0018761005378435211, 0.0003152039936300525]",0.0026718645201046502,0.004478244122976106,0.053064645392264555,0.08894030164239536,"[2.0937684755669325e-07, 1.2943602118969485e-08, 1.5217502656874768e-19]",2.0977655047357527e-07,5.408030790425965e-07,0.0,0.0
combined_motor2_70-B_best-existing_integral_020,B_best,combined_motor2_70,existing_integral_020,existing,integral_020,True,60.0,horizon,every physics interval; dwell = interval count * physics_dt,0.002,"[0.0, 0.19, 0.0, 0.0]","[0.0, 0.13, 0.0, 0.0]",0.19,"[0.0, 0.0, 0.0, 0.0]","[0.0, 0.0, 0.0, 0.0]",0.0,"[0.0, 0.19, 0.0, 0.0]","[0.0, 0.13, 0.0, 0.0]",0.19,"[0.0, 0.0, 0.0, 0.0]","[0.0, 0.0, 0.0, 0.0]",0.0,"[0.0, 0.0, 0.0, 0.0]","[0.0, 0.0, 0.0, 0.0]",0.0,"[0.0, 0.0, 0.0, 0.0]","[0.0, 0.0, 0.0, 0.0]",0.0,"[0.0, 0.0, 0.0, 0.0]","[0.0, 0.0, 0.0, 0.0]",0.0,"[0.0, 0.0, 0.0, 0.0]","[0.0, 0.0, 0.0, 0.0]",0.0,"[0.09433851101365291, 0.10825664557542906, 0.08346638314683427, 0.06580143988824161]","[0.04062879225421365, 0.0, 0.06818323880226412, 0.05238209852959633]","[0.5117145788137558, 0.5504580320901427, 0.4801710485013307, 0.4257132192891571]","[0.3173621148685397, 0.21814922562016836, 0.3870691595200648, 0.3467544939656724]","[0.05664538589074514, 0.0003876623242360655, 0.07734847268417161, 0.07411858561412948]","[0.2, 0.2, 0.2, 0.2]","[0.2, 0.2, 0.2, 0.2]","[0.2, 0.13999999999999999, 0.2, 0.2]","[0.2, 0.2, 0.2, 0.2]","[0.0014591726905909318, 0.0014626370914847739, 0.0012851764243075813, 0.0018220798901594018]",30000,"body origin, body frame; no gravity/external torque","[0.0018758048535006677, 0.0018760041165650978, 0.0003151878351939467]",0.0026715872932098063,0.004461175335963082,0.05306192511682599,0.08860788988990809,"[0.00012673402704707086, 8.505420201121185e-05, 8.684779181088966e-06]",0.0001528762776913281,0.0027853271219057544,0.0035747338308219747,0.09660389226309607,"[0.0018815013053900033, 0.0018791251185594723, 0.0003154874288771702]",0.002677814536364489,0.0057056704280484625,0.05323042855009805,0.16314141697716944,"[0.001876004362505446, 0.001876004362505375, 0.0003151878351939467]",0.002671727551179757,0.004461506817733203,0.05306192511682599,0.08860788988990809,"[2.0937381657396488e-07, 1.2929831033461423e-08, 1.5424657422660348e-19]",2.0977267600262638e-07,5.408038331031237e-07,0.0,0.0
combined_motor2_70-B_best-oracle_no_integral,B_best,combined_motor2_70,oracle_no_integral,oracle,no_integral,True,60.0,horizon,every physics interval; dwell = interval count * physics_dt,0.002,"[0.0, 0.24, 0.0, 0.0]","[0.0, 0.24, 0.0, 0.0]",0.24,"[0.0, 0.0, 0.0, 0.0]","[0.0, 0.0, 0.0, 0.0]",0.0,"[0.0, 0.24, 0.0, 0.0]","[0.0, 0.24, 0.0, 0.0]",0.24,"[0.0, 0.0, 0.0, 0.0]","[0.0, 0.0, 0.0, 0.0]",0.0,"[0.0, 0.0, 0.0, 0.0]","[0.0, 0.0, 0.0, 0.0]",0.0,"[0.0, 0.0, 0.0, 0.0]","[0.0, 0.0, 0.0, 0.0]",0.0,"[0.0, 0.0, 0.0, 0.0]","[0.0, 0.0, 0.0, 0.0]",0.0,"[0.0, 0.0, 0.0, 0.0]","[0.0, 0.0, 0.0, 0.0]",0.0,"[0.10485727399328203, 0.10825664557542906, 0.08560688352833531, 0.07550251588114201]","[0.05274569133132584, 0.0, 0.06820138550869323, 0.05911085896224866]","[0.5411427708825722, 0.5504580320901427, 0.4864839047837524, 0.45618034118270373]","[0.3476710321534995, 0.21814922562016836, 0.38711608592882263, 0.36379616446740226]","[0.061783935701638565, 0.0003605276510938449, 0.07886332380557384, 0.07524687381415493]","[0.2, 0.2, 0.2, 0.2]","[0.2, 0.2, 0.2, 0.2]","[0.2, 0.13999999999999999, 0.2, 0.2]","[0.2, 0.2, 0.2, 0.2]","[0.001172949440277032, 0.0017094249157265742, 0.0012193952168253392, 0.0015927432934824063]",30000,"body origin, body frame; no gravity/external torque","[5.728784056465509e-05, 5.729897834792564e-05, 9.627684383113641e-06]",8.159510955234642e-05,0.0021211432908040595,0.0016208222867195087,0.04213472005534952,"[0.0001306146332001706, 8.39910140915104e-05, 7.938590045775209e-06]",0.0001554917813456865,0.002846824058005099,0.002683992064374398,0.06249559609471372,"[0.0001533697740092723, 0.00011387209912303584, 1.4165539034363993e-05]",0.00019154583011508355,0.00423269562290595,0.0033834923245153236,0.08608720436574652,"[5.7304171946969486e-05, 5.730417194696958e-05, 9.627684383113643e-06]",8.161022332794191e-05,0.002121530498286163,0.0016208222867195087,0.04213472005534952,"[2.093142066236452e-07, 1.20200845393665e-08, 1.488163753405246e-19]",2.0965905543720423e-07,5.408030790425965e-07,0.0,0.0
combined_motor2_70-B_best-oracle_integral_020,B_best,combined_motor2_70,oracle_integral_020,oracle,integral_020,True,60.0,horizon,every physics interval; dwell = interval count * physics_dt,0.002,"[0.0, 0.24, 0.0, 0.0]","[0.0, 0.24, 0.0, 0.0]",0.24,"[0.0, 0.0, 0.0, 0.0]","[0.0, 0.0, 0.0, 0.0]",0.0,"[0.0, 0.24, 0.0, 0.0]","[0.0, 0.24, 0.0, 0.0]",0.24,"[0.0, 0.0, 0.0, 0.0]","[0.0, 0.0, 0.0, 0.0]",0.0,"[0.0, 0.0, 0.0, 0.0]","[0.0, 0.0, 0.0, 0.0]",0.0,"[0.0, 0.0, 0.0, 0.0]","[0.0, 0.0, 0.0, 0.0]",0.0,"[0.0, 0.0, 0.0, 0.0]","[0.0, 0.0, 0.0, 0.0]",0.0,"[0.0, 0.0, 0.0, 0.0]","[0.0, 0.0, 0.0, 0.0]",0.0,"[0.10490552284517671, 0.10825664557542906, 0.0856075117987312, 0.07557829805275339]","[0.05292246822357924, 0.0, 0.06818323880226412, 0.05920621327178918]","[0.541275609871594, 0.5504580320901427, 0.4864857498790078, 0.4564126487808462]","[0.3481168192904931, 0.21814922562016836, 0.3870691595200648, 0.36403893092460415]","[0.06173241003929489, 0.00036054562692108827, 0.07886748976680596, 0.07527155214035358]","[0.2, 0.2, 0.2, 0.2]","[0.2, 0.2, 0.2, 0.2]","[0.2, 0.13999999999999999, 0.2, 0.2]","[0.2, 0.2, 0.2, 0.2]","[0.0011730702420945874, 0.0017110718361616826, 0.0012176943923632682, 0.0015880909216670948]",30000,"body origin, body frame; no gravity/external torque","[5.6965041500120446e-05, 5.697611149939947e-05, 9.573442325887185e-06]",8.113534391786691e-05,0.0021226014817406365,0.0016116906272537744,0.04216368041083729,"[0.00013053200506979158, 8.395222055927554e-05, 7.923809574992344e-06]",0.00015540066422817508,0.0028433891267805014,0.0026776972432605893,0.06207433526398243,"[0.00015314478186794576, 0.0001136625493710449, 1.4136870509029064e-05]",0.0001912389877893507,0.004235163285221084,0.0033742555189430977,0.08557644064873304,"[5.6981322126558475e-05, 5.6981322126558563e-05, 9.573442325887184e-06]",8.115043401330854e-05,0.0021229886847254666,0.0016116906272537744,0.04216368041083729,"[2.093128360080784e-07, 1.2012403942167707e-08, 1.5327822336664393e-19]",2.0965724687263778e-07,5.408038331031237e-07,0.0,0.0
combined_motor3_70-A_best-existing_no_integral,A_best,combined_motor3_70,existing_no_integral,existing,no_integral,False,7.13,max_tilt,every physics interval; dwell = interval count * physics_dt,0.002,"[0.0, 0.0, 1.37, 0.0]","[0.0, 0.0, 0.68, 0.0]",1.37,"[0.0, 0.0, 0.0, 0.0]","[0.0, 0.0, 0.0, 0.0]",0.0,"[0.0, 0.0, 1.37, 0.0]","[0.0, 0.0, 0.68, 0.0]",1.37,"[0.0, 0.0, 0.0, 0.0]","[0.0, 0.0, 0.0, 0.0]",0.0,"[0.0, 0.0, 0.0, 0.0]","[0.0, 0.0, 0.0, 0.0]",0.0,"[0.0, 0.0, 0.0, 0.0]","[0.0, 0.0, 0.0, 0.0]",0.0,"[0.19, 0.24, 0.09, 0.0]","[0.19, 0.18, 0.09, 0.0]",0.25,"[0.0, 0.0, 0.0, 0.0]","[0.0, 0.0, 0.0, 0.0]",0.0,"[0.0634791957117801, 0.09520988040400943, 0.10665261868665019, 0.07674703367332682]","[0.05045266139746987, 0.009170148873555467, 0.0, 0.020254869361106514]","[0.41818370520226195, 0.5141900235340511, 0.5460735141764886, 0.45998510413202376]","[0.34189860104821446, 0.24033165578968285, 0.21814922562016836, 0.26726998794413104]","[0.07109224393138058, 0.029644412704653067, 1.4667265429979537e-08, 0.04756871928404993]","[0.2, 0.2, 0.2, 0.2]","[0.2, 0.2, 0.2, 0.2]","[0.2, 0.2, 0.13999999999999999, 0.2]","[0.2, 0.2, 0.2, 0.2]","[0.007245146675022084, 0.00729737613576576, 0.00585455684856779, 0.006730705266772776]",3565,"body origin, body frame; no gravity/external torque","[0.002072361391860223, 0.002072269470164387, 0.000348179446350131]",0.0029513067313156264,0.010344133918116546,0.058616068409112945,0.20544091514262242,"[0.00034777596823924636, 0.00048247840921391216, 5.1728993907429235e-05]",0.0005970003586707527,0.0025761062739110088,0.018005082504538524,0.12420656417482517,"[0.0021250463833331354, 0.0020882089632393483, 0.00035045485910406983]",0.002999876233070299,0.010027769150637852,0.0644846559066398,0.29011869475744656,"[0.0020723710986041495, 0.002072371098604188, 0.000348179446350131]",0.002951384906704034,0.010344180915367159,0.058616068409112945,0.20544091514262242,"[5.8243717980386646e-08, 2.2522747769365073e-07, 1.64030868906756e-19]",2.3263651345483758e-07,6.564065615005124e-07,0.0,0.0
combined_motor3_70-A_best-existing_integral_020,A_best,combined_motor3_70,existing_integral_020,existing,integral_020,False,7.16,max_tilt,every physics interval; dwell = interval count * physics_dt,0.002,"[0.0, 0.0, 1.3800000000000001, 0.0]","[0.0, 0.0, 0.66, 0.0]",1.3800000000000001,"[0.0, 0.0, 0.0, 0.0]","[0.0, 0.0, 0.0, 0.0]",0.0,"[0.0, 0.0, 1.3800000000000001, 0.0]","[0.0, 0.0, 0.66, 0.0]",1.3800000000000001,"[0.0, 0.0, 0.0, 0.0]","[0.0, 0.0, 0.0, 0.0]",0.0,"[0.0, 0.0, 0.0, 0.0]","[0.0, 0.0, 0.0, 0.0]",0.0,"[0.0, 0.0, 0.0, 0.0]","[0.0, 0.0, 0.0, 0.0]",0.0,"[0.08, 0.24, 0.06, 0.0]","[0.08, 0.2, 0.06, 0.0]",0.26,"[0.0, 0.0, 0.0, 0.0]","[0.0, 0.0, 0.0, 0.0]",0.0,"[0.0685573855967814, 0.09517588798051642, 0.10665261868665019, 0.07670386314561747]","[0.050478781714638654, 0.00944830836944427, 0.0, 0.016869870582879448]","[0.43452385997330956, 0.5140935910039363, 0.5460735141764886, 0.45985348527043424]","[0.34196425280797016, 0.24100574426851784, 0.21814922562016836, 0.2590255895928507]","[0.07107721426134683, 0.02260814436527861, 2.2097470325777024e-08, 0.029292876996183104]","[0.2, 0.2, 0.2, 0.2]","[0.2, 0.2, 0.2, 0.2]","[0.2, 0.2, 0.13999999999999999, 0.2]","[0.2, 0.2, 0.2, 0.2]","[0.007064730509883156, 0.0071784877588432355, 0.005675246468190289, 0.006687184782223116]",3580,"body origin, body frame; no gravity/external torque","[0.002082097107751816, 0.002082006822033559, 0.0003498151960579238]",0.002965173088454671,0.009878024492738125,0.0588914471477986,0.1961850257032003,"[0.00034526843302429614, 0.00048011265396967847, 5.254215795018557e-05]",0.000593699528134328,0.002576115342067975,0.01735939891494005,0.10853188067057412,"[0.0021209930089175883, 0.0020990092489404522, 0.0003475927934814869]",0.0030042090341877194,0.009909645640736148,0.06539292153016234,0.26907656476738084,"[0.002082107113910381, 0.002082107113910421, 0.00034981519605792376]",0.002965250535618472,0.009878136481971056,0.0588914471477986,0.1961850257032003,"[5.651795773078985e-08, 2.2443959961446363e-07, 1.5608843005645828e-19]",2.314463510646906e-07,6.186688459982894e-07,0.0,0.0
combined_motor3_70-A_best-oracle_no_integral,A_best,combined_motor3_70,oracle_no_integral,oracle,no_integral,True,60.0,horizon,every physics interval; dwell = interval count * physics_dt,0.002,"[0.0, 0.0, 0.28, 0.0]","[0.0, 0.0, 0.28, 0.0]",0.28,"[0.0, 0.0, 0.0, 0.0]","[0.0, 0.0, 0.0, 0.0]",0.0,"[0.0, 0.0, 0.28, 0.0]","[0.0, 0.0, 0.28, 0.0]",0.28,"[0.0, 0.0, 0.0, 0.0]","[0.0, 0.0, 0.0, 0.0]",0.0,"[0.0, 0.0, 0.0, 0.0]","[0.0, 0.0, 0.0, 0.0]",0.0,"[0.0, 0.0, 0.0, 0.0]","[0.0, 0.0, 0.0, 0.0]",0.0,"[0.0, 0.0, 0.0, 0.0]","[0.0, 0.0, 0.0, 0.0]",0.0,"[0.0, 0.0, 0.0, 0.0]","[0.0, 0.0, 0.0, 0.0]",0.0,"[0.07896018299293352, 0.10628188020282213, 0.10665261868665019, 0.08914372410983268]","[0.052727604165876546, 0.04206666902652412, 0.0, 0.06111535991566161]","[0.4666985235385062, 0.545057354533226, 0.5460735141764886, 0.496800853345421]","[0.3476254271716368, 0.3209351828014503, 0.21814922562016836, 0.3689073774391187]","[0.07109224393138058, 0.05436241758473806, 0.0001614521121168222, 0.07551484090653199]","[0.2, 0.2, 0.2, 0.2]","[0.2, 0.2, 0.2, 0.2]","[0.2, 0.2, 0.13999999999999999, 0.2]","[0.2, 0.2, 0.2, 0.2]","[0.0019011226319931192, 0.001645682410024324, 0.0017177785093378621, 0.0012053158788776252]",30000,"body origin, body frame; no gravity/external torque","[5.833980078374464e-05, 5.832514267719092e-05, 9.802101163900868e-06]",8.307488074640517e-05,0.0015486285126668645,0.0016501853811281542,0.030764467580413346,"[0.00011457598234688677, 0.00012706487048701914, 1.3983841754445153e-05]",0.00017166445430796557,0.0027664092255135276,0.003050421950548329,0.06530581232367977,"[0.00013172337985190388, 0.00014697419110693994, 1.8232019184572016e-05]",0.00019820410736081203,0.0035861452206316716,0.003794753307287031,0.09040489226429743,"[5.834230414978553e-05, 5.8342304149792474e-05, 9.802101163900868e-06]",8.308868812443917e-05,0.0015490255103071029,0.0016501853811281542,0.030764467580413346,"[1.7067368730686114e-08, 2.092828654003745e-07, 1.5114156791227153e-19]",2.0997764839520683e-07,5.56122656856927e-07,0.0,0.0
combined_motor3_70-A_best-oracle_integral_020,A_best,combined_motor3_70,oracle_integral_020,oracle,integral_020,True,60.0,horizon,every physics interval; dwell = interval count * physics_dt,0.002,"[0.0, 0.0, 0.28, 0.0]","[0.0, 0.0, 0.28, 0.0]",0.28,"[0.0, 0.0, 0.0, 0.0]","[0.0, 0.0, 0.0, 0.0]",0.0,"[0.0, 0.0, 0.28, 0.0]","[0.0, 0.0, 0.28, 0.0]",0.28,"[0.0, 0.0, 0.0, 0.0]","[0.0, 0.0, 0.0, 0.0]",0.0,"[0.0, 0.0, 0.0, 0.0]","[0.0, 0.0, 0.0, 0.0]",0.0,"[0.0, 0.0, 0.0, 0.0]","[0.0, 0.0, 0.0, 0.0]",0.0,"[0.0, 0.0, 0.0, 0.0]","[0.0, 0.0, 0.0, 0.0]",0.0,"[0.0, 0.0, 0.0, 0.0]","[0.0, 0.0, 0.0, 0.0]",0.0,"[0.0789239522118374, 0.10626853458718266, 0.10665261868665019, 0.08907074706404847]","[0.05270783942023771, 0.04202590763741845, 0.0, 0.061070404306597104]","[0.46658914947999136, 0.5450207558346751, 0.5460735141764886, 0.4965893613160228]","[0.3475755936802343, 0.3208338113506273, 0.21814922562016836, 0.3687925632198814]","[0.07107721426134683, 0.05432990417688274, 0.00016144099857595684, 0.07552246669883803]","[0.2, 0.2, 0.2, 0.2]","[0.2, 0.2, 0.2, 0.2]","[0.2, 0.2, 0.13999999999999999, 0.2]","[0.2, 0.2, 0.2, 0.2]","[0.0019016071262917078, 0.0016461846176080604, 0.001716563405728547, 0.0012053878261773455]",30000,"body origin, body frame; no gravity/external torque","[5.784323273323596e-05, 5.782859165672545e-05, 9.718673187495978e-06]",8.23677011610574e-05,0.0015422647677567328,0.0016361402672552755,0.030638080408558477,"[0.00011445298708238883, 0.0001272876220685912, 1.3985731224618229e-05]",0.00017174756377266812,0.002767662490029778,0.003047603139299545,0.06532534411705498,"[0.00013138118469902728, 0.0001469652438612115, 1.8175054246566648e-05]",0.00019796497466211782,0.0035843391720642294,0.0037851150396023283,0.09023184972057768,"[5.7845739148809934e-05, 5.784573914881686e-05, 9.718673187495971e-06]",8.238150085954051e-05,0.0015426617741927963,0.0016361402672552755,0.030638080408558477,"[1.7045865639713334e-08, 2.0928597924663094e-07, 1.527917465288313e-19]",2.099790052472614e-07,5.561258797961317e-07,0.0,0.0
combined_motor3_70-B_best-existing_no_integral,B_best,combined_motor3_70,existing_no_integral,existing,no_integral,False,5.29,max_tilt,every physics interval; dwell = interval count * physics_dt,0.002,"[0.0, 0.05, 0.25, 0.03]","[0.0, 0.05, 0.25, 0.03]",0.25,"[0.0, 0.0, 0.0, 0.0]","[0.0, 0.0, 0.0, 0.0]",0.0,"[0.0, 0.05, 0.25, 0.03]","[0.0, 0.05, 0.25, 0.03]",0.25,"[0.0, 0.0, 0.0, 0.0]","[0.0, 0.0, 0.0, 0.0]",0.0,"[0.0, 0.0, 0.0, 0.0]","[0.0, 0.0, 0.0, 0.0]",0.0,"[0.0, 0.0, 0.0, 0.0]","[0.0, 0.0, 0.0, 0.0]",0.0,"[0.0, 0.03, 0.0, 0.01]","[0.0, 0.03, 0.0, 0.01]",0.04,"[0.0, 0.0, 0.0, 0.0]","[0.0, 0.0, 0.0, 0.0]",0.0,"[0.08803717049845686, 0.10825664557542906, 0.111898022188068, 0.09249500050445202]","[0.027231196751730358, 0.0, 0.0, 0.0]","[0.49358784341387396, 0.5504580320901427, 0.5603417906573862, 0.5064531765546078]","[0.28432271858452063, 0.21814922562016836, 0.21814922562016836, 0.21814922562016836]","[0.03628399069639077, 0.006835756419156069, 0.00023248469535649963, 0.015210129952241525]","[0.2, 0.2, 0.2, 0.2]","[0.2, 0.2, 0.2, 0.2]","[0.2, 0.2, 0.13999999999999999, 0.2]","[0.2, 0.2, 0.2, 0.2]","[0.005019792740468693, 0.005053527445552798, 0.005442757450978551, 0.0047695915559163434]",2645,"body origin, body frame; no gravity/external torque","[0.001248740762044321, 0.001269248244694864, 0.00020753019477989427]",0.0017925996148603308,0.00958127412141739,0.03632589136036824,0.213301455250129,"[0.00016564580160694116, 0.000480511118642907, 2.735045060275155e-05]",0.0005089965755067878,0.0027771690041434663,0.012021072398089895,0.07205466244494763,"[0.001227872281795123, 0.0012826411081692359, 0.00019793266959692652]",0.0017866213629250418,0.009094629719024387,0.04669698381472911,0.2598711302930148,"[0.001248716582073352, 0.0012692645596182564, 0.00020753019477989424]",0.0017925943228720936,0.009581048031736716,0.03632589136036824,0.213301455250129,"[3.3672819228825995e-08, 2.2000337229908232e-07, 1.577580205913086e-19]",2.2256536697740253e-07,5.937506881273119e-07,0.0,0.0
combined_motor3_70-B_best-existing_integral_020,B_best,combined_motor3_70,existing_integral_020,existing,integral_020,False,5.29,max_tilt,every physics interval; dwell = interval count * physics_dt,0.002,"[0.0, 0.05, 0.25, 0.03]","[0.0, 0.05, 0.25, 0.03]",0.25,"[0.0, 0.0, 0.0, 0.0]","[0.0, 0.0, 0.0, 0.0]",0.0,"[0.0, 0.05, 0.25, 0.03]","[0.0, 0.05, 0.25, 0.03]",0.25,"[0.0, 0.0, 0.0, 0.0]","[0.0, 0.0, 0.0, 0.0]",0.0,"[0.0, 0.0, 0.0, 0.0]","[0.0, 0.0, 0.0, 0.0]",0.0,"[0.0, 0.0, 0.0, 0.0]","[0.0, 0.0, 0.0, 0.0]",0.0,"[0.0, 0.03, 0.0, 0.01]","[0.0, 0.03, 0.0, 0.01]",0.04,"[0.0, 0.0, 0.0, 0.0]","[0.0, 0.0, 0.0, 0.0]",0.0,"[0.08803775861425776, 0.10825664557542906, 0.111898022188068, 0.09249561057287833]","[0.027286498509016932, 0.0, 0.0, 0.0]","[0.49358955459919984, 0.5504580320901427, 0.5603417906573862, 0.5064549232387824]","[0.28445826271249586, 0.21814922562016836, 0.21814922562016836, 0.21814922562016836]","[0.03635208735486761, 0.006844514050102585, 0.0002326046586771935, 0.01524244826418375]","[0.2, 0.2, 0.2, 0.2]","[0.2, 0.2, 0.2, 0.2]","[0.2, 0.2, 0.13999999999999999, 0.2]","[0.2, 0.2, 0.2, 0.2]","[0.005016770503095305, 0.005054528480300197, 0.005442848303669126, 0.004770461541173192]",2645,"body origin, body frame; no gravity/external torque","[0.001248828619988889, 0.0012694848262384177, 0.0002075721511035156]",0.0017928331891357548,0.009586344949542256,0.03632755618219743,0.21333949036940458,"[0.00016560135342446323, 0.0004803817036723626, 2.7383460740605602e-05]",0.0005088617134362802,0.0027771703611231043,0.01202215774087651,0.07209478309591943,"[0.001227995613722516, 0.0012829058177299408, 0.0001979520160630841]",0.0017868983085644536,0.009097534097835746,0.04669750161526236,0.2600441230897397,"[0.001248804499979144, 0.001269501197482384, 0.00020757215110351555]",0.0017928279804518637,0.009586119219440976,0.03632755618219743,0.21333949036940458,"[3.362477349371907e-08, 2.20004216504565e-07, 1.6110308560691398e-19]",2.225589375250781e-07,5.937522688194143e-07,0.0,0.0
combined_motor3_70-B_best-oracle_no_integral,B_best,combined_motor3_70,oracle_no_integral,oracle,no_integral,False,5.39,max_tilt,every physics interval; dwell = interval count * physics_dt,0.002,"[0.0, 0.0, 0.38, 0.0]","[0.0, 0.0, 0.38, 0.0]",0.38,"[0.0, 0.0, 0.0, 0.0]","[0.0, 0.0, 0.0, 0.0]",0.0,"[0.0, 0.0, 0.38, 0.0]","[0.0, 0.0, 0.38, 0.0]",0.38,"[0.0, 0.0, 0.0, 0.0]","[0.0, 0.0, 0.0, 0.0]",0.0,"[0.0, 0.0, 0.0, 0.0]","[0.0, 0.0, 0.0, 0.0]",0.0,"[0.0, 0.0, 0.0, 0.0]","[0.0, 0.0, 0.0, 0.0]",0.0,"[0.0, 0.09, 0.0, 0.0]","[0.0, 0.09, 0.0, 0.0]",0.09,"[0.0, 0.0, 0.0, 0.0]","[0.0, 0.0, 0.0, 0.0]",0.0,"[0.08803717049845686, 0.10825664557542906, 0.111898022188068, 0.09249500050445202]","[0.045732305196321904, 0.020670407038365146, 0.0, 0.007657053138188208]","[0.49358784341387396, 0.5504580320901427, 0.5603417906573862, 0.5064531765546078]","[0.3300714786862958, 0.26828330967174085, 0.21814922562016836, 0.236666268861632]","[0.0528372132784492, 0.024964198708925606, 2.1945194876860086e-05, 0.019883689840004826]","[0.2, 0.2, 0.2, 0.2]","[0.2, 0.2, 0.2, 0.2]","[0.2, 0.2, 0.13999999999999999, 0.2]","[0.2, 0.2, 0.2, 0.2]","[0.004535183671554569, 0.004630303800993518, 0.0056018312655505735, 0.004043538142940134]",2695,"body origin, body frame; no gravity/external torque","[0.0014207159805899462, 0.0014206882946626292, 0.0002386938744997809]",0.0020233051904788796,0.010102627928273595,0.04018415395619245,0.20064294667637506,"[0.0001732109025620054, 0.00047543564596380574, 2.92942992026983e-05]",0.0005068522725460967,0.0027771690041434663,0.009261306140284819,0.05362104543957674,"[0.0014478258559210832, 0.001417062575016676, 0.00022978384587268868]",0.002038888586070988,0.009583405744162294,0.04675411399260242,0.23294871432863185,"[0.0014207107631211836, 0.0014207107631212209, 0.0002386938744997809]",0.0020233173034945795,0.010102597811988762,0.04018415395619245,0.20064294667637506,"[2.2100533719807024e-08, 2.199459091532402e-07, 1.579533724052365e-19]",2.2105346987538088e-07,5.937506881273119e-07,0.0,0.0
combined_motor3_70-B_best-oracle_integral_020,B_best,combined_motor3_70,oracle_integral_020,oracle,integral_020,False,5.39,max_tilt,every physics interval; dwell = interval count * physics_dt,0.002,"[0.0, 0.0, 0.38, 0.0]","[0.0, 0.0, 0.38, 0.0]",0.38,"[0.0, 0.0, 0.0, 0.0]","[0.0, 0.0, 0.0, 0.0]",0.0,"[0.0, 0.0, 0.38, 0.0]","[0.0, 0.0, 0.38, 0.0]",0.38,"[0.0, 0.0, 0.0, 0.0]","[0.0, 0.0, 0.0, 0.0]",0.0,"[0.0, 0.0, 0.0, 0.0]","[0.0, 0.0, 0.0, 0.0]",0.0,"[0.0, 0.0, 0.0, 0.0]","[0.0, 0.0, 0.0, 0.0]",0.0,"[0.0, 0.09, 0.0, 0.0]","[0.0, 0.09, 0.0, 0.0]",0.09,"[0.0, 0.0, 0.0, 0.0]","[0.0, 0.0, 0.0, 0.0]",0.0,"[0.08803775861425776, 0.10825664557542906, 0.111898022188068, 0.09249561057287833]","[0.04600211600077622, 0.020894634756068037, 0.0, 0.008187720583992697]","[0.49358955459919984, 0.5504580320901427, 0.5603417906573862, 0.5064549232387824]","[0.3307455719205088, 0.26883022545081103, 0.21814922562016836, 0.23795151004174186]","[0.0530441181229791, 0.02523734985857093, 2.1946684349849477e-05, 0.020403783421614363]","[0.2, 0.2, 0.2, 0.2]","[0.2, 0.2, 0.2, 0.2]","[0.2, 0.2, 0.13999999999999999, 0.2]","[0.2, 0.2, 0.2, 0.2]","[0.004529242264156514, 0.004625235275528158, 0.005602462819286202, 0.0040308318708075904]",2695,"body origin, body frame; no gravity/external torque","[0.0014200949871143785, 0.0014200671397094939, 0.00023858955427106103]",0.0020224206854948246,0.01010411841155414,0.040166591628125116,0.20067257534279004,"[0.0001727492435881757, 0.0004751709812564601, 2.9297305508090344e-05]",0.0005064465368610471,0.0027771703611231043,0.009236219408516967,0.05363807392624009,"[0.0014468142855817731, 0.0014169749783050972, 0.00022981367745009587]",0.0020381128507640013,0.009585565040004953,0.04670341980164397,0.2328061187139321,"[0.0014200898470123626, 0.0014200898470124001, 0.00023858955427106103]",0.0020224330205429702,0.010104089648634178,0.040166591628125116,0.20067257534279004,"[2.196004766871751e-08, 2.199410982479332e-07, 1.5712276170983383e-19]",2.2103468142379705e-07,5.937522688194143e-07,0.0,0.0
motor1_70_restore-A_best-existing_no_integral,A_best,motor1_70_restore,existing_no_integral,existing,no_integral,True,60.0,horizon,every physics interval; dwell = interval count * physics_dt,0.002,"[0.0, 0.0, 0.0, 0.0]","[0.0, 0.0, 0.0, 0.0]",0.0,"[0.0, 0.0, 0.0, 0.0]","[0.0, 0.0, 0.0, 0.0]",0.0,"[0.0, 0.0, 0.0, 0.0]","[0.0, 0.0, 0.0, 0.0]",0.0,"[0.0, 0.0, 0.0, 0.0]","[0.0, 0.0, 0.0, 0.0]",0.0,"[0.0, 0.0, 0.0, 0.0]","[0.0, 0.0, 0.0, 0.0]",0.0,"[0.0, 0.0, 0.0, 0.0]","[0.0, 0.0, 0.0, 0.0]",0.0,"[0.0, 0.0, 0.0, 0.0]","[0.0, 0.0, 0.0, 0.0]",0.0,"[0.0, 0.0, 0.0, 0.0]","[0.0, 0.0, 0.0, 0.0]",0.0,"[0.0487762602763021, 0.07874901649287248, 0.08187309022688405, 0.0899380197813453]","[0.003931860817610211, 0.06759872934779096, 0.06406079656008101, 0.07235533541097633]","[0.3678349549073912, 0.4660608064818725, 0.47543651156586475, 0.4990991154328981]","[0.22765163964108415, 0.38555849364835304, 0.37644877749311645, 0.3979007454306427]","[0.01863614590270915, 0.08098111215834214, 0.07884911749173701, 0.08399493080886429]","[0.2, 0.2, 0.2, 0.2]","[0.2, 0.2, 0.2, 0.2]","[0.13999999999999999, 0.2, 0.2, 0.2]","[0.2, 0.2, 0.2, 0.2]","[0.0033131330183100685, 0.001804213042238266, 0.001523234818771649, 0.0010801027572322815]",30000,"body origin, body frame; no gravity/external torque","[0.0010415890556812759, 0.0010415889959949035, 0.0001749976249989654]",0.001483387867770274,0.002961371499443258,0.029460879629455494,0.05882044175471696,"[0.00014644110607195862, 0.00020151007456551198, 1.7603612741533e-05]",0.0002497222354547792,0.003887462585800296,0.0024452343039145243,0.04817689865360203,"[0.0010538054263463654, 0.0010632924255852183, 0.00017619983715288023]",0.0015073629428630374,0.005218100855391402,0.029620680396398494,0.10338001984847822,"[0.0010415893992994573, 0.0010415893992994018, 0.00017499762499896543]",0.0014833883922362229,0.002961675334293693,0.029460879629455494,0.05882044175471696,"[2.2208802416816433e-08, 3.158066722895764e-08, 1.526378001456315e-19]",3.860789358946336e-08,5.246731872711069e-07,0.0,0.0
motor1_70_restore-A_best-existing_integral_020,A_best,motor1_70_restore,existing_integral_020,existing,integral_020,True,60.0,horizon,every physics interval; dwell = interval count * physics_dt,0.002,"[0.0, 0.0, 0.0, 0.0]","[0.0, 0.0, 0.0, 0.0]",0.0,"[0.0, 0.0, 0.0, 0.0]","[0.0, 0.0, 0.0, 0.0]",0.0,"[0.0, 0.0, 0.0, 0.0]","[0.0, 0.0, 0.0, 0.0]",0.0,"[0.0, 0.0, 0.0, 0.0]","[0.0, 0.0, 0.0, 0.0]",0.0,"[0.0, 0.0, 0.0, 0.0]","[0.0, 0.0, 0.0, 0.0]",0.0,"[0.0, 0.0, 0.0, 0.0]","[0.0, 0.0, 0.0, 0.0]",0.0,"[0.0, 0.0, 0.0, 0.0]","[0.0, 0.0, 0.0, 0.0]",0.0,"[0.0, 0.0, 0.0, 0.0]","[0.0, 0.0, 0.0, 0.0]",0.0,"[0.048774238894587874, 0.07864744331876172, 0.0818762049755655, 0.08993821590967435]","[0.003924635020195161, 0.06764205298028367, 0.06408332527890764, 0.07239049425173211]","[0.36782765975167275, 0.4657538478007202, 0.47544579753419375, 0.4990996820999518]","[0.22763416576001405, 0.38567040766745475, 0.3765066055926446, 0.39799239921381013]","[0.018631769698342862, 0.08101666875052957, 0.07887300716612225, 0.08402248193689528]","[0.2, 0.2, 0.2, 0.2]","[0.2, 0.2, 0.2, 0.2]","[0.13999999999999999, 0.2, 0.2, 0.2]","[0.2, 0.2, 0.2, 0.2]","[0.003312590220334797, 0.0018077004443071301, 0.0015236504648113928, 0.0010815441072291082]",30000,"body origin, body frame; no gravity/external torque","[0.0010415918497590092, 0.0010415917899498659, 0.00017499809440439036]",0.0014833918468902952,0.0029614806450798717,0.029460958653937854,0.05882260949394147,"[0.00014651286213712082, 0.000201561185090806, 1.761105374582528e-05]",0.00024980608343445264,0.0038872529877317526,0.0024477332367591606,0.04820366363959472,"[0.0010538175038081175, 0.0010633051643033542, 0.00017620102929007976]",0.001507380511513121,0.005218058401068024,0.029620981318936982,0.10340399076682993,"[0.0010415921932100335, 0.0010415921932099698, 0.00017499809440439044]",0.0014833923712077037,0.0029617844823993686,0.029460958653937854,0.05882260949394147,"[2.2219649095771597e-08, 3.158868805140954e-08, 1.5477911638770334e-19]",3.8620694177454846e-08,5.246648691592445e-07,0.0,0.0
motor1_70_restore-A_best-oracle_no_integral,A_best,motor1_70_restore,oracle_no_integral,oracle,no_integral,True,60.0,horizon,every physics interval; dwell = interval count * physics_dt,0.002,"[0.06, 0.0, 0.0, 0.0]","[0.06, 0.0, 0.0, 0.0]",0.06,"[0.0, 0.0, 0.0, 0.0]","[0.0, 0.0, 0.0, 0.0]",0.0,"[0.06, 0.0, 0.0, 0.0]","[0.06, 0.0, 0.0, 0.0]",0.06,"[0.0, 0.0, 0.0, 0.0]","[0.0, 0.0, 0.0, 0.0]",0.0,"[0.0, 0.0, 0.0, 0.0]","[0.0, 0.0, 0.0, 0.0]",0.0,"[0.0, 0.0, 0.0, 0.0]","[0.0, 0.0, 0.0, 0.0]",0.0,"[0.0, 0.0, 0.0, 0.0]","[0.0, 0.0, 0.0, 0.0]",0.0,"[0.0, 0.0, 0.0, 0.0]","[0.0, 0.0, 0.0, 0.0]",0.0,"[0.045373469172618267, 0.08316674556715357, 0.07942049451239167, 0.0913518852703529]","[0.0, 0.07095816463580762, 0.06916451781582372, 0.07630313428136645]","[0.3553802629307396, 0.47928301743301516, 0.46808661526883566, 0.503173757113315]","[0.21814922562016836, 0.39426368461773886, 0.38960898122955323, 0.4082331456232269]","[0.015637714678574485, 0.0846483171944209, 0.08296317747471604, 0.08713971585282611]","[0.2, 0.2, 0.2, 0.2]","[0.2, 0.2, 0.2, 0.2]","[0.13999999999999999, 0.2, 0.2, 0.2]","[0.2, 0.2, 0.2, 0.2]","[0.003872668769958641, 0.0017519890207461288, 0.0014006031148837209, 0.0010110928544882088]",30000,"body origin, body frame; no gravity/external torque","[1.8410966562700894e-05, 1.8411202555229554e-05, 3.0943583127748293e-06]",2.6220433304399434e-05,0.00111735024603018,0.000520935742891376,0.022198021369317977,"[0.00016116344869726012, 0.00020309224867449147, 1.962063836311117e-05]",0.0002600097846571032,0.004057689511992147,0.0021753471800192675,0.04893400488033128,"[0.00016625930382018538, 0.0002072297476640536, 2.0603973408259788e-05]",0.0002664786072912606,0.004057259015208132,0.0023630955420258994,0.04893400488033134,"[1.8417683189922414e-05, 1.841768318992253e-05, 3.09435831277483e-06]",2.622969998944982e-05,0.0011176953181306793,0.000520935742891376,0.022198021369317977,"[2.4096571331580073e-08, 3.122560989727753e-08, 1.517108413696938e-19]",3.944215338181829e-08,5.431621458557591e-07,0.0,0.0
motor1_70_restore-A_best-oracle_integral_020,A_best,motor1_70_restore,oracle_integral_020,oracle,integral_020,True,60.0,horizon,every physics interval; dwell = interval count * physics_dt,0.002,"[0.06, 0.0, 0.0, 0.0]","[0.06, 0.0, 0.0, 0.0]",0.06,"[0.0, 0.0, 0.0, 0.0]","[0.0, 0.0, 0.0, 0.0]",0.0,"[0.06, 0.0, 0.0, 0.0]","[0.06, 0.0, 0.0, 0.0]",0.06,"[0.0, 0.0, 0.0, 0.0]","[0.0, 0.0, 0.0, 0.0]",0.0,"[0.0, 0.0, 0.0, 0.0]","[0.0, 0.0, 0.0, 0.0]",0.0,"[0.0, 0.0, 0.0, 0.0]","[0.0, 0.0, 0.0, 0.0]",0.0,"[0.0, 0.0, 0.0, 0.0]","[0.0, 0.0, 0.0, 0.0]",0.0,"[0.0, 0.0, 0.0, 0.0]","[0.0, 0.0, 0.0, 0.0]",0.0,"[0.04537298935595794, 0.08314504167869073, 0.07941388814524966, 0.09134501429760974]","[0.0, 0.07095711345332317, 0.06916980747368925, 0.076315397686332]","[0.35537848123396865, 0.4792186519816276, 0.4680667131013565, 0.5031540053455382]","[0.21814922562016836, 0.3942609519713737, 0.38962268503090003, 0.4082653743799478]","[0.01563621175480165, 0.08465535831468153, 0.08296907765063094, 0.0871493538046964]","[0.2, 0.2, 0.2, 0.2]","[0.2, 0.2, 0.2, 0.2]","[0.13999999999999999, 0.2, 0.2, 0.2]","[0.2, 0.2, 0.2, 0.2]","[0.0038725654703255807, 0.0017523763840000947, 0.001400593367486248, 0.001011222841151823]",30000,"body origin, body frame; no gravity/external torque","[1.8413653586727804e-05, 1.841388926152515e-05, 3.094809724756911e-06]",2.6224259825211485e-05,0.0011174570007231315,0.0005210117381745536,0.02220014125510994,"[0.00016116850607721385, 0.00020309997347031436, 1.9621845194829262e-05]",0.0002600190442710969,0.004057689181517934,0.0021753921827240875,0.048934026897743954,"[0.00016626480318644317, 0.0002072380376168045, 2.0605280995948386e-05]",0.0002664885862824416,0.00405725868477142,0.0023631982681322906,0.04893402689774401,"[1.8420370003159194e-05, 1.8420370003159313e-05, 3.09480972475691e-06]",2.6233526437347844e-05,0.001117802056762259,0.0005210117381745536,0.02220014125510994,"[2.409733650456492e-08, 3.1226832031589774e-08, 1.5758895049581424e-19]",3.944358839334183e-08,5.431608177340864e-07,0.0,0.0
motor1_70_restore-B_best-existing_no_integral,B_best,motor1_70_restore,existing_no_integral,existing,no_integral,True,60.0,horizon,every physics interval; dwell = interval count * physics_dt,0.002,"[0.0, 0.0, 0.0, 0.0]","[0.0, 0.0, 0.0, 0.0]",0.0,"[0.0, 0.0, 0.0, 0.0]","[0.0, 0.0, 0.0, 0.0]",0.0,"[0.0, 0.0, 0.0, 0.0]","[0.0, 0.0, 0.0, 0.0]",0.0,"[0.0, 0.0, 0.0, 0.0]","[0.0, 0.0, 0.0, 0.0]",0.0,"[0.0, 0.0, 0.0, 0.0]","[0.0, 0.0, 0.0, 0.0]",0.0,"[0.0, 0.0, 0.0, 0.0]","[0.0, 0.0, 0.0, 0.0]",0.0,"[0.0, 0.0, 0.0, 0.0]","[0.0, 0.0, 0.0, 0.0]",0.0,"[0.0, 0.0, 0.0, 0.0]","[0.0, 0.0, 0.0, 0.0]",0.0,"[0.0507203683184199, 0.08469079885673537, 0.06461224152777599, 0.08325752462971256]","[0.013713986240788734, 0.07076404509779727, 0.04372290840030282, 0.06976247780446046]","[0.37479753395549564, 0.48378871606881185, 0.4218698718968763, 0.4795521719305333]","[0.2513543391455776, 0.3937591476004503, 0.32505825164398383, 0.3911589741429772]","[0.02407180056231345, 0.08027616026441733, 0.06942287461278515, 0.08086198051683062]","[0.2, 0.2, 0.2, 0.2]","[0.2, 0.2, 0.2, 0.2]","[0.13999999999999999, 0.2, 0.2, 0.2]","[0.2, 0.2, 0.2, 0.2]","[0.0029785626022874132, 0.0019107659492010127, 0.00295168803567046, 0.0014890564276093393]",30000,"body origin, body frame; no gravity/external torque","[0.001041539870254159, 0.0010415398465838453, 0.00017498935121288222]",0.0014833178440202544,0.0028136903007311568,0.02945948673617566,0.055885804127763394,"[0.0001800670743651389, 0.00023267848436165145, 1.6133923938454393e-05]",0.0002946586700860997,0.004445672676054295,0.0035569751524613348,0.07856001871173512,"[0.0010586981309969757, 0.0010689199011170666, 0.00017604593145582886]",0.001514735507460891,0.005187591825131956,0.029729302729873987,0.13190182848553345,"[0.001041540153557556, 0.0010415401535574932, 0.00017498935121288222]",0.0014833182584944977,0.0028139130323531184,0.02945948673617566,0.055885804127763394,"[2.767154459772991e-08, 3.582019712962033e-08, 1.5422116920720584e-19]",4.526368194070224e-08,6.093620159982571e-07,0.0,0.0
motor1_70_restore-B_best-existing_integral_020,B_best,motor1_70_restore,existing_integral_020,existing,integral_020,True,60.0,horizon,every physics interval; dwell = interval count * physics_dt,0.002,"[0.0, 0.0, 0.0, 0.0]","[0.0, 0.0, 0.0, 0.0]",0.0,"[0.0, 0.0, 0.0, 0.0]","[0.0, 0.0, 0.0, 0.0]",0.0,"[0.0, 0.0, 0.0, 0.0]","[0.0, 0.0, 0.0, 0.0]",0.0,"[0.0, 0.0, 0.0, 0.0]","[0.0, 0.0, 0.0, 0.0]",0.0,"[0.0, 0.0, 0.0, 0.0]","[0.0, 0.0, 0.0, 0.0]",0.0,"[0.0, 0.0, 0.0, 0.0]","[0.0, 0.0, 0.0, 0.0]",0.0,"[0.0, 0.0, 0.0, 0.0]","[0.0, 0.0, 0.0, 0.0]",0.0,"[0.0, 0.0, 0.0, 0.0]","[0.0, 0.0, 0.0, 0.0]",0.0,"[0.05071806171120373, 0.08469158185371511, 0.06455276739193136, 0.08325812428614301]","[0.013707810422462247, 0.07076655309993843, 0.04376142405879538, 0.06976517230819484]","[0.37478933540916637, 0.4837910238644911, 0.42167697902107415, 0.47955394954592834]","[0.25133934033528993, 0.3937656649475765, 0.32515422927312854, 0.39116596265222037]","[0.024066444294904732, 0.08027879527867915, 0.06945511200822149, 0.08086389261204946]","[0.2, 0.2, 0.2, 0.2]","[0.2, 0.2, 0.2, 0.2]","[0.13999999999999999, 0.2, 0.2, 0.2]","[0.2, 0.2, 0.2, 0.2]","[0.002975825782143718, 0.0019069903942793634, 0.002948765228207451, 0.00149175445315804]",30000,"body origin, body frame; no gravity/external torque","[0.0010415432896675651, 0.0010415432661215823, 0.00017498992571488708]",0.001483322713894886,0.0028137835996493456,0.029459583453684636,0.055887656873261304,"[0.00018006279464019288, 0.00023220514884768893, 1.612671677754661e-05]",0.0002942820282637726,0.004445674727769689,0.003560137603357024,0.07859388162209308,"[0.0010587011861068474, 0.0010688202375476945, 0.00017604575119723292]",0.0015146672928964473,0.005187610457608101,0.029729802982013276,0.1319397483091605,"[0.0010415435730050761, 0.0010415435730050174, 0.00017498992571488714]",0.0014833231283297485,0.0028140063201707245,0.029459583453684636,0.055887656873261304,"[2.767094589933828e-08, 3.5746384517207587e-08, 1.539414372824202e-19]",4.520492509689864e-08,6.093591534073266e-07,0.0,0.0
motor1_70_restore-B_best-oracle_no_integral,B_best,motor1_70_restore,oracle_no_integral,oracle,no_integral,True,60.0,horizon,every physics interval; dwell = interval count * physics_dt,0.002,"[0.05, 0.0, 0.0, 0.0]","[0.05, 0.0, 0.0, 0.0]",0.05,"[0.0, 0.0, 0.0, 0.0]","[0.0, 0.0, 0.0, 0.0]",0.0,"[0.05, 0.0, 0.0, 0.0]","[0.05, 0.0, 0.0, 0.0]",0.05,"[0.0, 0.0, 0.0, 0.0]","[0.0, 0.0, 0.0, 0.0]",0.0,"[0.0, 0.0, 0.0, 0.0]","[0.0, 0.0, 0.0, 0.0]",0.0,"[0.0, 0.0, 0.0, 0.0]","[0.0, 0.0, 0.0, 0.0]",0.0,"[0.0, 0.0, 0.0, 0.0]","[0.0, 0.0, 0.0, 0.0]",0.0,"[0.0, 0.0, 0.0, 0.0]","[0.0, 0.0, 0.0, 0.0]",0.0,"[0.04394040174732775, 0.08335659241415339, 0.05905067417369851, 0.08608108680767322]","[0.0, 0.07292315416980186, 0.043854851004818896, 0.0781494934997683]","[0.3500250175711802, 0.4798457887701505, 0.4035351455782946, 0.4878752548166428]","[0.21814922562016836, 0.3993817511376885, 0.32538705938321155, 0.4130950101966048]","[0.017454174262842348, 0.08512903352558572, 0.07169595607379253, 0.08645678050540172]","[0.2, 0.2, 0.2, 0.2]","[0.2, 0.2, 0.2, 0.2]","[0.13999999999999999, 0.2, 0.2, 0.2]","[0.2, 0.2, 0.2, 0.2]","[0.003876893725854998, 0.0023990839292411955, 0.002920703395891084, 0.0017627547061106843]",30000,"body origin, body frame; no gravity/external torque","[8.844749908658403e-06, 8.844559145896595e-06, 1.487139427809443e-06]",1.2596325301838273e-05,0.0005974474707669911,0.0002503601730318861,0.011873807837650907,"[0.00018833273983020834, 0.00028741255478731235, 1.7809040594182043e-05]",0.0003440819080803446,0.004564421281921976,0.003187841137791477,0.06166567604194062,"[0.0001901977114892447, 0.00028861316669284015, 1.8258599516295732e-05]",0.00034613018634686366,0.004563908430539286,0.003220756221601368,0.061665676041940565,"[8.851483917540554e-06, 8.851483917540629e-06, 1.4871394278094415e-06]",1.2605916022356521e-05,0.0005978595662975853,0.0002503601730318861,0.011873807837650907,"[2.8600154940494878e-08, 4.409573229844164e-08, 1.517883041479706e-19]",5.255856228585578e-08,6.104549348572845e-07,0.0,0.0
motor1_70_restore-B_best-oracle_integral_020,B_best,motor1_70_restore,oracle_integral_020,oracle,integral_020,True,60.0,horizon,every physics interval; dwell = interval count * physics_dt,0.002,"[0.05, 0.0, 0.0, 0.0]","[0.05, 0.0, 0.0, 0.0]",0.05,"[0.0, 0.0, 0.0, 0.0]","[0.0, 0.0, 0.0, 0.0]",0.0,"[0.05, 0.0, 0.0, 0.0]","[0.05, 0.0, 0.0, 0.0]",0.05,"[0.0, 0.0, 0.0, 0.0]","[0.0, 0.0, 0.0, 0.0]",0.0,"[0.0, 0.0, 0.0, 0.0]","[0.0, 0.0, 0.0, 0.0]",0.0,"[0.0, 0.0, 0.0, 0.0]","[0.0, 0.0, 0.0, 0.0]",0.0,"[0.0, 0.0, 0.0, 0.0]","[0.0, 0.0, 0.0, 0.0]",0.0,"[0.0, 0.0, 0.0, 0.0]","[0.0, 0.0, 0.0, 0.0]",0.0,"[0.04393980475332913, 0.08334948410163048, 0.05904447466503722, 0.08607233365476334]","[0.0, 0.07293569856528664, 0.043865728844981605, 0.07816260744541004]","[0.35002277230701606, 0.47982472510226215, 0.40351435633961696, 0.48784959557688873]","[0.21814922562016836, 0.3994144889215562, 0.32541416983812654, 0.41312961162512396]","[0.017453139860574493, 0.08512942172807246, 0.07170548713338892, 0.08646760035777529]","[0.2, 0.2, 0.2, 0.2]","[0.2, 0.2, 0.2, 0.2]","[0.13999999999999999, 0.2, 0.2, 0.2]","[0.2, 0.2, 0.2, 0.2]","[0.0038768907633699463, 0.002398906757215632, 0.00292069945233274, 0.0017627993065654414]",30000,"body origin, body frame; no gravity/external torque","[8.846531623896954e-06, 8.846341028463896e-06, 1.487438762620594e-06]",1.2598862862855782e-05,0.0005975281400832755,0.00025041056609773624,0.011875409712176543,"[0.00018833451975157605, 0.0002873978303760347, 1.780866647865638e-05]",0.00034407056374624893,0.004564419598653244,0.0031879466621271696,0.06164420175875096,"[0.00019019982301967604, 0.0002885987109277802, 1.8258328795350264e-05]",0.00034611927885672063,0.004563906747427259,0.0032208808678262147,0.061644201758750905,"[8.853265564383678e-06, 8.853265564383773e-06, 1.4874387626205926e-06]",1.2608453369844839e-05,0.0005979402224798548,0.00025041056609773624,0.011875409712176543,"[2.860043723411275e-08, 4.409339072955639e-08, 1.539159818978258e-19]",5.25567513837354e-08,6.104543150897891e-07,0.0,0.0
combined_motor1_70_restore-A_best-existing_no_integral,A_best,combined_motor1_70_restore,existing_no_integral,existing,no_integral,True,60.0,horizon,every physics interval; dwell = interval count * physics_dt,0.002,"[0.52, 0.0, 0.0, 0.0]","[0.3, 0.0, 0.0, 0.0]",0.52,"[0.0, 0.0, 0.0, 0.0]","[0.0, 0.0, 0.0, 0.0]",0.0,"[0.52, 0.0, 0.0, 0.0]","[0.3, 0.0, 0.0, 0.0]",0.52,"[0.0, 0.0, 0.0, 0.0]","[0.0, 0.0, 0.0, 0.0]",0.0,"[0.0, 0.0, 0.0, 0.0]","[0.0, 0.0, 0.0, 0.0]",0.0,"[0.0, 0.0, 0.0, 0.0]","[0.0, 0.0, 0.0, 0.0]",0.0,"[0.0, 0.0, 0.0, 0.0]","[0.0, 0.0, 0.0, 0.0]",0.0,"[0.0, 0.0, 0.0, 0.0]","[0.0, 0.0, 0.0, 0.0]",0.0,"[0.06531998774466012, 0.07167212901261552, 0.08031160589484806, 0.10041977779381023]","[0.0, 0.04579289984309609, 0.06312500035657753, 0.04014611632289802]","[0.42416032129497583, 0.44432870983604483, 0.4707659595835554, 0.5288448714315095]","[0.21814922562016836, 0.3302228481283903, 0.37404870513943467, 0.316163984084478]","[3.841525674880275e-05, 0.07050005254020847, 0.07659974711919887, 0.055502088097942714]","[0.2, 0.2, 0.2, 0.2]","[0.2, 0.2, 0.2, 0.2]","[0.13999999999999999, 0.2, 0.2, 0.2]","[0.2, 0.2, 0.2, 0.2]","[0.0031460469667589056, 0.0027068549106369047, 0.001475850551217763, 0.0016926898045294006]",30000,"body origin, body frame; no gravity/external torque","[0.0012783455768475833, 0.0012782114152904572, 0.00021477514539394526]",0.0018204725208319657,0.0047905553298666585,0.036157431884502454,0.095146348662147,"[0.00017631803676351008, 0.0002079112568656881, 1.8401996744284805e-05]",0.00027322842879866555,0.004114817449539542,0.0038812162114508293,0.05518210097431836,"[0.0012925599588914363, 0.001297880013152419, 0.00021591723289872284]",0.0018444034339950381,0.005554688802672732,0.036462981955379815,0.13972329818372153,"[0.0012783460042766596, 0.0012783460042765837, 0.00021477514539394515]",0.0018205673226714223,0.004790725563671735,0.036157431884502454,0.095146348662147,"[2.673637999687907e-08, 2.107889344803987e-07, 1.544750313859571e-19]",2.1247778452045298e-07,6.532607524466334e-07,0.0,0.0
combined_motor1_70_restore-A_best-existing_integral_020,A_best,combined_motor1_70_restore,existing_integral_020,existing,integral_020,True,60.0,horizon,every physics interval; dwell = interval count * physics_dt,0.002,"[0.51, 0.0, 0.0, 0.0]","[0.3, 0.0, 0.0, 0.0]",0.51,"[0.0, 0.0, 0.0, 0.0]","[0.0, 0.0, 0.0, 0.0]",0.0,"[0.51, 0.0, 0.0, 0.0]","[0.3, 0.0, 0.0, 0.0]",0.51,"[0.0, 0.0, 0.0, 0.0]","[0.0, 0.0, 0.0, 0.0]",0.0,"[0.0, 0.0, 0.0, 0.0]","[0.0, 0.0, 0.0, 0.0]",0.0,"[0.0, 0.0, 0.0, 0.0]","[0.0, 0.0, 0.0, 0.0]",0.0,"[0.0, 0.0, 0.0, 0.0]","[0.0, 0.0, 0.0, 0.0]",0.0,"[0.0, 0.0, 0.0, 0.0]","[0.0, 0.0, 0.0, 0.0]",0.0,"[0.06531690886648236, 0.07158441031134061, 0.08028653955440287, 0.10043810085789619]","[0.0, 0.04586436678918382, 0.06315547300851437, 0.040194630542456894]","[0.42415037705597836, 0.4440547003353371, 0.47069073157441477, 0.5288959882577945]","[0.21814922562016836, 0.33040139198848084, 0.3741267987491198, 0.3162843802208315]","[3.781879318864867e-05, 0.07056009793883541, 0.07662681699192057, 0.055546996601611026]","[0.2, 0.2, 0.2, 0.2]","[0.2, 0.2, 0.2, 0.2]","[0.13999999999999999, 0.2, 0.2, 0.2]","[0.2, 0.2, 0.2, 0.2]","[0.003142525868463085, 0.002706043948768382, 0.0014766359618715217, 0.001689431613697895]",30000,"body origin, body frame; no gravity/external torque","[0.0012781494623792136, 0.001278015300881839, 0.00021474219562023502]",0.0018201932227235702,0.004782948408327457,0.03615188478455155,0.09499526094554045,"[0.00017638175836086174, 0.0002077841739883402, 1.8379728964902884e-05]",0.0002731713785873479,0.004114791373295208,0.003875169289578663,0.055131026963768426,"[0.0012923701067770502, 0.0012976451465672124, 0.00021588254467359293]",0.001844101052652808,0.005558009654504425,0.03645642937785669,0.13951277205824664,"[0.00127814988655789, 0.0012781498865578225, 0.00021474219562023502]",0.0018202880199560507,0.00478311812737511,0.03615188478455155,0.09499526094554045,"[2.6742975926247937e-08, 2.1078390224173365e-07, 1.5165917753663782e-19]",2.1247362237615418e-07,6.530843798224118e-07,0.0,0.0
combined_motor1_70_restore-A_best-oracle_no_integral,A_best,combined_motor1_70_restore,oracle_no_integral,oracle,no_integral,True,60.0,horizon,every physics interval; dwell = interval count * physics_dt,0.002,"[0.33, 0.0, 0.0, 0.0]","[0.24, 0.0, 0.0, 0.0]",0.33,"[0.0, 0.0, 0.0, 0.0]","[0.0, 0.0, 0.0, 0.0]",0.0,"[0.33, 0.0, 0.0, 0.0]","[0.24, 0.0, 0.0, 0.0]",0.33,"[0.0, 0.0, 0.0, 0.0]","[0.0, 0.0, 0.0, 0.0]",0.0,"[0.0, 0.0, 0.0, 0.0]","[0.0, 0.0, 0.0, 0.0]",0.0,"[0.0, 0.0, 0.0, 0.0]","[0.0, 0.0, 0.0, 0.0]",0.0,"[0.0, 0.0, 0.0, 0.0]","[0.0, 0.0, 0.0, 0.0]",0.0,"[0.0, 0.0, 0.0, 0.0]","[0.0, 0.0, 0.0, 0.0]",0.0,"[0.060549306624057976, 0.07132796417326454, 0.07962706609386037, 0.10412311232088639]","[0.0, 0.054335243849690074, 0.06708043764500682, 0.04482273958662067]","[0.40853682241092004, 0.4432529429735119, 0.46870864001729684, 0.5391192019600451]","[0.21814922562016836, 0.35168356157115843, 0.38422032809662265, 0.3278006873833975]","[0.00036001735908258725, 0.0750522365528292, 0.0811729446163836, 0.06024292146831567]","[0.2, 0.2, 0.2, 0.2]","[0.2, 0.2, 0.2, 0.2]","[0.13999999999999999, 0.2, 0.2, 0.2]","[0.2, 0.2, 0.2, 0.2]","[0.0033729539807984287, 0.002740814849796157, 0.0013340201188770944, 0.0016234263352956756]",30000,"body origin, body frame; no gravity/external torque","[8.985595249674048e-05, 8.984303057333801e-05, 1.509733540436965e-05]",0.00012796011831039858,0.0030615349857087406,0.0025416389569646405,0.06081010645966184,"[0.00020725288312583128, 0.00019115703570952931, 1.8778365066701518e-05]",0.00028257281691593256,0.0046888603140640365,0.0037363553086920834,0.059066793067886314,"[0.00023151639783497717, 0.00021984535289585564, 2.5977351035314436e-05]",0.0003203227191805168,0.004688511261383229,0.004950725298535558,0.0851734993217228,"[8.98596453234797e-05, 8.985964532348002e-05, 1.509733540436965e-05]",0.00012797437732466302,0.003061857187818549,0.0025416389569646405,0.06081010645966184,"[3.1068050800625726e-08, 2.101966881561248e-07, 1.5064819149221684e-19]",2.1248028494981177e-07,6.254148342766057e-07,0.0,0.0
combined_motor1_70_restore-A_best-oracle_integral_020,A_best,combined_motor1_70_restore,oracle_integral_020,oracle,integral_020,True,60.0,horizon,every physics interval; dwell = interval count * physics_dt,0.002,"[0.33, 0.0, 0.0, 0.0]","[0.24, 0.0, 0.0, 0.0]",0.33,"[0.0, 0.0, 0.0, 0.0]","[0.0, 0.0, 0.0, 0.0]",0.0,"[0.33, 0.0, 0.0, 0.0]","[0.24, 0.0, 0.0, 0.0]",0.33,"[0.0, 0.0, 0.0, 0.0]","[0.0, 0.0, 0.0, 0.0]",0.0,"[0.0, 0.0, 0.0, 0.0]","[0.0, 0.0, 0.0, 0.0]",0.0,"[0.0, 0.0, 0.0, 0.0]","[0.0, 0.0, 0.0, 0.0]",0.0,"[0.0, 0.0, 0.0, 0.0]","[0.0, 0.0, 0.0, 0.0]",0.0,"[0.0, 0.0, 0.0, 0.0]","[0.0, 0.0, 0.0, 0.0]",0.0,"[0.06054877621709767, 0.07132210593295056, 0.07962040232319523, 0.1041161206730393]","[0.0, 0.05434694921845029, 0.06708752877607443, 0.044839687180619786]","[0.40853506045052884, 0.443234615647806, 0.4686885828667795, 0.5390999102998616]","[0.21814922562016836, 0.35171314392906405, 0.38423862795664077, 0.3278429749591968]","[0.0003601337923971881, 0.0750631693083928, 0.08114161522026658, 0.060256679897167736]","[0.2, 0.2, 0.2, 0.2]","[0.2, 0.2, 0.2, 0.2]","[0.13999999999999999, 0.2, 0.2, 0.2]","[0.2, 0.2, 0.2, 0.2]","[0.0033728019303422454, 0.002740141561030442, 0.0013343465415724455, 0.0016225975132278028]",30000,"body origin, body frame; no gravity/external torque","[8.95249110202205e-05, 8.951208339749432e-05, 1.504171842507719e-05]",0.00012748872915092782,0.0030589907373597823,0.002532275829137628,0.06075957471992721,"[0.00020726099741283667, 0.00019112924805405885, 1.87786226421696e-05]",0.00028255998863712967,0.00468886629738602,0.003733849337184547,0.059066780181721734,"[0.00023139120949012263, 0.00021966746935890634, 2.5947206511518204e-05]",0.00032010771070000766,0.004688517243721195,0.004939912462039256,0.0849274183793185,"[8.952861193915579e-05, 8.9528611939156e-05, 1.504171842507719e-05]",0.0001275029333179564,0.003059312857944336,0.002532275829137628,0.06075957471992721,"[3.1068418120099754e-08, 2.1019550977703846e-07, 1.543227641913517e-19]",2.1247917294388105e-07,6.25369412197515e-07,0.0,0.0
combined_motor1_70_restore-B_best-existing_no_integral,B_best,combined_motor1_70_restore,existing_no_integral,existing,no_integral,True,60.0,horizon,every physics interval; dwell = interval count * physics_dt,0.002,"[0.29, 0.0, 0.0, 0.0]","[0.17, 0.0, 0.0, 0.0]",0.29,"[0.0, 0.0, 0.0, 0.0]","[0.0, 0.0, 0.0, 0.0]",0.0,"[0.29, 0.0, 0.0, 0.0]","[0.17, 0.0, 0.0, 0.0]",0.29,"[0.0, 0.0, 0.0, 0.0]","[0.0, 0.0, 0.0, 0.0]",0.0,"[0.0, 0.0, 0.0, 0.0]","[0.0, 0.0, 0.0, 0.0]",0.0,"[0.0, 0.0, 0.0, 0.0]","[0.0, 0.0, 0.0, 0.0]",0.0,"[0.0, 0.0, 0.0, 0.0]","[0.0, 0.0, 0.0, 0.0]",0.0,"[0.0, 0.0, 0.0, 0.0]","[0.0, 0.0, 0.0, 0.0]",0.0,"[0.06987900950223172, 0.07820461516263547, 0.06500402325747949, 0.09311215773456968]","[0.0, 0.0628126597315258, 0.04170192610325621, 0.04098866355118974]","[0.43870334411601, 0.4644139951539059, 0.4231389116735895, 0.5082182662060422]","[0.21814922562016836, 0.37324849006192085, 0.32002825551715075, 0.31825583358001386]","[0.00015356438759189794, 0.07902297220988215, 0.06658078987420737, 0.05346031582349142]","[0.2, 0.2, 0.2, 0.2]","[0.2, 0.2, 0.2, 0.2]","[0.13999999999999999, 0.2, 0.2, 0.2]","[0.2, 0.2, 0.2, 0.2]","[0.003114638034460166, 0.0015475784104647691, 0.002820180987631431, 0.00180112351804671]",30000,"body origin, body frame; no gravity/external torque","[0.0012654745683018985, 0.00126534020960814, 0.00021261265063934382]",0.001802142022228778,0.00396732621822819,0.035793375528509024,0.07879585250225868,"[0.000206365344855584, 0.0001983115311130693, 1.7549558452214286e-05]",0.00028674397279044943,0.004816641083613922,0.0039092752173140455,0.08536980311108522,"[0.0012833183490437786, 0.0012823640594261598, 0.00021368882039010035]",0.0018267529876423245,0.005469945383119597,0.036103752112646284,0.162774832788389,"[0.0012654747918104993, 0.001265474791810428, 0.00021261265063934396]",0.001802236676085415,0.003967459710243821,0.035793375528509024,0.07879585250225868,"[3.1635424026852044e-08, 2.103556673840574e-07, 1.5576329285480587e-19]",2.1272119512157634e-07,7.012300108496159e-07,0.0,0.0
combined_motor1_70_restore-B_best-existing_integral_020,B_best,combined_motor1_70_restore,existing_integral_020,existing,integral_020,True,60.0,horizon,every physics interval; dwell = interval count * physics_dt,0.002,"[0.29, 0.0, 0.0, 0.0]","[0.17, 0.0, 0.0, 0.0]",0.29,"[0.0, 0.0, 0.0, 0.0]","[0.0, 0.0, 0.0, 0.0]",0.0,"[0.29, 0.0, 0.0, 0.0]","[0.17, 0.0, 0.0, 0.0]",0.29,"[0.0, 0.0, 0.0, 0.0]","[0.0, 0.0, 0.0, 0.0]",0.0,"[0.0, 0.0, 0.0, 0.0]","[0.0, 0.0, 0.0, 0.0]",0.0,"[0.0, 0.0, 0.0, 0.0]","[0.0, 0.0, 0.0, 0.0]",0.0,"[0.0, 0.0, 0.0, 0.0]","[0.0, 0.0, 0.0, 0.0]",0.0,"[0.0, 0.0, 0.0, 0.0]","[0.0, 0.0, 0.0, 0.0]",0.0,"[0.06987618470466526, 0.07820530516746009, 0.06499301279501729, 0.09312498510297601]","[0.0, 0.0627952633450174, 0.04174302136906424, 0.04099377859428116]","[0.43869444157575, 0.4644160849226227, 0.4231032856121335, 0.5082549129120177]","[0.21814922562016836, 0.373203933118063, 0.3201304191974047, 0.3182685390956769]","[0.00014663170995174446, 0.07902688713747656, 0.0666164026988349, 0.053463789245119825]","[0.2, 0.2, 0.2, 0.2]","[0.2, 0.2, 0.2, 0.2]","[0.13999999999999999, 0.2, 0.2, 0.2]","[0.2, 0.2, 0.2, 0.2]","[0.0031124250163796804, 0.0015475057887768284, 0.0028205637943037576, 0.0018014529177887055]",30000,"body origin, body frame; no gravity/external torque","[0.0012654743287615897, 0.0012653399719764508, 0.00021261261043654958]",0.0018021416824305517,0.003964641289468873,0.03579336876036186,0.07874251780596997,"[0.00020628230098510838, 0.00019823116416045614, 1.7553475984655766e-05]",0.0002866288657188443,0.004816641845902965,0.003910921219716217,0.0854030882829383,"[0.001283306753444417, 0.0012823521243426094, 0.000213689573440107]",0.0018267365513502816,0.005472621361896476,0.036103634788602845,0.1627057687703145,"[0.0012654745525226654, 0.0012654745525225945, 0.00021261261043654958]",0.0018022363353016003,0.003964774248357645,0.03579336876036186,0.07874251780596997,"[3.1621600682286205e-08, 2.1035391163299778e-07, 1.5137471126984562e-19]",2.1271740354050193e-07,7.011786617731441e-07,0.0,0.0
combined_motor1_70_restore-B_best-oracle_no_integral,B_best,combined_motor1_70_restore,oracle_no_integral,oracle,no_integral,True,60.0,horizon,every physics interval; dwell = interval count * physics_dt,0.002,"[0.27, 0.0, 0.0, 0.0]","[0.19, 0.0, 0.0, 0.0]",0.27,"[0.0, 0.0, 0.0, 0.0]","[0.0, 0.0, 0.0, 0.0]",0.0,"[0.27, 0.0, 0.0, 0.0]","[0.19, 0.0, 0.0, 0.0]",0.27,"[0.0, 0.0, 0.0, 0.0]","[0.0, 0.0, 0.0, 0.0]",0.0,"[0.0, 0.0, 0.0, 0.0]","[0.0, 0.0, 0.0, 0.0]",0.0,"[0.0, 0.0, 0.0, 0.0]","[0.0, 0.0, 0.0, 0.0]",0.0,"[0.0, 0.0, 0.0, 0.0]","[0.0, 0.0, 0.0, 0.0]",0.0,"[0.0, 0.0, 0.0, 0.0]","[0.0, 0.0, 0.0, 0.0]",0.0,"[0.05891939901791005, 0.07820461516263547, 0.060145334612547646, 0.09741215196298894]","[0.0, 0.0628126597315258, 0.04048133812556698, 0.0468971604838804]","[0.4030947557943446, 0.4644139951539059, 0.4071931871069141, 0.5204146390125826]","[0.21814922562016836, 0.37324849006192085, 0.316996025757162, 0.33298338152819285]","[0.0009783169095609057, 0.08016912632588799, 0.06909700798514026, 0.06109753577225946]","[0.2, 0.2, 0.2, 0.2]","[0.2, 0.2, 0.2, 0.2]","[0.13999999999999999, 0.2, 0.2, 0.2]","[0.2, 0.2, 0.2, 0.2]","[0.003329590495314414, 0.0014784646826592031, 0.0028192598383104065, 0.0015681569119191335]",30000,"body origin, body frame; no gravity/external torque","[6.099627266804348e-05, 6.098553109416133e-05, 1.0248573039282652e-05]",8.686088608558759e-05,0.0023692436993608896,0.001725348996512278,0.047060206232980295,"[0.0001993041316239621, 0.00020487074888876912, 1.7855752312112405e-05]",0.0002863790993128989,0.005166186078337924,0.003837613717330993,0.07659879167842903,"[0.00021209738162676257, 0.00021846901479250302, 2.268922494131235e-05]",0.00030533393300741696,0.005165770484809699,0.00454428573781174,0.09544832912769857,"[6.099971377168719e-05, 6.099971377168737e-05, 1.0248573039282659e-05]",8.687326061451283e-05,0.0023695342617144604,0.001725348996512278,0.047060206232980295,"[2.996711764420368e-08, 2.1041152855974346e-07, 1.5541071583032899e-19]",2.1253479595292058e-07,6.642348988875698e-07,0.0,0.0
combined_motor1_70_restore-B_best-oracle_integral_020,B_best,combined_motor1_70_restore,oracle_integral_020,oracle,integral_020,True,60.0,horizon,every physics interval; dwell = interval count * physics_dt,0.002,"[0.27, 0.0, 0.0, 0.0]","[0.19, 0.0, 0.0, 0.0]",0.27,"[0.0, 0.0, 0.0, 0.0]","[0.0, 0.0, 0.0, 0.0]",0.0,"[0.27, 0.0, 0.0, 0.0]","[0.19, 0.0, 0.0, 0.0]",0.27,"[0.0, 0.0, 0.0, 0.0]","[0.0, 0.0, 0.0, 0.0]",0.0,"[0.0, 0.0, 0.0, 0.0]","[0.0, 0.0, 0.0, 0.0]",0.0,"[0.0, 0.0, 0.0, 0.0]","[0.0, 0.0, 0.0, 0.0]",0.0,"[0.0, 0.0, 0.0, 0.0]","[0.0, 0.0, 0.0, 0.0]",0.0,"[0.0, 0.0, 0.0, 0.0]","[0.0, 0.0, 0.0, 0.0]",0.0,"[0.058919062026806426, 0.07820530516746009, 0.060138969248102914, 0.09740291431473912]","[0.0, 0.0627952633450174, 0.04049232879426043, 0.04691645791416513]","[0.4030936248123203, 0.4644160849226227, 0.4071719885050921, 0.520388622386557]","[0.21814922562016836, 0.373203933118063, 0.31702331055973887, 0.3330316573208346]","[0.0009785368842712139, 0.08015301069894579, 0.0691068687618282, 0.061097890822982726]","[0.2, 0.2, 0.2, 0.2]","[0.2, 0.2, 0.2, 0.2]","[0.13999999999999999, 0.2, 0.2, 0.2]","[0.2, 0.2, 0.2, 0.2]","[0.00332898113030406, 0.0014779460171610733, 0.0028187115076183603, 0.001567908336214218]",30000,"body origin, body frame; no gravity/external torque","[6.0774795712972744e-05, 6.0764095261018084e-05, 1.0211363715327424e-05]",8.654549679660324e-05,0.0023660578826312875,0.0017190848005602187,0.04699693249244996,"[0.0001992642134164363, 0.00020479496118101177, 1.786046015610612e-05]",0.00028629739592004607,0.0051661886380797205,0.003837765289321995,0.07657193039293275,"[0.00021198742696665822, 0.00021832694300696003, 2.2680450961592406e-05]",0.00030515524916103614,0.005165773043957096,0.004540668602873632,0.09526945289841438,"[6.077824312380215e-05, 6.077824312380238e-05, 1.0211363715327422e-05]",8.655785130973815e-05,0.002366348357782993,0.0017190848005602187,0.04699693249244996,"[2.995995185092568e-08, 2.1040950017172916e-07, 1.5399233542806043e-19]",2.125317775708536e-07,6.642159728032042e-07,0.0,0.0
