key,period_s,label,variant,window,start_s,end_s,complete_window,metrics__samples,metrics__observed_start_time,metrics__observed_end_time,metrics__position_rmse_xy,metrics__position_rmse_z,metrics__position_rmse_3d,metrics__max_xy_error_m,metrics__max_abs_z_error_m,metrics__velocity_reference_error_rms_xy,metrics__velocity_reference_error_rms_z,metrics__mean_error_xyz_m,metrics__mean_xy_offset_m,metrics__mean_z_error_m,metrics__roll_rms_deg,metrics__pitch_rms_deg,metrics__tilt_max_deg,metrics__yaw_max_abs_deg,metrics__omega_max_rad_s,metrics__radial_error_mean_m,metrics__radial_error_rms_m,metrics__tangential_error_mean_m,metrics__tangential_error_rms_m,metrics__clipping__duration_s_per_channel,metrics__clipping__longest_continuous_s_per_channel,metrics__clipping__duration_any_s,metrics__clipping__longest_continuous_any_s,metrics__esc_boundary__duration_s_per_channel,metrics__esc_boundary__longest_continuous_s_per_channel,metrics__esc_boundary__duration_any_s,metrics__esc_boundary__longest_continuous_any_s,metrics__action_boundary__duration_s_per_channel,metrics__action_boundary__longest_continuous_s_per_channel,metrics__action_boundary__duration_any_s,metrics__action_boundary__longest_continuous_any_s,metrics__integral_freeze__duration_s_per_channel,metrics__integral_freeze__longest_continuous_s_per_channel,metrics__integral_freeze__duration_any_s,metrics__integral_freeze__longest_continuous_any_s,metrics__physics_allocation_residual_xml_rms,metrics__physics_actuator_response_residual_xml_rms,partial_metrics,metrics,partial_metrics__samples,partial_metrics__observed_start_time,partial_metrics__observed_end_time,partial_metrics__position_rmse_xy,partial_metrics__position_rmse_z,partial_metrics__position_rmse_3d,partial_metrics__max_xy_error_m,partial_metrics__max_abs_z_error_m,partial_metrics__velocity_reference_error_rms_xy,partial_metrics__velocity_reference_error_rms_z,partial_metrics__mean_error_xyz_m,partial_metrics__mean_xy_offset_m,partial_metrics__mean_z_error_m,partial_metrics__roll_rms_deg,partial_metrics__pitch_rms_deg,partial_metrics__tilt_max_deg,partial_metrics__yaw_max_abs_deg,partial_metrics__omega_max_rad_s,partial_metrics__radial_error_mean_m,partial_metrics__radial_error_rms_m,partial_metrics__tangential_error_mean_m,partial_metrics__tangential_error_rms_m,partial_metrics__clipping__duration_s_per_channel,partial_metrics__clipping__longest_continuous_s_per_channel,partial_metrics__clipping__duration_any_s,partial_metrics__clipping__longest_continuous_any_s,partial_metrics__esc_boundary__duration_s_per_channel,partial_metrics__esc_boundary__longest_continuous_s_per_channel,partial_metrics__esc_boundary__duration_any_s,partial_metrics__esc_boundary__longest_continuous_any_s,partial_metrics__action_boundary__duration_s_per_channel,partial_metrics__action_boundary__longest_continuous_s_per_channel,partial_metrics__action_boundary__duration_any_s,partial_metrics__action_boundary__longest_continuous_any_s,partial_metrics__integral_freeze__duration_s_per_channel,partial_metrics__integral_freeze__longest_continuous_s_per_channel,partial_metrics__integral_freeze__duration_any_s,partial_metrics__integral_freeze__longest_continuous_any_s,partial_metrics__physics_allocation_residual_xml_rms,partial_metrics__physics_actuator_response_residual_xml_rms
T5-PID-healthy,5.0,PID,healthy,hover,0.0,5.0,True,500,0.0,5.0,2.6001185138114213e-15,3.447312266962504e-05,3.447312266962504e-05,5.2640453142521694e-15,6.444915482717306e-05,3.7739762742809254e-15,4.1278406874625734e-05,"[0.0, -2.335101345432973e-15, -3.163829370502103e-05]",2.335101345432973e-15,-3.163829370502103e-05,9.884590095991682e-14,6.675736217504866e-14,0.0,1.1230285339963205e-14,7.898465832803913e-14,0.0,0.0,-2.335101345432973e-15,2.6001185138114213e-15,"[0.0, 0.0, 0.0, 0.0]","[0.0, 0.0, 0.0, 0.0]",0.0,0.0,"[0.0, 0.0, 0.0, 0.0]","[0.0, 0.0, 0.0, 0.0]",0.0,0.0,"[0.0, 0.0, 0.0, 0.0]","[0.0, 0.0, 0.0, 0.0]",0.0,0.0,[0.0],[0.0],0.0,0.0,"[6.574117219190228e-17, 1.1473427100606202e-18, 2.081863839928542e-19, 3.898448201162666e-17]","[8.767292991587444e-18, 1.748720986109652e-17, 7.584829195487814e-19, 2.009213304933977e-06]",,,,,,,,,,,,,,,,,,,,,,,,,,,,,,,,,,,,,,,,,,
T5-PID-healthy,5.0,PID,healthy,entry_warmup,5.0,11.0,False,,,,,,,,,,,,,,,,,,,,,,,,,,,,,,,,,,,,,,,,,,,300,5.0,8.0,0.24947302653155634,0.00012731089186273362,0.24947305901615466,0.3420617220951429,0.0003734931596367508,0.35127741017657677,0.0004229192222543382,"[0.15060010235212085, -0.049699615656191284, 1.8490507605010512e-06]",0.15858891078774207,1.8490507605010512e-06,6.267238411751506,4.441922902513471,11.09622894168273,0.9624714942003911,0.4106123089730436,-0.008137022946789686,0.01470854481145673,-0.21387132047437088,0.24903905251254063,"[0.0, 0.0, 0.0, 0.0]","[0.0, 0.0, 0.0, 0.0]",0.0,0.0,"[0.0, 0.0, 0.0, 0.0]","[0.0, 0.0, 0.0, 0.0]",0.0,0.0,"[0.0, 0.0, 0.0, 0.0]","[0.0, 0.0, 0.0, 0.0]",0.0,0.0,[0.0],[0.0],0.0,0.0,"[3.814044938960045e-09, 5.053878244511155e-09, 1.8583892568353422e-19, 3.6849816907586414e-17]","[2.3763541987366675e-05, 3.331149234319763e-05, 1.6921461428808702e-06, 0.0002512119339014375]"
T5-PID-healthy,5.0,PID,healthy,prefault_lap,11.0,16.0,False,,,,,,,,,,,,,,,,,,,,,,,,,,,,,,,,,,,,,,,,,,,,,,,,,,,,,,,,,,,,,,,,,,,,,,,,,,,,,,,,,,
T5-PID-healthy,5.0,PID,healthy,post_first_2s,16.0,18.0,False,,,,,,,,,,,,,,,,,,,,,,,,,,,,,,,,,,,,,,,,,,,,,,,,,,,,,,,,,,,,,,,,,,,,,,,,,,,,,,,,,,
T5-PID-healthy,5.0,PID,healthy,post_lap_1,16.0,21.0,False,,,,,,,,,,,,,,,,,,,,,,,,,,,,,,,,,,,,,,,,,,,,,,,,,,,,,,,,,,,,,,,,,,,,,,,,,,,,,,,,,,
T5-PID-healthy,5.0,PID,healthy,post_lap_2,21.0,26.0,False,,,,,,,,,,,,,,,,,,,,,,,,,,,,,,,,,,,,,,,,,,,,,,,,,,,,,,,,,,,,,,,,,,,,,,,,,,,,,,,,,,
T5-PID-healthy,5.0,PID,healthy,post_lap_3,26.0,31.0,False,,,,,,,,,,,,,,,,,,,,,,,,,,,,,,,,,,,,,,,,,,,,,,,,,,,,,,,,,,,,,,,,,,,,,,,,,,,,,,,,,,
T5-PID-healthy,5.0,PID,healthy,post_all,16.0,31.0,False,,,,,,,,,,,,,,,,,,,,,,,,,,,,,,,,,,,,,,,,,,,,,,,,,,,,,,,,,,,,,,,,,,,,,,,,,,,,,,,,,,
T5-PID-healthy,5.0,PID,healthy,last_lap,26.0,31.0,False,,,,,,,,,,,,,,,,,,,,,,,,,,,,,,,,,,,,,,,,,,,,,,,,,,,,,,,,,,,,,,,,,,,,,,,,,,,,,,,,,,
T5-A_best-healthy,5.0,A_best,healthy,hover,0.0,5.0,True,500,0.0,5.0,0.0012976891830366098,0.0008629220781272558,0.0015584067917875886,0.0018676853820880999,0.0011296484452798516,0.0013432961027830743,0.0005438946694887596,"[-0.0009142051921129551, -0.0008261562407595956, 0.0008292558693715723]",0.0012321953040944087,0.0008292558693715723,0.03517200974003587,0.023772455626335877,0.11736386950085255,0.13532120187245888,0.025341594124533934,-0.0009142051921129551,0.0009589430110675738,-0.0008261562407595964,0.0008743143126444166,"[0.0, 0.0, 0.0, 0.0]","[0.0, 0.0, 0.0, 0.0]",0.0,0.0,"[0.0, 0.0, 0.0, 0.0]","[0.0, 0.0, 0.0, 0.0]",0.0,0.0,"[0.0, 0.0, 0.0, 0.0]","[0.0, 0.0, 0.0, 0.0]",0.0,0.0,[0.0],[0.0],0.0,0.0,"[1.742782888556358e-09, 9.47154951259264e-10, 1.9793490109479793e-19, 4.7687923820737055e-17]","[1.1238297733353034e-05, 6.095868732615068e-06, 7.425427877381325e-07, 0.00020136968283304048]",,,,,,,,,,,,,,,,,,,,,,,,,,,,,,,,,,,,,,,,,,
T5-A_best-healthy,5.0,A_best,healthy,entry_warmup,5.0,11.0,False,,,,,,,,,,,,,,,,,,,,,,,,,,,,,,,,,,,,,,,,,,,300,5.0,8.0,0.4034493363853989,0.13713646735432566,0.4261194406598259,0.6063829459399045,0.2374827010443772,0.525105568728389,0.11381075767174577,"[0.24241009860848062, -0.13093349190592132, 0.10157562262397021]",0.2755108622360492,0.1015756226239702,4.348870367155228,3.2105160104002555,8.505588658171206,7.4626626366060105,0.2750882398834804,-0.10309649722050922,0.13767213657982608,-0.3161385513100427,0.37923310752011685,"[0.0, 0.0, 0.0, 0.0]","[0.0, 0.0, 0.0, 0.0]",0.0,0.0,"[0.0, 0.0, 0.0, 0.0]","[0.0, 0.0, 0.0, 0.0]",0.0,0.0,"[0.0, 0.0, 0.0, 0.0]","[0.0, 0.0, 0.0, 0.0]",0.0,0.0,[0.0],[0.0],0.0,0.0,"[1.0969666164428562e-09, 9.464983183656139e-10, 1.9478071796650894e-19, 4.7211682053324343e-17]","[1.9099954138870715e-06, 1.560251454318727e-06, 2.7852418276500475e-07, 0.0008572061940707598]"
T5-A_best-healthy,5.0,A_best,healthy,prefault_lap,11.0,16.0,False,,,,,,,,,,,,,,,,,,,,,,,,,,,,,,,,,,,,,,,,,,,,,,,,,,,,,,,,,,,,,,,,,,,,,,,,,,,,,,,,,,
T5-A_best-healthy,5.0,A_best,healthy,post_first_2s,16.0,18.0,False,,,,,,,,,,,,,,,,,,,,,,,,,,,,,,,,,,,,,,,,,,,,,,,,,,,,,,,,,,,,,,,,,,,,,,,,,,,,,,,,,,
T5-A_best-healthy,5.0,A_best,healthy,post_lap_1,16.0,21.0,False,,,,,,,,,,,,,,,,,,,,,,,,,,,,,,,,,,,,,,,,,,,,,,,,,,,,,,,,,,,,,,,,,,,,,,,,,,,,,,,,,,
T5-A_best-healthy,5.0,A_best,healthy,post_lap_2,21.0,26.0,False,,,,,,,,,,,,,,,,,,,,,,,,,,,,,,,,,,,,,,,,,,,,,,,,,,,,,,,,,,,,,,,,,,,,,,,,,,,,,,,,,,
T5-A_best-healthy,5.0,A_best,healthy,post_lap_3,26.0,31.0,False,,,,,,,,,,,,,,,,,,,,,,,,,,,,,,,,,,,,,,,,,,,,,,,,,,,,,,,,,,,,,,,,,,,,,,,,,,,,,,,,,,
T5-A_best-healthy,5.0,A_best,healthy,post_all,16.0,31.0,False,,,,,,,,,,,,,,,,,,,,,,,,,,,,,,,,,,,,,,,,,,,,,,,,,,,,,,,,,,,,,,,,,,,,,,,,,,,,,,,,,,
T5-A_best-healthy,5.0,A_best,healthy,last_lap,26.0,31.0,False,,,,,,,,,,,,,,,,,,,,,,,,,,,,,,,,,,,,,,,,,,,,,,,,,,,,,,,,,,,,,,,,,,,,,,,,,,,,,,,,,,
T5-B_best-healthy,5.0,B_best,healthy,hover,0.0,5.0,True,500,0.0,5.0,0.0013211050728680136,0.0012999002940392733,0.001853391320795743,0.002393829080652363,0.002029536658774589,0.0017899632306934692,0.001424650027607721,"[0.0011048136466595894, -0.00043479968184939984, 0.00123080960309682]",0.0011872927007194139,0.00123080960309682,0.0053197312601196015,0.05723092571154538,0.18121041310142516,0.9796232071065533,0.05286666959248214,0.0011048136466595894,0.0012350828574290808,-0.0004347996818493998,0.000468923180107805,"[0.0, 0.0, 0.0, 0.0]","[0.0, 0.0, 0.0, 0.0]",0.0,0.0,"[0.0, 0.0, 0.0, 0.0]","[0.0, 0.0, 0.0, 0.0]",0.0,0.0,"[0.0, 0.0, 0.0, 0.0]","[0.0, 0.0, 0.0, 0.0]",0.0,0.0,[0.0],[0.0],0.0,0.0,"[1.4148324049954347e-10, 2.705424732623034e-09, 1.9920470620920136e-19, 4.858415111783857e-17]","[8.889742434824457e-07, 1.7386809663504857e-05, 4.1324279303987364e-06, 0.0010025783881845007]",,,,,,,,,,,,,,,,,,,,,,,,,,,,,,,,,,,,,,,,,,
T5-B_best-healthy,5.0,B_best,healthy,entry_warmup,5.0,11.0,False,,,,,,,,,,,,,,,,,,,,,,,,,,,,,,,,,,,,,,,,,,,300,5.0,8.0,0.49022531186881896,0.08385833580339447,0.4973460333415716,0.7297388929753198,0.1454211339477247,0.5605117875447241,0.06957598034813674,"[0.27528560568644656, -0.23468409986174152, 0.06170701939730262]",0.3617440966015473,0.061707019397302644,2.990776013453073,3.1595181607566536,6.146561919254419,6.477733841531698,0.2004269493331984,-0.19691053258707508,0.2744850559833464,-0.34018385545143476,0.40617583684741765,"[0.0, 0.0, 0.0, 0.0]","[0.0, 0.0, 0.0, 0.0]",0.0,0.0,"[0.0, 0.0, 0.0, 0.0]","[0.0, 0.0, 0.0, 0.0]",0.0,0.0,"[0.0, 0.0, 0.0, 0.0]","[0.0, 0.0, 0.0, 0.0]",0.0,0.0,[0.0],[0.0],0.0,0.0,"[6.561079130228994e-10, 7.146337529919043e-10, 1.8024426754836147e-19, 4.275920361596606e-17]","[7.953288299138674e-07, 1.3498776734762616e-06, 3.1083738142928024e-07, 0.0005011976553327139]"
T5-B_best-healthy,5.0,B_best,healthy,prefault_lap,11.0,16.0,False,,,,,,,,,,,,,,,,,,,,,,,,,,,,,,,,,,,,,,,,,,,,,,,,,,,,,,,,,,,,,,,,,,,,,,,,,,,,,,,,,,
T5-B_best-healthy,5.0,B_best,healthy,post_first_2s,16.0,18.0,False,,,,,,,,,,,,,,,,,,,,,,,,,,,,,,,,,,,,,,,,,,,,,,,,,,,,,,,,,,,,,,,,,,,,,,,,,,,,,,,,,,
T5-B_best-healthy,5.0,B_best,healthy,post_lap_1,16.0,21.0,False,,,,,,,,,,,,,,,,,,,,,,,,,,,,,,,,,,,,,,,,,,,,,,,,,,,,,,,,,,,,,,,,,,,,,,,,,,,,,,,,,,
T5-B_best-healthy,5.0,B_best,healthy,post_lap_2,21.0,26.0,False,,,,,,,,,,,,,,,,,,,,,,,,,,,,,,,,,,,,,,,,,,,,,,,,,,,,,,,,,,,,,,,,,,,,,,,,,,,,,,,,,,
T5-B_best-healthy,5.0,B_best,healthy,post_lap_3,26.0,31.0,False,,,,,,,,,,,,,,,,,,,,,,,,,,,,,,,,,,,,,,,,,,,,,,,,,,,,,,,,,,,,,,,,,,,,,,,,,,,,,,,,,,
T5-B_best-healthy,5.0,B_best,healthy,post_all,16.0,31.0,False,,,,,,,,,,,,,,,,,,,,,,,,,,,,,,,,,,,,,,,,,,,,,,,,,,,,,,,,,,,,,,,,,,,,,,,,,,,,,,,,,,
T5-B_best-healthy,5.0,B_best,healthy,last_lap,26.0,31.0,False,,,,,,,,,,,,,,,,,,,,,,,,,,,,,,,,,,,,,,,,,,,,,,,,,,,,,,,,,,,,,,,,,,,,,,,,,,,,,,,,,,
