quantity,frame_or_order,units,meaning,evidence
world,"right-handed Z-up, compass axes unspecified",m,"gravity [0,0,-9.81]; no NED/ENU conversion",engine opt.gravity; XML ground plane
body,FLU in model FPV basis,m,+X forward / +Y left / +Z up,fpv_cam optical -Z and up +Y expressed in drone frame
initial_pose,body axes aligned with world at identity wxyz,"m,rad","evaluation p=[0,0,1], q=[1,0,0,0], v/omega=0",dr_transfer.EvaluationAdapter; FaultObserver nominal rotor reset
position,"world, drone freejoint/body origin O",m,"qpos[:3], not whole-aircraft COM",environment._read_state
linear_velocity,"world, velocity of O",m/s,"qvel[:3], not COM velocity if offset and rotating",environment._read_state; Jacobian check
quaternion,"wxyz, R_world_from_native_body",unit quaternion,normalized; canonical w>=0; body vector world=R@body,controllers.rotmat_from_quat_wxyz; environment._read_state
angular_velocity,native body/IMU frame,rad/s,gyro site has identity orientation; qvel[3:6] agrees locally,imu_gyro; state_frames.json
position_error_observation,world,m,p-p_target; integral wrapper copies only first three raw channels,environment._obs; integral_controller.prepare_observation
velocity_observation_AB,world absolute actual velocity,m/s,both A and B observe v; only B training reward uses velocity error,saved training manifests; velocity_reference.py
yaw_error,wrapped world-heading yaw of native body +X,rad,atan2(...)-yaw_target; +yaw about world +Z is CCW at level,environment._yaw_err; quaternion definition
integral_xi,world,m,p_cmd=p_target+xi; integrate e_true in world; no FRD rotation while world remains unchanged,integral_controller.py
PPO_action,"[body tau_x,body tau_y,body tau_z,delta positive T]","normalized [-1,1]","scale [0.0075,0.0075,0.001,0.5] => [Nm,Nm,Nm,N]",environment.step
hover_bias,native body +Z force / positive T,N,nominal mass*g=0.42555780000000004; not payload or fault trim,environment.step
allocator_wrench,"native body, moment about O; [tau_x,tau_y,tau_z,T]","Nm,Nm,Nm,N",native Fz=+T; under FRD Fz=-T; do not rename T by changing its sign,controllers.build_allocation_matrix; site gears
motor_command_pipeline,native array order 0..3,"N -> rad/s -> ESC[0,1] -> rad/s -> N","pinv(B or B_eta) -> rotor clip[0,.20] -> inverse thrust -> ESC clip -> 0.05s lag -> nominal force/reaction -> eta once",environment._apply_control; actuators.apply/_advance; apply_motor_effectiveness
rotor_force_application,motor site local +Z; sites parented to drone,N,MuJoCo site transmission creates force at site and r cross F about O,XML motor*_force gears; independent engine differential
rotor_reaction_application,torque site local +Z times signed ctrl,Nm,"free couple; coefficients +,-,+,-; scales with same eta once",XML motor*_torque; actuators._legacy_reaction_torque
external_torque,configured body torque rotated to world before engine application,Nm,dist_torque_body retained; no separate payload gravity torque in step,environment.step; _set_com_bias
legacy_wrench_log,"native body, about O; last physics interval","Nm,Nm,Nm,N",B0@actual thrust with explicit reaction sum; approximate arm geometry,environment._record_actuator_output
oracle_XML_wrench_log,"native body, about O; excludes gravity/external torque","Nm,Nm,Nm,N",actual XML site geometry and rotor reaction; more exact than legacy B0 log,oracle_allocation.allocation_diagnostics
freejoint_qacc,world origin translation + local-body angular tangent acceleration,"m/s2,rad/s2",not directly whole COM acceleration; audit uses subtree COM Jacobian at zero velocities,MuJoCo docs + isolated nonzero-COM tests
rotor_visual_joint,"prop* hinge local +Z, independent of Python RPM state","rad,rad/s",no hinge motor actuators; no code prescribing alternating spin; passive relative joint motion is not commanded RPM,XML eight site actuators; source scan; visual_state.json
