delta_actual_thrust_n,delta_force_native_n,delta_force_frd_n,delta_torque_origin_native_nm,delta_torque_origin_frd_nm,delta_torque_com_native_nm,delta_torque_com_frd_nm,engine_delta_force_native_n,engine_delta_torque_origin_native_nm,delta_qacc,delta_origin_acceleration_world_m_s2,delta_whole_com_acceleration_world_m_s2,delta_whole_com_acceleration_native_m_s2,delta_angular_acceleration_native_rad_s2,delta_angular_acceleration_frd_rad_s2,delta_angular_acceleration_predicted_from_com_rad_s2,whole_com_native_m,drone_body_ipos_native_m,locked_composite_inertia_native_kg_m2,effective_com_inertia_native_kg_m2,effective_com_inertia_frd_kg_m2,relative_hinge_momentum_rate_nm,baseline_qacc,after_qacc,gravity_world_m_s2,contacts_before,contacts_after,errors__force_map_n,errors__moment_map_nm,errors__com_force_newton_n,errors__descendant_force_newton_n,errors__com_moment_euler_nm,errors__inertia_plus_relative_hinges_nm,errors__alpha_from_com_effective_inertia_rad_s2,errors__com_origin_acceleration_m_s2,condition,pose,current_motor_number,delta_n,physical_path
"[-0.001, 0.0, 0.0, 0.0]","[0.0, 0.0, -0.001]","[0.0, 0.0, 0.001]","[3.536e-05, 3.536e-05, -5.94e-06]","[3.536e-05, -3.536e-05, 5.94e-06]","[3.536e-05, 3.536e-05, -5.94e-06]","[3.536e-05, -3.536e-05, 5.94e-06]","[0.0, 0.0, -0.0010000000000000009]","[3.5359999999999905e-05, 3.5359999999999905e-05, -5.93999999999996e-06]","[-1.6327760646218006e-06, 1.6327760646218006e-06, -0.023049972340033142, 1.4757574330740029, 1.4757574330740029, -0.18357695447489725, 0.18357695447489725, 0.18357695447489725, 0.18357695447489725, 0.18357695447489725]","[-1.6327760646218006e-06, 1.6327760646218006e-06, -0.023049972340033142]","[-2.117582368135751e-22, 2.117582368135751e-22, -0.023049972340033142]","[-2.117582368135751e-22, 2.117582368135751e-22, -0.023049972340033142]","[1.4757574330740029, 1.4757574330740029, -0.18357695447489725]","[1.4757574330740029, -1.4757574330740029, 0.18357695447489725]","[1.4757574330740069, 1.4757574330740069, -0.18357695447489847]","[0.0, 0.0, 1.1063986724568764e-06]","[0.0, 0.0, 0.0]","[[2.3960577265292863e-05, 0.0, 0.0], [0.0, 2.3960577265292863e-05, 0.0], [0.0, 0.0, 3.236100263679999e-05]]","[[2.3960577265292863e-05, 0.0, 0.0], [0.0, 2.3960577265292863e-05, 0.0], [0.0, 0.0, 3.235700263679998e-05]]","[[2.3960577265292863e-05, 0.0, 0.0], [0.0, 2.3960577265292863e-05, 0.0], [0.0, 0.0, 3.235700263679998e-05]]","[0.0, 0.0, 7.34307817899589e-10]","[0.0, 0.0, -0.5900110639867235, 0.0, 0.0, 0.0, 0.0, 0.0, 0.0, 0.0]","[-1.6327760646218006e-06, 1.6327760646218006e-06, -0.6130610363267567, 1.4757574330740029, 1.4757574330740029, -0.18357695447489725, 0.18357695447489725, 0.18357695447489725, 0.18357695447489725, 0.18357695447489725]","[0.0, 0.0, -9.81]",0,0,8.673617379884035e-19,9.486769009248164e-20,1.951563910473908e-18,1.951563910473908e-18,9.486769009248164e-20,9.486769009248164e-20,3.9968028886505635e-15,1.9964397160194408e-16,nominal,level,1,-0.001,direct actual force/reaction controls in isolated MjData; actuator lag not bypassed in any rollout
"[0.001, 0.0, 0.0, 0.0]","[0.0, 0.0, 0.001]","[0.0, 0.0, -0.001]","[-3.536e-05, -3.536e-05, 5.94e-06]","[-3.536e-05, 3.536e-05, -5.94e-06]","[-3.536e-05, -3.536e-05, 5.94e-06]","[-3.536e-05, 3.536e-05, -5.94e-06]","[0.0, 0.0, 0.0010000000000000009]","[-3.5359999999999905e-05, -3.5359999999999905e-05, 5.9400000000000685e-06]","[1.6327760646218006e-06, -1.6327760646218006e-06, 0.023049972340033253, -1.4757574330740029, -1.4757574330740029, 0.18357695447490058, -0.18357695447490058, -0.18357695447490058, -0.18357695447490058, -0.18357695447490058]","[1.6327760646218006e-06, -1.6327760646218006e-06, 0.023049972340033253]","[2.117582368135751e-22, -2.117582368135751e-22, 0.023049972340033253]","[2.117582368135751e-22, -2.117582368135751e-22, 0.023049972340033253]","[-1.4757574330740029, -1.4757574330740029, 0.18357695447490058]","[-1.4757574330740029, 1.4757574330740029, -0.18357695447490058]","[-1.4757574330740069, -1.4757574330740069, 0.18357695447489847]","[0.0, 0.0, 1.1063986724568764e-06]","[0.0, 0.0, 0.0]","[[2.3960577265292863e-05, 0.0, 0.0], [0.0, 2.3960577265292863e-05, 0.0], [0.0, 0.0, 3.236100263679999e-05]]","[[2.3960577265292863e-05, 0.0, 0.0], [0.0, 2.3960577265292863e-05, 0.0], [0.0, 0.0, 3.235700263679998e-05]]","[[2.3960577265292863e-05, 0.0, 0.0], [0.0, 2.3960577265292863e-05, 0.0], [0.0, 0.0, 3.235700263679998e-05]]","[0.0, 0.0, -7.343078178996023e-10]","[0.0, 0.0, -0.5900110639867235, 0.0, 0.0, 0.0, 0.0, 0.0, 0.0, 0.0]","[1.6327760646218006e-06, -1.6327760646218006e-06, -0.5669610916466903, -1.4757574330740029, -1.4757574330740029, 0.18357695447490058, -0.18357695447490058, -0.18357695447490058, -0.18357695447490058, -0.18357695447490058]","[0.0, 0.0, -9.81]",0,0,8.673617379884035e-19,9.486769009248164e-20,2.8189256484623115e-18,2.8189256484623115e-18,9.486769009248164e-20,9.486769009248164e-20,3.9968028886505635e-15,1.9964397160194408e-16,nominal,level,1,0.001,direct actual force/reaction controls in isolated MjData; actuator lag not bypassed in any rollout
"[0.0, -0.001, 0.0, 0.0]","[0.0, 0.0, -0.001]","[0.0, 0.0, 0.001]","[3.536e-05, -3.536e-05, 5.94e-06]","[3.536e-05, 3.536e-05, -5.94e-06]","[3.536e-05, -3.536e-05, 5.94e-06]","[3.536e-05, 3.536e-05, -5.94e-06]","[0.0, 0.0, -0.0010000000000000009]","[3.5359999999999905e-05, -3.5359999999999905e-05, 5.93999999999996e-06]","[1.6327760646218006e-06, 1.6327760646218006e-06, -0.023049972340033142, 1.4757574330740029, -1.4757574330740029, 0.18357695447489725, -0.18357695447489725, -0.18357695447489725, -0.18357695447489725, -0.18357695447489725]","[1.6327760646218006e-06, 1.6327760646218006e-06, -0.023049972340033142]","[2.117582368135751e-22, 2.117582368135751e-22, -0.023049972340033142]","[2.117582368135751e-22, 2.117582368135751e-22, -0.023049972340033142]","[1.4757574330740029, -1.4757574330740029, 0.18357695447489725]","[1.4757574330740029, 1.4757574330740029, -0.18357695447489725]","[1.4757574330740069, -1.4757574330740069, 0.18357695447489847]","[0.0, 0.0, 1.1063986724568764e-06]","[0.0, 0.0, 0.0]","[[2.3960577265292863e-05, 0.0, 0.0], [0.0, 2.3960577265292863e-05, 0.0], [0.0, 0.0, 3.236100263679999e-05]]","[[2.3960577265292863e-05, 0.0, 0.0], [0.0, 2.3960577265292863e-05, 0.0], [0.0, 0.0, 3.235700263679998e-05]]","[[2.3960577265292863e-05, 0.0, 0.0], [0.0, 2.3960577265292863e-05, 0.0], [0.0, 0.0, 3.235700263679998e-05]]","[0.0, 0.0, -7.34307817899589e-10]","[0.0, 0.0, -0.5900110639867235, 0.0, 0.0, 0.0, 0.0, 0.0, 0.0, 0.0]","[1.6327760646218006e-06, 1.6327760646218006e-06, -0.6130610363267567, 1.4757574330740029, -1.4757574330740029, 0.18357695447489725, -0.18357695447489725, -0.18357695447489725, -0.18357695447489725, -0.18357695447489725]","[0.0, 0.0, -9.81]",0,0,8.673617379884035e-19,9.486769009248164e-20,1.951563910473908e-18,1.951563910473908e-18,9.486769009248164e-20,9.486769009248164e-20,3.9968028886505635e-15,1.9964397160194408e-16,nominal,level,2,-0.001,direct actual force/reaction controls in isolated MjData; actuator lag not bypassed in any rollout
"[0.0, 0.001, 0.0, 0.0]","[0.0, 0.0, 0.001]","[0.0, 0.0, -0.001]","[-3.536e-05, 3.536e-05, -5.94e-06]","[-3.536e-05, -3.536e-05, 5.94e-06]","[-3.536e-05, 3.536e-05, -5.94e-06]","[-3.536e-05, -3.536e-05, 5.94e-06]","[0.0, 0.0, 0.0010000000000000009]","[-3.5359999999999905e-05, 3.5359999999999905e-05, -5.9400000000000685e-06]","[-1.6327760646218006e-06, -1.6327760646218006e-06, 0.023049972340033253, -1.4757574330740029, 1.4757574330740029, -0.18357695447490058, 0.18357695447490058, 0.18357695447490058, 0.18357695447490058, 0.18357695447490058]","[-1.6327760646218006e-06, -1.6327760646218006e-06, 0.023049972340033253]","[-2.117582368135751e-22, -2.117582368135751e-22, 0.023049972340033253]","[-2.117582368135751e-22, -2.117582368135751e-22, 0.023049972340033253]","[-1.4757574330740029, 1.4757574330740029, -0.18357695447490058]","[-1.4757574330740029, -1.4757574330740029, 0.18357695447490058]","[-1.4757574330740069, 1.4757574330740069, -0.18357695447489847]","[0.0, 0.0, 1.1063986724568764e-06]","[0.0, 0.0, 0.0]","[[2.3960577265292863e-05, 0.0, 0.0], [0.0, 2.3960577265292863e-05, 0.0], [0.0, 0.0, 3.236100263679999e-05]]","[[2.3960577265292863e-05, 0.0, 0.0], [0.0, 2.3960577265292863e-05, 0.0], [0.0, 0.0, 3.235700263679998e-05]]","[[2.3960577265292863e-05, 0.0, 0.0], [0.0, 2.3960577265292863e-05, 0.0], [0.0, 0.0, 3.235700263679998e-05]]","[0.0, 0.0, 7.343078178996023e-10]","[0.0, 0.0, -0.5900110639867235, 0.0, 0.0, 0.0, 0.0, 0.0, 0.0, 0.0]","[-1.6327760646218006e-06, -1.6327760646218006e-06, -0.5669610916466903, -1.4757574330740029, 1.4757574330740029, -0.18357695447490058, 0.18357695447490058, 0.18357695447490058, 0.18357695447490058, 0.18357695447490058]","[0.0, 0.0, -9.81]",0,0,8.673617379884035e-19,9.486769009248164e-20,2.8189256484623115e-18,2.8189256484623115e-18,9.486769009248164e-20,9.486769009248164e-20,3.9968028886505635e-15,1.9964397160194408e-16,nominal,level,2,0.001,direct actual force/reaction controls in isolated MjData; actuator lag not bypassed in any rollout
"[0.0, 0.0, -0.001, 0.0]","[0.0, 0.0, -0.001]","[0.0, 0.0, 0.001]","[-3.536e-05, -3.536e-05, -5.94e-06]","[-3.536e-05, 3.536e-05, 5.94e-06]","[-3.536e-05, -3.536e-05, -5.94e-06]","[-3.536e-05, 3.536e-05, 5.94e-06]","[0.0, 0.0, -0.0010000000000000009]","[-3.5359999999999905e-05, -3.5359999999999905e-05, -5.93999999999996e-06]","[1.6327760646218006e-06, -1.6327760646218006e-06, -0.023049972340033142, -1.4757574330740029, -1.4757574330740029, -0.18357695447489725, 0.18357695447489725, 0.18357695447489725, 0.18357695447489725, 0.18357695447489725]","[1.6327760646218006e-06, -1.6327760646218006e-06, -0.023049972340033142]","[2.117582368135751e-22, -2.117582368135751e-22, -0.023049972340033142]","[2.117582368135751e-22, -2.117582368135751e-22, -0.023049972340033142]","[-1.4757574330740029, -1.4757574330740029, -0.18357695447489725]","[-1.4757574330740029, 1.4757574330740029, 0.18357695447489725]","[-1.4757574330740069, -1.4757574330740069, -0.18357695447489847]","[0.0, 0.0, 1.1063986724568764e-06]","[0.0, 0.0, 0.0]","[[2.3960577265292863e-05, 0.0, 0.0], [0.0, 2.3960577265292863e-05, 0.0], [0.0, 0.0, 3.236100263679999e-05]]","[[2.3960577265292863e-05, 0.0, 0.0], [0.0, 2.3960577265292863e-05, 0.0], [0.0, 0.0, 3.235700263679998e-05]]","[[2.3960577265292863e-05, 0.0, 0.0], [0.0, 2.3960577265292863e-05, 0.0], [0.0, 0.0, 3.235700263679998e-05]]","[0.0, 0.0, 7.34307817899589e-10]","[0.0, 0.0, -0.5900110639867235, 0.0, 0.0, 0.0, 0.0, 0.0, 0.0, 0.0]","[1.6327760646218006e-06, -1.6327760646218006e-06, -0.6130610363267567, -1.4757574330740029, -1.4757574330740029, -0.18357695447489725, 0.18357695447489725, 0.18357695447489725, 0.18357695447489725, 0.18357695447489725]","[0.0, 0.0, -9.81]",0,0,8.673617379884035e-19,9.486769009248164e-20,1.951563910473908e-18,1.951563910473908e-18,9.486769009248164e-20,9.486769009248164e-20,3.9968028886505635e-15,1.9964397160194408e-16,nominal,level,3,-0.001,direct actual force/reaction controls in isolated MjData; actuator lag not bypassed in any rollout
"[0.0, 0.0, 0.001, 0.0]","[0.0, 0.0, 0.001]","[0.0, 0.0, -0.001]","[3.536e-05, 3.536e-05, 5.94e-06]","[3.536e-05, -3.536e-05, -5.94e-06]","[3.536e-05, 3.536e-05, 5.94e-06]","[3.536e-05, -3.536e-05, -5.94e-06]","[0.0, 0.0, 0.0010000000000000009]","[3.5359999999999905e-05, 3.5359999999999905e-05, 5.9400000000000685e-06]","[-1.6327760646218006e-06, 1.6327760646218006e-06, 0.023049972340033253, 1.4757574330740029, 1.4757574330740029, 0.18357695447490058, -0.18357695447490058, -0.18357695447490058, -0.18357695447490058, -0.18357695447490058]","[-1.6327760646218006e-06, 1.6327760646218006e-06, 0.023049972340033253]","[-2.117582368135751e-22, 2.117582368135751e-22, 0.023049972340033253]","[-2.117582368135751e-22, 2.117582368135751e-22, 0.023049972340033253]","[1.4757574330740029, 1.4757574330740029, 0.18357695447490058]","[1.4757574330740029, -1.4757574330740029, -0.18357695447490058]","[1.4757574330740069, 1.4757574330740069, 0.18357695447489847]","[0.0, 0.0, 1.1063986724568764e-06]","[0.0, 0.0, 0.0]","[[2.3960577265292863e-05, 0.0, 0.0], [0.0, 2.3960577265292863e-05, 0.0], [0.0, 0.0, 3.236100263679999e-05]]","[[2.3960577265292863e-05, 0.0, 0.0], [0.0, 2.3960577265292863e-05, 0.0], [0.0, 0.0, 3.235700263679998e-05]]","[[2.3960577265292863e-05, 0.0, 0.0], [0.0, 2.3960577265292863e-05, 0.0], [0.0, 0.0, 3.235700263679998e-05]]","[0.0, 0.0, -7.343078178996023e-10]","[0.0, 0.0, -0.5900110639867235, 0.0, 0.0, 0.0, 0.0, 0.0, 0.0, 0.0]","[-1.6327760646218006e-06, 1.6327760646218006e-06, -0.5669610916466903, 1.4757574330740029, 1.4757574330740029, 0.18357695447490058, -0.18357695447490058, -0.18357695447490058, -0.18357695447490058, -0.18357695447490058]","[0.0, 0.0, -9.81]",0,0,8.673617379884035e-19,9.486769009248164e-20,2.8189256484623115e-18,2.8189256484623115e-18,9.486769009248164e-20,9.486769009248164e-20,3.9968028886505635e-15,1.9964397160194408e-16,nominal,level,3,0.001,direct actual force/reaction controls in isolated MjData; actuator lag not bypassed in any rollout
"[0.0, 0.0, 0.0, -0.001]","[0.0, 0.0, -0.001]","[0.0, 0.0, 0.001]","[-3.536e-05, 3.536e-05, 5.94e-06]","[-3.536e-05, -3.536e-05, -5.94e-06]","[-3.536e-05, 3.536e-05, 5.94e-06]","[-3.536e-05, -3.536e-05, -5.94e-06]","[0.0, 0.0, -0.0010000000000000009]","[-3.5359999999999905e-05, 3.5359999999999905e-05, 5.93999999999996e-06]","[-1.6327760646218006e-06, -1.6327760646218006e-06, -0.023049972340033142, -1.4757574330740029, 1.4757574330740029, 0.18357695447489725, -0.18357695447489725, -0.18357695447489725, -0.18357695447489725, -0.18357695447489725]","[-1.6327760646218006e-06, -1.6327760646218006e-06, -0.023049972340033142]","[-2.117582368135751e-22, -2.117582368135751e-22, -0.023049972340033142]","[-2.117582368135751e-22, -2.117582368135751e-22, -0.023049972340033142]","[-1.4757574330740029, 1.4757574330740029, 0.18357695447489725]","[-1.4757574330740029, -1.4757574330740029, -0.18357695447489725]","[-1.4757574330740069, 1.4757574330740069, 0.18357695447489847]","[0.0, 0.0, 1.1063986724568764e-06]","[0.0, 0.0, 0.0]","[[2.3960577265292863e-05, 0.0, 0.0], [0.0, 2.3960577265292863e-05, 0.0], [0.0, 0.0, 3.236100263679999e-05]]","[[2.3960577265292863e-05, 0.0, 0.0], [0.0, 2.3960577265292863e-05, 0.0], [0.0, 0.0, 3.235700263679998e-05]]","[[2.3960577265292863e-05, 0.0, 0.0], [0.0, 2.3960577265292863e-05, 0.0], [0.0, 0.0, 3.235700263679998e-05]]","[0.0, 0.0, -7.34307817899589e-10]","[0.0, 0.0, -0.5900110639867235, 0.0, 0.0, 0.0, 0.0, 0.0, 0.0, 0.0]","[-1.6327760646218006e-06, -1.6327760646218006e-06, -0.6130610363267567, -1.4757574330740029, 1.4757574330740029, 0.18357695447489725, -0.18357695447489725, -0.18357695447489725, -0.18357695447489725, -0.18357695447489725]","[0.0, 0.0, -9.81]",0,0,8.673617379884035e-19,9.486769009248164e-20,1.951563910473908e-18,1.951563910473908e-18,9.486769009248164e-20,9.486769009248164e-20,3.9968028886505635e-15,1.9964397160194408e-16,nominal,level,4,-0.001,direct actual force/reaction controls in isolated MjData; actuator lag not bypassed in any rollout
"[0.0, 0.0, 0.0, 0.001]","[0.0, 0.0, 0.001]","[0.0, 0.0, -0.001]","[3.536e-05, -3.536e-05, -5.94e-06]","[3.536e-05, 3.536e-05, 5.94e-06]","[3.536e-05, -3.536e-05, -5.94e-06]","[3.536e-05, 3.536e-05, 5.94e-06]","[0.0, 0.0, 0.0010000000000000009]","[3.5359999999999905e-05, -3.5359999999999905e-05, -5.9400000000000685e-06]","[1.6327760646218006e-06, 1.6327760646218006e-06, 0.023049972340033253, 1.4757574330740029, -1.4757574330740029, -0.18357695447490058, 0.18357695447490058, 0.18357695447490058, 0.18357695447490058, 0.18357695447490058]","[1.6327760646218006e-06, 1.6327760646218006e-06, 0.023049972340033253]","[2.117582368135751e-22, 2.117582368135751e-22, 0.023049972340033253]","[2.117582368135751e-22, 2.117582368135751e-22, 0.023049972340033253]","[1.4757574330740029, -1.4757574330740029, -0.18357695447490058]","[1.4757574330740029, 1.4757574330740029, 0.18357695447490058]","[1.4757574330740069, -1.4757574330740069, -0.18357695447489847]","[0.0, 0.0, 1.1063986724568764e-06]","[0.0, 0.0, 0.0]","[[2.3960577265292863e-05, 0.0, 0.0], [0.0, 2.3960577265292863e-05, 0.0], [0.0, 0.0, 3.236100263679999e-05]]","[[2.3960577265292863e-05, 0.0, 0.0], [0.0, 2.3960577265292863e-05, 0.0], [0.0, 0.0, 3.235700263679998e-05]]","[[2.3960577265292863e-05, 0.0, 0.0], [0.0, 2.3960577265292863e-05, 0.0], [0.0, 0.0, 3.235700263679998e-05]]","[0.0, 0.0, 7.343078178996023e-10]","[0.0, 0.0, -0.5900110639867235, 0.0, 0.0, 0.0, 0.0, 0.0, 0.0, 0.0]","[1.6327760646218006e-06, 1.6327760646218006e-06, -0.5669610916466903, 1.4757574330740029, -1.4757574330740029, -0.18357695447490058, 0.18357695447490058, 0.18357695447490058, 0.18357695447490058, 0.18357695447490058]","[0.0, 0.0, -9.81]",0,0,8.673617379884035e-19,9.486769009248164e-20,2.8189256484623115e-18,2.8189256484623115e-18,9.486769009248164e-20,9.486769009248164e-20,3.9968028886505635e-15,1.9964397160194408e-16,nominal,level,4,0.001,direct actual force/reaction controls in isolated MjData; actuator lag not bypassed in any rollout
"[-0.001, 0.0, 0.0, 0.0]","[1.91404355326749e-20, 6.162268258608499e-21, -0.001]","[1.91404355326749e-20, -6.162268258608499e-21, 0.001]","[3.536000000000001e-05, 3.536000000000001e-05, -5.939999999999999e-06]","[3.536000000000001e-05, -3.536000000000001e-05, 5.939999999999999e-06]","[3.536000000000001e-05, 3.536000000000001e-05, -5.939999999999999e-06]","[3.536000000000001e-05, -3.536000000000001e-05, 5.939999999999999e-06]","[8.023096076392733e-18, 1.214306433183765e-17, -0.0010000000000000054]","[3.5359999999999905e-05, 3.5359999999999905e-05, -5.93999999999996e-06]","[0.0026340950160215204, 0.00749401037242281, -0.021637989328789464, 1.4757574330740018, 1.4757574330740018, -0.183576954474897, 0.18357695447489733, 0.18357695447489678, 0.1835769544748969, 0.18357695447489739]","[0.0026340950160215204, 0.00749401037242281, -0.021637989328789464]","[0.0026363793522281307, 0.007493724848526642, -0.02163780988644694]","[-3.400058012914542e-16, -5.221517662690189e-16, -0.02304997234003333]","[1.475757433074002, 1.4757574330740022, -0.18357695447489697]","[1.475757433074002, -1.4757574330740022, 0.18357695447489697]","[1.475757433074006, 1.475757433074006, -0.18357695447489836]","[-1.496071943087908e-19, -9.325303353677813e-20, 1.1063986723211133e-06]","[0.0, 0.0, 0.0]","[[2.3960577265292877e-05, 5.572922581922886e-21, -1.0728015556929923e-21], [5.572922581922886e-21, 2.3960577265292877e-05, -3.429697614797991e-22], [-1.0728015556929923e-21, -3.429697614797991e-22, 3.236100263679999e-05]]","[[2.3960577265292877e-05, 5.572922581922886e-21, -1.0725880922514005e-21], [5.572922581922886e-21, 2.3960577265292877e-05, -3.429944972202345e-22], [-1.0727460445417611e-21, -3.430252726310304e-22, 3.235700263679998e-05]]","[[2.3960577265292877e-05, -5.572922581922886e-21, 1.0725880922514005e-21], [-5.572922581922886e-21, 2.3960577265292877e-05, -3.429944972202345e-22], [1.0727460445417611e-21, -3.430252726310304e-22, 3.235700263679998e-05]]","[1.9304820450828584e-25, -2.2769426111165684e-25, 7.34307817899589e-10]","[-1.054551740891218, -2.997489939410874, -1.1548760454213527, 1.0860106217092103e-13, -1.4480604215716397e-13, -1.0052128127500405e-14, 9.179823372501145e-15, 1.1368412341744732e-14, 1.0052128127500397e-14, 1.2170600552133949e-14]","[-1.0519176458751964, -2.989995929038451, -1.1765140347501422, 1.4757574330741103, 1.475757433073857, -0.18357695447490704, 0.18357695447490652, 0.18357695447490815, 0.18357695447490693, 0.18357695447490954]","[0.0, 0.0, -9.81]",0,0,1.213690206357904e-17,1.0164395367051604e-19,2.265919449607373e-17,2.2614288884921087e-17,9.486769009248164e-20,9.486769009248164e-20,3.9968028886505635e-15,1.767757760919725e-18,nominal,rotated,1,-0.001,direct actual force/reaction controls in isolated MjData; actuator lag not bypassed in any rollout
"[0.001, 0.0, 0.0, 0.0]","[-1.91404355326749e-20, -6.162268258608499e-21, 0.001]","[-1.91404355326749e-20, 6.162268258608499e-21, -0.001]","[-3.536000000000001e-05, -3.536000000000001e-05, 5.939999999999999e-06]","[-3.536000000000001e-05, 3.536000000000001e-05, -5.939999999999999e-06]","[-3.536000000000001e-05, -3.536000000000001e-05, 5.939999999999999e-06]","[-3.536000000000001e-05, 3.536000000000001e-05, -5.939999999999999e-06]","[7.914675859144182e-18, 8.673617379884035e-18, 0.0009999999999999966]","[-3.5359999999999905e-05, -3.5359999999999905e-05, 5.9400000000000685e-06]","[-0.0026340950160212984, -0.007494010372423698, 0.021637989328788798, -1.4757574330740018, -1.4757574330740018, 0.18357695447490033, -0.1835769544749007, -0.1835769544749001, -0.18357695447490022, -0.18357695447490072]","[-0.0026340950160212984, -0.007494010372423698, 0.021637989328788798]","[-0.0026363793522279086, -0.007493724848527531, 0.021637809886446275]","[-1.960237527853792e-16, -4.0766001685454967e-16, 0.023049972340032965]","[-1.4757574330740022, -1.4757574330740018, 0.1835769544749003]","[-1.4757574330740022, 1.4757574330740018, -0.1835769544749003]","[-1.475757433074006, -1.475757433074006, 0.18357695447489836]","[-1.496071943087908e-19, -9.325303353677813e-20, 1.1063986723211133e-06]","[0.0, 0.0, 0.0]","[[2.3960577265292877e-05, 5.572922581922886e-21, -1.0728015556929923e-21], [5.572922581922886e-21, 2.3960577265292877e-05, -3.429697614797991e-22], [-1.0728015556929923e-21, -3.429697614797991e-22, 3.236100263679999e-05]]","[[2.3960577265292877e-05, 5.572922581922886e-21, -1.0725880922514005e-21], [5.572922581922886e-21, 2.3960577265292877e-05, -3.429944972202345e-22], [-1.0727460445417611e-21, -3.430252726310304e-22, 3.235700263679998e-05]]","[[2.3960577265292877e-05, -5.572922581922886e-21, 1.0725880922514005e-21], [-5.572922581922886e-21, 2.3960577265292877e-05, -3.429944972202345e-22], [1.0727460445417611e-21, -3.430252726310304e-22, 3.235700263679998e-05]]","[6.951302151918403e-25, -1.5486625782885944e-24, -7.34307817899602e-10]","[-1.054551740891218, -2.997489939410874, -1.1548760454213527, 1.0860106217092103e-13, -1.4480604215716397e-13, -1.0052128127500405e-14, 9.179823372501145e-15, 1.1368412341744732e-14, 1.0052128127500397e-14, 1.2170600552133949e-14]","[-1.0571858359072392, -3.0049839497832975, -1.133238056092564, -1.4757574330738932, -1.4757574330741465, 0.18357695447489028, -0.1835769544748915, -0.18357695447488873, -0.18357695447489017, -0.18357695447488856]","[0.0, 0.0, -9.81]",0,0,8.679779648142644e-18,1.0164395367051604e-19,1.7679759902959177e-17,1.7649402410477378e-17,1.0164395367051604e-19,1.0164395367051604e-19,4.218847493575595e-15,1.7578051237894868e-18,nominal,rotated,1,0.001,direct actual force/reaction controls in isolated MjData; actuator lag not bypassed in any rollout
"[0.0, -0.001, 0.0, 0.0]","[1.91404355326749e-20, 6.162268258608499e-21, -0.001]","[1.91404355326749e-20, -6.162268258608499e-21, 0.001]","[3.536e-05, -3.536000000000001e-05, 5.940000000000001e-06]","[3.536e-05, 3.536000000000001e-05, -5.940000000000001e-06]","[3.536e-05, -3.536000000000001e-05, 5.940000000000001e-06]","[3.536e-05, 3.536000000000001e-05, -5.940000000000001e-06]","[8.023096076392733e-18, 1.214306433183765e-17, -0.0010000000000000054]","[3.5359999999999905e-05, -3.5359999999999905e-05, 5.93999999999996e-06]","[0.0026365890453319274, 0.007495889758310614, -0.02163703457374644, 1.4757574330740022, -1.475757433074002, 0.1835769544748972, -0.18357695447489716, -0.18357695447489714, -0.1835769544748973, -0.18357695447489747]","[0.0026365890453319274, 0.007495889758310614, -0.02163703457374644]","[0.002636379352228136, 0.0074937248485265175, -0.021637809886446802]","[-3.677613769070831e-16, -5.941427905220564e-16, -0.023049972340033156]","[1.475757433074002, -1.475757433074002, 0.18357695447489725]","[1.475757433074002, 1.475757433074002, -0.18357695447489725]","[1.4757574330740062, -1.4757574330740064, 0.18357695447489852]","[-1.496071943087908e-19, -9.325303353677813e-20, 1.1063986723211133e-06]","[0.0, 0.0, 0.0]","[[2.3960577265292877e-05, 5.572922581922886e-21, -1.0728015556929923e-21], [5.572922581922886e-21, 2.3960577265292877e-05, -3.429697614797991e-22], [-1.0728015556929923e-21, -3.429697614797991e-22, 3.236100263679999e-05]]","[[2.3960577265292877e-05, 5.572922581922886e-21, -1.0725880922514005e-21], [5.572922581922886e-21, 2.3960577265292877e-05, -3.429944972202345e-22], [-1.0727460445417611e-21, -3.430252726310304e-22, 3.235700263679998e-05]]","[[2.3960577265292877e-05, -5.572922581922886e-21, 1.0725880922514005e-21], [-5.572922581922886e-21, 2.3960577265292877e-05, -3.429944972202345e-22], [1.0727460445417611e-21, -3.430252726310304e-22, 3.235700263679998e-05]]","[6.9513021519184e-25, -2.16394948738406e-25, -7.343078178995894e-10]","[-1.054551740891218, -2.997489939410874, -1.1548760454213527, 1.0860106217092103e-13, -1.4480604215716397e-13, -1.0052128127500405e-14, 9.179823372501145e-15, 1.1368412341744732e-14, 1.0052128127500397e-14, 1.2170600552133949e-14]","[-1.051915151845886, -2.989994049652563, -1.1765130799950991, 1.4757574330741108, -1.4757574330741468, 0.18357695447488714, -0.18357695447488798, -0.18357695447488576, -0.18357695447488726, -0.1835769544748853]","[0.0, 0.0, -9.81]",0,0,1.213690206357904e-17,1.0164395367051604e-19,2.578245309226751e-17,2.573758391157841e-17,1.0842021724855044e-19,1.0842021724855044e-19,4.440892098500626e-15,3.827849738394758e-18,nominal,rotated,2,-0.001,direct actual force/reaction controls in isolated MjData; actuator lag not bypassed in any rollout
"[0.0, 0.001, 0.0, 0.0]","[-1.91404355326749e-20, -6.162268258608499e-21, 0.001]","[-1.91404355326749e-20, 6.162268258608499e-21, -0.001]","[-3.536e-05, 3.536000000000001e-05, -5.940000000000001e-06]","[-3.536e-05, -3.536000000000001e-05, 5.940000000000001e-06]","[-3.536e-05, 3.536000000000001e-05, -5.940000000000001e-06]","[-3.536e-05, -3.536000000000001e-05, 5.940000000000001e-06]","[7.914675859144182e-18, 8.673617379884035e-18, 0.0009999999999999966]","[-3.5359999999999905e-05, 3.536000000000034e-05, -5.9400000000000685e-06]","[-0.0026365890453317053, -0.007495889758311058, 0.021637034573745995, -1.4757574330740022, 1.47575743307402, -0.18357695447490055, 0.1835769544749005, 0.18357695447490047, 0.18357695447490066, 0.18357695447490083]","[-0.0026365890453317053, -0.007495889758311058, 0.021637034573745995]","[-0.002636379352227914, -0.007493724848526962, 0.021637809886446358]","[1.5178830414797062e-16, 3.729655473350135e-17, 0.023049972340032858]","[-1.4757574330740022, 1.47575743307402, -0.18357695447490052]","[-1.4757574330740022, -1.47575743307402, 0.18357695447490052]","[-1.4757574330740062, 1.4757574330740064, -0.18357695447489852]","[-1.496071943087908e-19, -9.325303353677813e-20, 1.1063986723211133e-06]","[0.0, 0.0, 0.0]","[[2.3960577265292877e-05, 5.572922581922886e-21, -1.0728015556929923e-21], [5.572922581922886e-21, 2.3960577265292877e-05, -3.429697614797991e-22], [-1.0728015556929923e-21, -3.429697614797991e-22, 3.236100263679999e-05]]","[[2.3960577265292877e-05, 5.572922581922886e-21, -1.0725880922514005e-21], [5.572922581922886e-21, 2.3960577265292877e-05, -3.429944972202345e-22], [-1.0727460445417611e-21, -3.430252726310304e-22, 3.235700263679998e-05]]","[[2.3960577265292877e-05, -5.572922581922886e-21, 1.0725880922514005e-21], [-5.572922581922886e-21, 2.3960577265292877e-05, -3.429944972202345e-22], [1.0727460445417611e-21, -3.430252726310304e-22, 3.235700263679998e-05]]","[-2.5104100534177767e-25, -5.64965618662556e-27, 7.343078178996028e-10]","[-1.054551740891218, -2.997489939410874, -1.1548760454213527, 1.0860106217092103e-13, -1.4480604215716397e-13, -1.0052128127500405e-14, 9.179823372501145e-15, 1.1368412341744732e-14, 1.0052128127500397e-14, 1.2170600552133949e-14]","[-1.0571883299365497, -3.004985829169185, -1.1332390108476067, -1.4757574330738936, 1.4757574330738752, -0.1835769544749106, 0.18357695447490968, 0.18357695447491185, 0.1835769544749107, 0.18357695447491298]","[0.0, 0.0, -9.81]",0,0,8.679779648142644e-18,3.3203691532368573e-19,1.431146867680866e-17,1.431146867680866e-17,3.2526065174565133e-19,3.2526065174565133e-19,1.354472090042691e-14,8.89596352853829e-19,nominal,rotated,2,0.001,direct actual force/reaction controls in isolated MjData; actuator lag not bypassed in any rollout
"[0.0, 0.0, -0.001, 0.0]","[1.91404355326749e-20, 6.162268258608499e-21, -0.001]","[1.91404355326749e-20, -6.162268258608499e-21, 0.001]","[-3.536000000000001e-05, -3.536000000000001e-05, -5.940000000000001e-06]","[-3.536000000000001e-05, 3.536000000000001e-05, 5.940000000000001e-06]","[-3.536000000000001e-05, -3.536000000000001e-05, -5.940000000000001e-06]","[-3.536000000000001e-05, 3.536000000000001e-05, 5.940000000000001e-06]","[8.023096076392733e-18, 1.214306433183765e-17, -0.0010000000000000054]","[-3.5359999999999905e-05, -3.5359999999999905e-05, -5.93999999999996e-06]","[0.0026386636884347947, 0.00749343932463109, -0.021637630444104383, -1.4757574330740018, -1.4757574330740018, -0.18357695447489739, 0.18357695447489703, 0.18357695447489777, 0.1835769544748975, 0.18357695447489708]","[0.0026386636884347947, 0.00749343932463109, -0.021637630444104383]","[0.0026363793522281844, 0.007493724848527258, -0.021637809886446906]","[6.418476861114186e-17, -8.760353553682876e-17, -0.0230499723400335]","[-1.4757574330740022, -1.4757574330740022, -0.1835769544748974]","[-1.4757574330740022, 1.4757574330740022, 0.1835769544748974]","[-1.475757433074006, -1.475757433074006, -0.18357695447489858]","[-1.496071943087908e-19, -9.325303353677813e-20, 1.1063986723211133e-06]","[0.0, 0.0, 0.0]","[[2.3960577265292877e-05, 5.572922581922886e-21, -1.0728015556929923e-21], [5.572922581922886e-21, 2.3960577265292877e-05, -3.429697614797991e-22], [-1.0728015556929923e-21, -3.429697614797991e-22, 3.236100263679999e-05]]","[[2.3960577265292877e-05, 5.572922581922886e-21, -1.0725880922514005e-21], [5.572922581922886e-21, 2.3960577265292877e-05, -3.429944972202345e-22], [-1.0727460445417611e-21, -3.430252726310304e-22, 3.235700263679998e-05]]","[[2.3960577265292877e-05, -5.572922581922886e-21, 1.0725880922514005e-21], [-5.572922581922886e-21, 2.3960577265292877e-05, -3.429944972202345e-22], [1.0727460445417611e-21, -3.430252726310304e-22, 3.235700263679998e-05]]","[8.5918201928338e-25, -5.649656186625346e-27, 7.343078178995896e-10]","[-1.054551740891218, -2.997489939410874, -1.1548760454213527, 1.0860106217092103e-13, -1.4480604215716397e-13, -1.0052128127500405e-14, 9.179823372501145e-15, 1.1368412341744732e-14, 1.0052128127500397e-14, 1.2170600552133949e-14]","[-1.0519130772027832, -2.9899965000862427, -1.176513675865457, -1.4757574330738932, -1.4757574330741465, -0.18357695447490743, 0.1835769544749062, 0.18357695447490915, 0.18357695447490754, 0.18357695447490924]","[0.0, 0.0, -9.81]",0,0,1.213690206357904e-17,1.0164395367051604e-19,1.3444106938820255e-17,1.3444106938820255e-17,8.809142651444724e-20,8.809142651444724e-20,3.774758283725532e-15,1.7228650147152469e-18,nominal,rotated,3,-0.001,direct actual force/reaction controls in isolated MjData; actuator lag not bypassed in any rollout
"[0.0, 0.0, 0.001, 0.0]","[-1.91404355326749e-20, -6.162268258608499e-21, 0.001]","[-1.91404355326749e-20, 6.162268258608499e-21, -0.001]","[3.536000000000001e-05, 3.536000000000001e-05, 5.940000000000001e-06]","[3.536000000000001e-05, -3.536000000000001e-05, -5.940000000000001e-06]","[3.536000000000001e-05, 3.536000000000001e-05, 5.940000000000001e-06]","[3.536000000000001e-05, -3.536000000000001e-05, -5.940000000000001e-06]","[7.914675859144182e-18, 8.673617379884035e-18, 0.0009999999999999966]","[3.5359999999999905e-05, 3.5359999999999905e-05, 5.9400000000000685e-06]","[-0.0026386636884345727, -0.00749343932463109, 0.02163763044410394, 1.4757574330740018, 1.4757574330740018, 0.18357695447490072, -0.18357695447490038, -0.1835769544749011, -0.18357695447490083, -0.1835769544749004]","[-0.0026386636884345727, -0.00749343932463109, 0.02163763044410394]","[-0.0026363793522279624, -0.007493724848527258, 0.021637809886446462]","[-2.5153490401663703e-17, -1.3530843112619095e-16, 0.02304997234003306]","[1.4757574330740022, 1.4757574330740022, 0.18357695447490063]","[1.4757574330740022, -1.4757574330740022, -0.18357695447490063]","[1.475757433074006, 1.475757433074006, 0.18357695447489858]","[-1.496071943087908e-19, -9.325303353677813e-20, 1.1063986723211133e-06]","[0.0, 0.0, 0.0]","[[2.3960577265292877e-05, 5.572922581922886e-21, -1.0728015556929923e-21], [5.572922581922886e-21, 2.3960577265292877e-05, -3.429697614797991e-22], [-1.0728015556929923e-21, -3.429697614797991e-22, 3.236100263679999e-05]]","[[2.3960577265292877e-05, 5.572922581922886e-21, -1.0725880922514005e-21], [5.572922581922886e-21, 2.3960577265292877e-05, -3.429944972202345e-22], [-1.0727460445417611e-21, -3.430252726310304e-22, 3.235700263679998e-05]]","[[2.3960577265292877e-05, -5.572922581922886e-21, 1.0725880922514005e-21], [-5.572922581922886e-21, 2.3960577265292877e-05, -3.429944972202345e-22], [1.0727460445417611e-21, -3.430252726310304e-22, 3.235700263679998e-05]]","[-1.9304820450828527e-25, -2.163949487384059e-25, -7.343078178996029e-10]","[-1.054551740891218, -2.997489939410874, -1.1548760454213527, 1.0860106217092103e-13, -1.4480604215716397e-13, -1.0052128127500405e-14, 9.179823372501145e-15, 1.1368412341744732e-14, 1.0052128127500397e-14, 1.2170600552133949e-14]","[-1.0571904045796525, -3.004983378735505, -1.1332384149772488, 1.4757574330741103, 1.475757433073857, 0.18357695447489067, -0.1835769544748912, -0.18357695447488973, -0.18357695447489078, -0.18357695447488825]","[0.0, 0.0, -9.81]",0,0,8.679779648142644e-18,1.0164395367051604e-19,5.864058707720061e-18,5.8567913431212954e-18,8.809142651444724e-20,8.809142651444724e-20,3.774758283725532e-15,8.555032767268433e-19,nominal,rotated,3,0.001,direct actual force/reaction controls in isolated MjData; actuator lag not bypassed in any rollout
"[0.0, 0.0, 0.0, -0.001]","[1.91404355326749e-20, 6.162268258608499e-21, -0.001]","[1.91404355326749e-20, -6.162268258608499e-21, 0.001]","[-3.536000000000003e-05, 3.536000000000005e-05, 5.939999999999999e-06]","[-3.536000000000003e-05, -3.536000000000005e-05, -5.939999999999999e-06]","[-3.536000000000003e-05, 3.536000000000005e-05, 5.939999999999999e-06]","[-3.536000000000003e-05, -3.536000000000005e-05, -5.939999999999999e-06]","[-7.914675859144182e-18, -8.673617379884035e-18, -0.0009999999999999966]","[-3.536000000000034e-05, 3.5359999999999905e-05, 5.93999999999996e-06]","[0.0026361696591241657, 0.007491559938742398, -0.021638585199147187, -1.4757574330740204, 1.475757433074002, 0.18357695447489714, -0.1835769544748972, -0.18357695447489739, -0.18357695447489703, -0.1835769544748969]","[0.0026361696591241657, 0.007491559938742398, -0.021638585199147187]","[0.002636379352227957, 0.007493724848526495, -0.021637809886446823]","[-5.238864897449957e-16, -5.004677228193088e-16, -0.02304997234003315]","[-1.4757574330740206, 1.4757574330740022, 0.1835769544748972]","[-1.4757574330740206, -1.4757574330740022, -0.1835769544748972]","[-1.4757574330740073, 1.4757574330740082, 0.1835769544748984]","[-1.496071943087908e-19, -9.325303353677813e-20, 1.1063986723211133e-06]","[0.0, 0.0, 0.0]","[[2.3960577265292877e-05, 5.572922581922886e-21, -1.0728015556929923e-21], [5.572922581922886e-21, 2.3960577265292877e-05, -3.429697614797991e-22], [-1.0728015556929923e-21, -3.429697614797991e-22, 3.236100263679999e-05]]","[[2.3960577265292877e-05, 5.572922581922886e-21, -1.0725880922514005e-21], [5.572922581922886e-21, 2.3960577265292877e-05, -3.429944972202345e-22], [-1.0727460445417611e-21, -3.430252726310304e-22, 3.235700263679998e-05]]","[[2.3960577265292877e-05, -5.572922581922886e-21, 1.0725880922514005e-21], [-5.572922581922886e-21, 2.3960577265292877e-05, -3.429944972202345e-22], [1.0727460445417611e-21, -3.430252726310304e-22, 3.235700263679998e-05]]","[2.5104100534177707e-25, -2.163949487384061e-25, -7.343078178995888e-10]","[-1.054551740891218, -2.997489939410874, -1.1548760454213527, 1.0860106217092103e-13, -1.4480604215716397e-13, -1.0052128127500405e-14, 9.179823372501145e-15, 1.1368412341744732e-14, 1.0052128127500397e-14, 1.2170600552133949e-14]","[-1.0519155712320938, -2.9899983794721314, -1.1765146306204999, -1.4757574330739118, 1.4757574330738572, 0.1835769544748871, -0.183576954474888, -0.183576954474886, -0.18357695447488698, -0.18357695447488473]","[0.0, 0.0, -9.81]",0,0,8.679779648142644e-18,3.1170812458958252e-19,2.2747431906629572e-17,2.2717057507687784e-17,3.1848438816761693e-19,3.1848438816761693e-19,1.3322676295501878e-14,3.82784973839476e-18,nominal,rotated,4,-0.001,direct actual force/reaction controls in isolated MjData; actuator lag not bypassed in any rollout
"[0.0, 0.0, 0.0, 0.001]","[-1.91404355326749e-20, -6.162268258608499e-21, 0.001]","[-1.91404355326749e-20, 6.162268258608499e-21, -0.001]","[3.536000000000003e-05, -3.536000000000005e-05, -5.939999999999999e-06]","[3.536000000000003e-05, 3.536000000000005e-05, 5.939999999999999e-06]","[3.536000000000003e-05, -3.536000000000005e-05, -5.939999999999999e-06]","[3.536000000000003e-05, 3.536000000000005e-05, 5.939999999999999e-06]","[-1.3335686721571705e-17, -7.752045533271357e-18, 0.0010000000000000063]","[3.5359999999999905e-05, -3.536000000000034e-05, -5.9400000000000685e-06]","[-0.0026361696591241657, -0.0074915599387441745, 0.021638585199146743, 1.4757574330740022, -1.4757574330740202, -0.1835769544749005, 0.18357695447490052, 0.18357695447490072, 0.18357695447490038, 0.18357695447490024]","[-0.0026361696591241657, -0.0074915599387441745, 0.021638585199146743]","[-0.002636379352227957, -0.007493724848528271, 0.02163780988644638]","[-6.279698983036042e-16, -9.141992718397773e-16, 0.02304997234003331]","[1.4757574330740024, -1.4757574330740202, -0.18357695447490052]","[1.4757574330740024, 1.4757574330740202, 0.18357695447490052]","[1.4757574330740073, -1.4757574330740082, -0.1835769544748984]","[-1.496071943087908e-19, -9.325303353677813e-20, 1.1063986723211133e-06]","[0.0, 0.0, 0.0]","[[2.3960577265292877e-05, 5.572922581922886e-21, -1.0728015556929923e-21], [5.572922581922886e-21, 2.3960577265292877e-05, -3.429697614797991e-22], [-1.0728015556929923e-21, -3.429697614797991e-22, 3.236100263679999e-05]]","[[2.3960577265292877e-05, 5.572922581922886e-21, -1.0725880922514005e-21], [5.572922581922886e-21, 2.3960577265292877e-05, -3.429944972202345e-22], [-1.0727460445417611e-21, -3.430252726310304e-22, 3.235700263679998e-05]]","[[2.3960577265292877e-05, -5.572922581922886e-21, 1.0725880922514005e-21], [-5.572922581922886e-21, 2.3960577265292877e-05, -3.429944972202345e-22], [1.0727460445417611e-21, -3.430252726310304e-22, 3.235700263679998e-05]]","[-6.951302151918402e-25, -6.717834709617197e-25, 7.34307817899602e-10]","[-1.054551740891218, -2.997489939410874, -1.1548760454213527, 1.0860106217092103e-13, -1.4480604215716397e-13, -1.0052128127500405e-14, 9.179823372501145e-15, 1.1368412341744732e-14, 1.0052128127500397e-14, 1.2170600552133949e-14]","[-1.0571879105503421, -3.004981499349618, -1.133237460222206, 1.4757574330741108, -1.475757433074165, -0.18357695447491054, 0.1835769544749097, 0.1835769544749121, 0.18357695447491043, 0.1835769544749124]","[0.0, 0.0, -9.81]",0,0,1.331654628603903e-17,2.913793338554793e-19,3.96554589412383e-17,3.96482013181537e-17,2.913793338554793e-19,2.846030702774449e-19,1.199040866595169e-14,3.827849738394761e-18,nominal,rotated,4,0.001,direct actual force/reaction controls in isolated MjData; actuator lag not bypassed in any rollout
"[-0.001, 0.0, 0.0, 0.0]","[0.0, 0.0, -0.001]","[0.0, 0.0, 0.001]","[3.536e-05, 3.536e-05, -5.94e-06]","[3.536e-05, -3.536e-05, 5.94e-06]","[3.536e-05, 3.2259801587301585e-05, -5.94e-06]","[3.536e-05, -3.2259801587301585e-05, 5.94e-06]","[0.0, 0.0, -0.0010000000000000009]","[3.5359999999999905e-05, 3.5359999999999905e-05, -5.93999999999996e-06]","[-1.1431736209419158e-06, 0.0005075058443539732, -0.017095571852546065, 1.4757584464847802, 1.152319009909455, -0.16322884245194247, 0.16322884245194247, 0.16322884245194236, 0.16322884245194244, 0.16322884245194255]","[-1.1431736209419158e-06, 0.0005075058443539732, -0.017095571852546065]","[4.658681209898652e-21, 1.0842021724855044e-19, -0.020667989417989564]","[4.658681209898652e-21, 1.0842021724855044e-19, -0.020667989417989564]","[1.4757584464847802, 1.152319009909455, -0.16322884245194247]","[1.4757584464847802, -1.152319009909455, 0.16322884245194247]","[1.475758446484784, 1.1523190099094645, -0.16322884245194355]","[0.003100198412698412, 0.0, 9.920634920224103e-07]","[0.0031004547333608927, 0.0, 0.0]","[[2.396057727078095e-05, 0.0, 1.4880952380952417e-10], [0.0, 2.799554750887619e-05, 0.0], [1.4880952380952417e-10, 0.0, 3.639597287489525e-05]]","[[2.396057727078095e-05, 0.0, 1.4880952380952417e-10], [0.0, 2.799554750887619e-05, 0.0], [1.4880952380952417e-10, 0.0, 3.639197287489524e-05]]","[[2.396057727078095e-05, 0.0, -1.4880952380952417e-10], [0.0, 2.799554750887619e-05, 0.0], [-1.4880952380952417e-10, 0.0, 3.639197287489524e-05]]","[0.0, 0.0, 6.5291536980777e-10]","[-4.3944040207338616e-05, 2.1658830364827782e-38, -1.4054791071562993, 4.3388931898288576e-41, 44.2955925289973, -6.986272308594393e-36, -2.290028460095956e-15, -2.290028460095957e-15, 2.290028460095957e-15, 2.290028460095956e-15]","[-4.508721382828053e-05, 0.0005075058443539732, -1.4225746790088454, 1.4757584464847802, 45.44791153890675, -0.16322884245194247, 0.16322884245194016, 0.16322884245194005, 0.16322884245194474, 0.16322884245194486]","[0.0, 0.0, -9.81]",0,0,8.673617379884035e-19,9.486769009248164e-20,7.15573433840433e-18,6.938893903907228e-18,2.710505431213761e-19,2.642742795433417e-19,9.547918011776346e-15,6.06069014419397e-17,payload_5g_pos_x,level,1,-0.001,direct actual force/reaction controls in isolated MjData; actuator lag not bypassed in any rollout
"[0.001, 0.0, 0.0, 0.0]","[0.0, 0.0, 0.001]","[0.0, 0.0, -0.001]","[-3.536e-05, -3.536e-05, 5.94e-06]","[-3.536e-05, 3.536e-05, -5.94e-06]","[-3.536e-05, -3.2259801587301585e-05, 5.94e-06]","[-3.536e-05, 3.2259801587301585e-05, -5.94e-06]","[0.0, 0.0, 0.0010000000000000009]","[-3.5359999999999905e-05, -3.5359999999999905e-05, 5.9400000000000685e-06]","[1.1431736209419361e-06, -0.0005075058443539825, 0.0170955718525454, -1.4757584464847802, -1.152319009909462, 0.16322884245194544, -0.1632288424519454, -0.1632288424519453, -0.16322884245194544, -0.16322884245194555]","[1.1431736209419361e-06, -0.0005075058443539825, 0.0170955718525454]","[8.682087709356578e-21, -1.0842021724855044e-19, 0.02066798941798892]","[8.682087709356578e-21, -1.0842021724855044e-19, 0.02066798941798892]","[-1.4757584464847802, -1.152319009909462, 0.16322884245194544]","[-1.4757584464847802, 1.152319009909462, -0.16322884245194544]","[-1.475758446484784, -1.1523190099094645, 0.16322884245194355]","[0.003100198412698412, 0.0, 9.920634920224103e-07]","[0.0031004547333608927, 0.0, 0.0]","[[2.396057727078095e-05, 0.0, 1.4880952380952417e-10], [0.0, 2.799554750887619e-05, 0.0], [1.4880952380952417e-10, 0.0, 3.639597287489525e-05]]","[[2.396057727078095e-05, 0.0, 1.4880952380952417e-10], [0.0, 2.799554750887619e-05, 0.0], [1.4880952380952417e-10, 0.0, 3.639197287489524e-05]]","[[2.396057727078095e-05, 0.0, -1.4880952380952417e-10], [0.0, 2.799554750887619e-05, 0.0], [-1.4880952380952417e-10, 0.0, 3.639197287489524e-05]]","[0.0, 0.0, -6.529153698077817e-10]","[-4.3944040207338616e-05, 2.1658830364827782e-38, -1.4054791071562993, 4.3388931898288576e-41, 44.2955925289973, -6.986272308594393e-36, -2.290028460095956e-15, -2.290028460095957e-15, 2.290028460095957e-15, 2.290028460095956e-15]","[-4.280086658639668e-05, -0.0005075058443539825, -1.388383535303754, -1.4757584464847802, 43.143273519087835, 0.16322884245194544, -0.16322884245194771, -0.1632288424519476, -0.16322884245194313, -0.16322884245194325]","[0.0, 0.0, -9.81]",0,0,8.673617379884035e-19,9.486769009248164e-20,2.4069288229178198e-17,2.42861286636753e-17,8.131516293641283e-20,9.486769009248164e-20,3.774758283725532e-15,6.071532165918825e-17,payload_5g_pos_x,level,1,0.001,direct actual force/reaction controls in isolated MjData; actuator lag not bypassed in any rollout
"[0.0, -0.001, 0.0, 0.0]","[0.0, 0.0, -0.001]","[0.0, 0.0, 0.001]","[3.536e-05, -3.536e-05, 5.94e-06]","[3.536e-05, 3.536e-05, -5.94e-06]","[3.536e-05, -3.8460198412698416e-05, 5.94e-06]","[3.536e-05, 3.8460198412698416e-05, -5.94e-06]","[0.0, 0.0, -0.0010000000000000009]","[3.5359999999999905e-05, -3.5359999999999905e-05, 5.93999999999996e-06]","[1.3628938219786284e-06, -0.0005045403380170776, -0.02492703261167284, 1.4757564190621473, -1.3737969725544517, 0.16321677348488842, -0.16321677348488822, -0.16321677348488842, -0.16321677348488858, -0.1632167734848884]","[1.3628938219786284e-06, -0.0005045403380170776, -0.02492703261167284]","[4.658681209898652e-21, -1.0842021724855044e-19, -0.020667989417989644]","[4.658681209898652e-21, -1.0842021724855044e-19, -0.020667989417989644]","[1.4757564190621473, -1.3737969725544517, 0.16321677348488842]","[1.4757564190621473, 1.3737969725544517, -0.16321677348488842]","[1.475756419062151, -1.3737969725544512, 0.16321677348488953]","[0.003100198412698412, 0.0, 9.920634920224103e-07]","[0.0031004547333608927, 0.0, 0.0]","[[2.396057727078095e-05, 0.0, 1.4880952380952417e-10], [0.0, 2.799554750887619e-05, 0.0], [1.4880952380952417e-10, 0.0, 3.639597287489525e-05]]","[[2.396057727078095e-05, 0.0, 1.4880952380952417e-10], [0.0, 2.799554750887619e-05, 0.0], [1.4880952380952417e-10, 0.0, 3.639197287489524e-05]]","[[2.396057727078095e-05, 0.0, -1.4880952380952417e-10], [0.0, 2.799554750887619e-05, 0.0], [-1.4880952380952417e-10, 0.0, 3.639197287489524e-05]]","[0.0, 0.0, -6.528670939395537e-10]","[-4.3944040207338616e-05, 2.1658830364827782e-38, -1.4054791071562993, 4.3388931898288576e-41, 44.2955925289973, -6.986272308594393e-36, -2.290028460095956e-15, -2.290028460095957e-15, 2.290028460095957e-15, 2.290028460095956e-15]","[-4.258114638535999e-05, -0.0005045403380170776, -1.4304061397679722, 1.4757564190621473, 42.921795556442845, 0.16321677348488842, -0.16321677348489053, -0.16321677348489072, -0.16321677348488628, -0.16321677348488609]","[0.0, 0.0, -9.81]",0,0,8.673617379884035e-19,9.486769009248164e-20,1.1058862159352145e-17,1.1058862159352145e-17,8.131516293641283e-20,8.809142651444724e-20,3.774758283725532e-15,6.06069014419397e-17,payload_5g_pos_x,level,2,-0.001,direct actual force/reaction controls in isolated MjData; actuator lag not bypassed in any rollout
"[0.0, 0.001, 0.0, 0.0]","[0.0, 0.0, 0.001]","[0.0, 0.0, -0.001]","[-3.536e-05, 3.536e-05, -5.94e-06]","[-3.536e-05, -3.536e-05, 5.94e-06]","[-3.536e-05, 3.8460198412698416e-05, -5.94e-06]","[-3.536e-05, -3.8460198412698416e-05, 5.94e-06]","[0.0, 0.0, 0.0010000000000000009]","[-3.5359999999999905e-05, 3.5359999999999905e-05, -5.9400000000000685e-06]","[-1.3628938219786081e-06, 0.0005045403380170868, 0.024927032611672395, -1.4757564190621473, 1.3737969725544446, -0.16321677348489141, 0.16321677348489125, 0.16321677348489144, 0.16321677348489155, 0.16321677348489136]","[-1.3628938219786081e-06, 0.0005045403380170868, 0.024927032611672395]","[8.682087709356578e-21, 0.0, 0.02066798941798922]","[8.682087709356578e-21, 0.0, 0.02066798941798922]","[-1.4757564190621473, 1.3737969725544446, -0.16321677348489141]","[-1.4757564190621473, -1.3737969725544446, 0.16321677348489141]","[-1.475756419062151, 1.3737969725544512, -0.16321677348488953]","[0.003100198412698412, 0.0, 9.920634920224103e-07]","[0.0031004547333608927, 0.0, 0.0]","[[2.396057727078095e-05, 0.0, 1.4880952380952417e-10], [0.0, 2.799554750887619e-05, 0.0], [1.4880952380952417e-10, 0.0, 3.639597287489525e-05]]","[[2.396057727078095e-05, 0.0, 1.4880952380952417e-10], [0.0, 2.799554750887619e-05, 0.0], [1.4880952380952417e-10, 0.0, 3.639197287489524e-05]]","[[2.396057727078095e-05, 0.0, -1.4880952380952417e-10], [0.0, 2.799554750887619e-05, 0.0], [-1.4880952380952417e-10, 0.0, 3.639197287489524e-05]]","[0.0, 0.0, 6.528670939395656e-10]","[-4.3944040207338616e-05, 2.1658830364827782e-38, -1.4054791071562993, 4.3388931898288576e-41, 44.2955925289973, -6.986272308594393e-36, -2.290028460095956e-15, -2.290028460095957e-15, 2.290028460095957e-15, 2.290028460095956e-15]","[-4.5306934029317224e-05, 0.0005045403380170868, -1.380552074544627, -1.4757564190621473, 45.66938950155174, -0.16321677348489141, 0.16321677348488894, 0.16321677348488914, 0.16321677348489386, 0.16321677348489366]","[0.0, 0.0, -9.81]",0,0,8.673617379884035e-19,9.486769009248164e-20,9.540979117872439e-18,9.540979117872439e-18,1.7618285302889447e-19,1.8295911660692887e-19,6.661338147750939e-15,6.049848122469115e-17,payload_5g_pos_x,level,2,0.001,direct actual force/reaction controls in isolated MjData; actuator lag not bypassed in any rollout
"[0.0, 0.0, -0.001, 0.0]","[0.0, 0.0, -0.001]","[0.0, 0.0, 0.001]","[-3.536e-05, -3.536e-05, -5.94e-06]","[-3.536e-05, 3.536e-05, 5.94e-06]","[-3.536e-05, -3.8460198412698416e-05, -5.94e-06]","[-3.536e-05, 3.8460198412698416e-05, 5.94e-06]","[0.0, 0.0, -0.0010000000000000009]","[-3.5359999999999905e-05, -3.5359999999999905e-05, -5.93999999999996e-06]","[1.3628938219786284e-06, 0.0005045403380170776, -0.02492703261167284, -1.4757564190621473, -1.3737969725544517, -0.16321677348488842, 0.1632167734848884, 0.16321677348488858, 0.16321677348488842, 0.16321677348488822]","[1.3628938219786284e-06, 0.0005045403380170776, -0.02492703261167284]","[4.658681209898652e-21, 1.0842021724855044e-19, -0.020667989417989644]","[4.658681209898652e-21, 1.0842021724855044e-19, -0.020667989417989644]","[-1.4757564190621473, -1.3737969725544517, -0.16321677348488842]","[-1.4757564190621473, 1.3737969725544517, 0.16321677348488842]","[-1.475756419062151, -1.3737969725544512, -0.16321677348488953]","[0.003100198412698412, 0.0, 9.920634920224103e-07]","[0.0031004547333608927, 0.0, 0.0]","[[2.396057727078095e-05, 0.0, 1.4880952380952417e-10], [0.0, 2.799554750887619e-05, 0.0], [1.4880952380952417e-10, 0.0, 3.639597287489525e-05]]","[[2.396057727078095e-05, 0.0, 1.4880952380952417e-10], [0.0, 2.799554750887619e-05, 0.0], [1.4880952380952417e-10, 0.0, 3.639197287489524e-05]]","[[2.396057727078095e-05, 0.0, -1.4880952380952417e-10], [0.0, 2.799554750887619e-05, 0.0], [-1.4880952380952417e-10, 0.0, 3.639197287489524e-05]]","[0.0, 0.0, 6.528670939395537e-10]","[-4.3944040207338616e-05, 2.1658830364827782e-38, -1.4054791071562993, 4.3388931898288576e-41, 44.2955925289973, -6.986272308594393e-36, -2.290028460095956e-15, -2.290028460095957e-15, 2.290028460095957e-15, 2.290028460095956e-15]","[-4.258114638535999e-05, 0.0005045403380170776, -1.4304061397679722, -1.4757564190621473, 42.921795556442845, -0.16321677348488842, 0.16321677348488609, 0.16321677348488628, 0.16321677348489072, 0.16321677348489053]","[0.0, 0.0, -9.81]",0,0,8.673617379884035e-19,9.486769009248164e-20,1.1058862159352145e-17,1.1058862159352145e-17,8.131516293641283e-20,8.809142651444724e-20,3.774758283725532e-15,6.06069014419397e-17,payload_5g_pos_x,level,3,-0.001,direct actual force/reaction controls in isolated MjData; actuator lag not bypassed in any rollout
"[0.0, 0.0, 0.001, 0.0]","[0.0, 0.0, 0.001]","[0.0, 0.0, -0.001]","[3.536e-05, 3.536e-05, 5.94e-06]","[3.536e-05, -3.536e-05, -5.94e-06]","[3.536e-05, 3.8460198412698416e-05, 5.94e-06]","[3.536e-05, -3.8460198412698416e-05, -5.94e-06]","[0.0, 0.0, 0.0010000000000000009]","[3.5359999999999905e-05, 3.5359999999999905e-05, 5.9400000000000685e-06]","[-1.3628938219786081e-06, -0.0005045403380170868, 0.024927032611672395, 1.4757564190621473, 1.3737969725544446, 0.16321677348489141, -0.16321677348489136, -0.16321677348489155, -0.16321677348489144, -0.16321677348489125]","[-1.3628938219786081e-06, -0.0005045403380170868, 0.024927032611672395]","[8.682087709356578e-21, 0.0, 0.02066798941798922]","[8.682087709356578e-21, 0.0, 0.02066798941798922]","[1.4757564190621473, 1.3737969725544446, 0.16321677348489141]","[1.4757564190621473, -1.3737969725544446, -0.16321677348489141]","[1.475756419062151, 1.3737969725544512, 0.16321677348488953]","[0.003100198412698412, 0.0, 9.920634920224103e-07]","[0.0031004547333608927, 0.0, 0.0]","[[2.396057727078095e-05, 0.0, 1.4880952380952417e-10], [0.0, 2.799554750887619e-05, 0.0], [1.4880952380952417e-10, 0.0, 3.639597287489525e-05]]","[[2.396057727078095e-05, 0.0, 1.4880952380952417e-10], [0.0, 2.799554750887619e-05, 0.0], [1.4880952380952417e-10, 0.0, 3.639197287489524e-05]]","[[2.396057727078095e-05, 0.0, -1.4880952380952417e-10], [0.0, 2.799554750887619e-05, 0.0], [-1.4880952380952417e-10, 0.0, 3.639197287489524e-05]]","[0.0, 0.0, -6.528670939395656e-10]","[-4.3944040207338616e-05, 2.1658830364827782e-38, -1.4054791071562993, 4.3388931898288576e-41, 44.2955925289973, -6.986272308594393e-36, -2.290028460095956e-15, -2.290028460095957e-15, 2.290028460095957e-15, 2.290028460095956e-15]","[-4.5306934029317224e-05, -0.0005045403380170868, -1.380552074544627, 1.4757564190621473, 45.66938950155174, 0.16321677348489141, -0.16321677348489366, -0.16321677348489386, -0.16321677348488914, -0.16321677348488894]","[0.0, 0.0, -9.81]",0,0,8.673617379884035e-19,9.486769009248164e-20,9.540979117872439e-18,9.540979117872439e-18,1.7618285302889447e-19,1.8295911660692887e-19,6.661338147750939e-15,6.049848122469115e-17,payload_5g_pos_x,level,3,0.001,direct actual force/reaction controls in isolated MjData; actuator lag not bypassed in any rollout
"[0.0, 0.0, 0.0, -0.001]","[0.0, 0.0, -0.001]","[0.0, 0.0, 0.001]","[-3.536e-05, 3.536e-05, 5.94e-06]","[-3.536e-05, -3.536e-05, -5.94e-06]","[-3.536e-05, 3.2259801587301585e-05, 5.94e-06]","[-3.536e-05, -3.2259801587301585e-05, -5.94e-06]","[0.0, 0.0, -0.0010000000000000009]","[-3.5359999999999905e-05, 3.5359999999999905e-05, 5.93999999999996e-06]","[-1.1431736209419158e-06, -0.0005075058443539732, -0.017095571852546065, -1.4757584464847802, 1.152319009909455, 0.16322884245194247, -0.16322884245194255, -0.16322884245194244, -0.16322884245194236, -0.16322884245194247]","[-1.1431736209419158e-06, -0.0005075058443539732, -0.017095571852546065]","[4.658681209898652e-21, -1.0842021724855044e-19, -0.020667989417989564]","[4.658681209898652e-21, -1.0842021724855044e-19, -0.020667989417989564]","[-1.4757584464847802, 1.152319009909455, 0.16322884245194247]","[-1.4757584464847802, -1.152319009909455, -0.16322884245194247]","[-1.475758446484784, 1.1523190099094645, 0.16322884245194355]","[0.003100198412698412, 0.0, 9.920634920224103e-07]","[0.0031004547333608927, 0.0, 0.0]","[[2.396057727078095e-05, 0.0, 1.4880952380952417e-10], [0.0, 2.799554750887619e-05, 0.0], [1.4880952380952417e-10, 0.0, 3.639597287489525e-05]]","[[2.396057727078095e-05, 0.0, 1.4880952380952417e-10], [0.0, 2.799554750887619e-05, 0.0], [1.4880952380952417e-10, 0.0, 3.639197287489524e-05]]","[[2.396057727078095e-05, 0.0, -1.4880952380952417e-10], [0.0, 2.799554750887619e-05, 0.0], [-1.4880952380952417e-10, 0.0, 3.639197287489524e-05]]","[0.0, 0.0, -6.529153698077699e-10]","[-4.3944040207338616e-05, 2.1658830364827782e-38, -1.4054791071562993, 4.3388931898288576e-41, 44.2955925289973, -6.986272308594393e-36, -2.290028460095956e-15, -2.290028460095957e-15, 2.290028460095957e-15, 2.290028460095956e-15]","[-4.508721382828053e-05, -0.0005075058443539732, -1.4225746790088454, -1.4757584464847802, 45.44791153890675, 0.16322884245194247, -0.16322884245194486, -0.16322884245194474, -0.16322884245194005, -0.16322884245194016]","[0.0, 0.0, -9.81]",0,0,8.673617379884035e-19,9.486769009248164e-20,7.15573433840433e-18,6.938893903907228e-18,2.710505431213761e-19,2.642742795433417e-19,9.547918011776346e-15,6.06069014419397e-17,payload_5g_pos_x,level,4,-0.001,direct actual force/reaction controls in isolated MjData; actuator lag not bypassed in any rollout
"[0.0, 0.0, 0.0, 0.001]","[0.0, 0.0, 0.001]","[0.0, 0.0, -0.001]","[3.536e-05, -3.536e-05, -5.94e-06]","[3.536e-05, 3.536e-05, 5.94e-06]","[3.536e-05, -3.2259801587301585e-05, -5.94e-06]","[3.536e-05, 3.2259801587301585e-05, 5.94e-06]","[0.0, 0.0, 0.0010000000000000009]","[3.5359999999999905e-05, -3.5359999999999905e-05, -5.9400000000000685e-06]","[1.1431736209419361e-06, 0.0005075058443539825, 0.0170955718525454, 1.4757584464847802, -1.152319009909462, -0.16322884245194544, 0.16322884245194555, 0.16322884245194544, 0.1632288424519453, 0.1632288424519454]","[1.1431736209419361e-06, 0.0005075058443539825, 0.0170955718525454]","[8.682087709356578e-21, 1.0842021724855044e-19, 0.02066798941798892]","[8.682087709356578e-21, 1.0842021724855044e-19, 0.02066798941798892]","[1.4757584464847802, -1.152319009909462, -0.16322884245194544]","[1.4757584464847802, 1.152319009909462, 0.16322884245194544]","[1.475758446484784, -1.1523190099094645, -0.16322884245194355]","[0.003100198412698412, 0.0, 9.920634920224103e-07]","[0.0031004547333608927, 0.0, 0.0]","[[2.396057727078095e-05, 0.0, 1.4880952380952417e-10], [0.0, 2.799554750887619e-05, 0.0], [1.4880952380952417e-10, 0.0, 3.639597287489525e-05]]","[[2.396057727078095e-05, 0.0, 1.4880952380952417e-10], [0.0, 2.799554750887619e-05, 0.0], [1.4880952380952417e-10, 0.0, 3.639197287489524e-05]]","[[2.396057727078095e-05, 0.0, -1.4880952380952417e-10], [0.0, 2.799554750887619e-05, 0.0], [-1.4880952380952417e-10, 0.0, 3.639197287489524e-05]]","[0.0, 0.0, 6.529153698077817e-10]","[-4.3944040207338616e-05, 2.1658830364827782e-38, -1.4054791071562993, 4.3388931898288576e-41, 44.2955925289973, -6.986272308594393e-36, -2.290028460095956e-15, -2.290028460095957e-15, 2.290028460095957e-15, 2.290028460095956e-15]","[-4.280086658639668e-05, 0.0005075058443539825, -1.388383535303754, 1.4757584464847802, 43.143273519087835, -0.16322884245194544, 0.16322884245194325, 0.16322884245194313, 0.1632288424519476, 0.16322884245194771]","[0.0, 0.0, -9.81]",0,0,8.673617379884035e-19,9.486769009248164e-20,2.4069288229178198e-17,2.42861286636753e-17,8.131516293641283e-20,9.486769009248164e-20,3.774758283725532e-15,6.071532165918825e-17,payload_5g_pos_x,level,4,0.001,direct actual force/reaction controls in isolated MjData; actuator lag not bypassed in any rollout
"[-0.001, 0.0, 0.0, 0.0]","[1.91404355326749e-20, 6.162268258608499e-21, -0.001]","[1.91404355326749e-20, -6.162268258608499e-21, 0.001]","[3.536000000000001e-05, 3.536000000000001e-05, -5.939999999999999e-06]","[3.536000000000001e-05, -3.536000000000001e-05, 5.939999999999999e-06]","[3.536e-05, 3.225980158730161e-05, -5.939999999999999e-06]","[3.536e-05, -3.225980158730161e-05, 5.939999999999999e-06]","[8.023096076392733e-18, 1.214306433183765e-17, -0.0010000000000000054]","[3.5359999999999905e-05, 3.5359999999999905e-05, -5.93999999999996e-06]","[0.0016320373531072407, 0.005938071824922453, -0.01595593612216506, 1.4757584464847795, 1.152319009909462, -0.1632288424519457, 0.16322884245194635, 0.16322884245194577, 0.16322884245194594, 0.16322884245194605]","[0.0016320373531072407, 0.005938071824922453, -0.01595593612216506]","[0.002363936049459929, 0.006719323719174863, -0.019401759757639345]","[6.218983661376853e-16, 6.396792817664476e-16, -0.02066798941799022]","[1.47575844648478, 1.1523190099094625, -0.1632288424519458]","[1.47575844648478, -1.1523190099094625, 0.1632288424519458]","[1.4757584464847828, 1.1523190099094647, -0.16322884245194347]","[0.0031001984126983973, -9.64939933512099e-18, 9.920634920135198e-07]","[0.0031004547333608927, 0.0, 0.0]","[[2.3960577270780962e-05, 6.042140784393591e-21, 1.4880952380837351e-10], [6.042140784393591e-21, 2.7995547508876204e-05, -3.9229040550327337e-22], [1.4880952380837351e-10, -3.9229040550327337e-22, 3.639597287489525e-05]]","[[2.3960577270780962e-05, 6.042140784393591e-21, 1.4880952380837375e-10], [6.042140784393591e-21, 2.7995547508876204e-05, -3.9231514124370876e-22], [1.4880952380837357e-10, -3.9234591665450466e-22, 3.639197287489524e-05]]","[[2.3960577270780962e-05, -6.042140784393591e-21, -1.4880952380837375e-10], [-6.042140784393591e-21, 2.7995547508876204e-05, -3.9231514124370876e-22], [-1.4880952380837357e-10, -3.9234591665450466e-22, 3.639197287489524e-05]]","[1.9626223540682636e-25, -2.270680396052294e-25, 6.529153698077845e-10]","[-0.961314773760168, -2.732400242110881, -1.92039707825291, -1.7185211587111837e-13, 44.29559252899752, 3.552713678800501e-15, -3.8716585916303764e-15, -7.880130119128754e-15, 2.7794292119282128e-14, 7.711578877924295e-15]","[-0.9596827364070608, -2.7264621702859584, -1.9363530143750751, 1.4757584464846076, 45.44791153890698, -0.16322884245194214, 0.1632288424519425, 0.1632288424519379, 0.16322884245197372, 0.16322884245195377]","[0.0, 0.0, -9.81]",0,0,1.213690206357904e-17,1.0164395367051604e-19,3.881443777498106e-17,3.881443777498106e-17,8.809142651444724e-20,8.470329472543003e-20,2.886579864025407e-15,2.106604821139335e-16,payload_5g_pos_x,rotated,1,-0.001,direct actual force/reaction controls in isolated MjData; actuator lag not bypassed in any rollout
"[0.001, 0.0, 0.0, 0.0]","[-1.91404355326749e-20, -6.162268258608499e-21, 0.001]","[-1.91404355326749e-20, 6.162268258608499e-21, -0.001]","[-3.536000000000001e-05, -3.536000000000001e-05, 5.939999999999999e-06]","[-3.536000000000001e-05, 3.536000000000001e-05, -5.939999999999999e-06]","[-3.536e-05, -3.225980158730161e-05, 5.939999999999999e-06]","[-3.536e-05, 3.225980158730161e-05, -5.939999999999999e-06]","[7.914675859144182e-18, 8.673617379884035e-18, 0.0009999999999999966]","[-3.5359999999999905e-05, -3.5359999999999905e-05, 5.9400000000000685e-06]","[-0.0016320373531069077, -0.005938071824921121, 0.015955936122164394, -1.4757584464847797, -1.152319009909462, 0.1632288424519457, -0.16322884245194638, -0.16322884245194574, -0.1632288424519459, -0.16322884245194608]","[-0.0016320373531069077, -0.005938071824921121, 0.015955936122164394]","[-0.0023639360494595958, -0.006719323719173531, 0.01940175975763868]","[2.0556473190325164e-16, 2.6454533008646308e-17, 0.02066798941798912]","[-1.47575844648478, -1.1523190099094625, 0.16322884245194574]","[-1.47575844648478, 1.1523190099094625, -0.16322884245194574]","[-1.4757584464847828, -1.1523190099094647, 0.16322884245194347]","[0.0031001984126983973, -9.64939933512099e-18, 9.920634920135198e-07]","[0.0031004547333608927, 0.0, 0.0]","[[2.3960577270780962e-05, 6.042140784393591e-21, 1.4880952380837351e-10], [6.042140784393591e-21, 2.7995547508876204e-05, -3.9229040550327337e-22], [1.4880952380837351e-10, -3.9229040550327337e-22, 3.639597287489525e-05]]","[[2.3960577270780962e-05, 6.042140784393591e-21, 1.4880952380837375e-10], [6.042140784393591e-21, 2.7995547508876204e-05, -3.9231514124370876e-22], [1.4880952380837357e-10, -3.9234591665450466e-22, 3.639197287489524e-05]]","[[2.3960577270780962e-05, -6.042140784393591e-21, -1.4880952380837375e-10], [-6.042140784393591e-21, 2.7995547508876204e-05, -3.9231514124370876e-22], [-1.4880952380837357e-10, -3.9234591665450466e-22, 3.639197287489524e-05]]","[-1.9626223540682639e-25, 5.023434680198045e-27, -6.529153698077844e-10]","[-0.961314773760168, -2.732400242110881, -1.92039707825291, -1.7185211587111837e-13, 44.29559252899752, 3.552713678800501e-15, -3.8716585916303764e-15, -7.880130119128754e-15, 2.7794292119282128e-14, 7.711578877924295e-15]","[-0.962946811113275, -2.738338313935802, -1.9044411421307457, -1.4757584464849516, 43.143273519088055, 0.16322884245194924, -0.16322884245195024, -0.16322884245195363, -0.16322884245191813, -0.16322884245193836]","[0.0, 0.0, -9.81]",0,0,8.679779648142644e-18,1.0164395367051604e-19,1.431146867680866e-17,1.431146867680866e-17,8.809142651444724e-20,8.300922883092143e-20,2.886579864025407e-15,2.100099608104422e-16,payload_5g_pos_x,rotated,1,0.001,direct actual force/reaction controls in isolated MjData; actuator lag not bypassed in any rollout
"[0.0, -0.001, 0.0, 0.0]","[1.91404355326749e-20, 6.162268258608499e-21, -0.001]","[1.91404355326749e-20, -6.162268258608499e-21, 0.001]","[3.536e-05, -3.536000000000001e-05, 5.940000000000001e-06]","[3.536e-05, 3.536000000000001e-05, -5.940000000000001e-06]","[3.5359999999999993e-05, -3.84601984126984e-05, 5.940000000000001e-06]","[3.5359999999999993e-05, 3.84601984126984e-05, -5.940000000000001e-06]","[8.023096076392733e-18, 1.214306433183765e-17, -0.0010000000000000054]","[3.5359999999999905e-05, -3.5359999999999905e-05, 5.93999999999996e-06]","[0.0031726524951589674, 0.007726154668318053, -0.023491537366034043, 1.475756419062147, -1.3737969725544517, 0.1632167734848844, -0.1632167734848843, -0.16321677348488445, -0.16321677348488398, -0.16321677348488436]","[0.0031726524951589674, 0.007726154668318053, -0.023491537366034043]","[0.002363936049459723, 0.0067193237191745196, -0.019401759757639202]","[3.0878077872387166e-16, 5.390653201597928e-16, -0.02066798941798995]","[1.475756419062147, -1.3737969725544519, 0.1632167734848844]","[1.475756419062147, 1.3737969725544519, -0.1632167734848844]","[1.4757564190621502, -1.37379697255445, 0.16321677348488958]","[0.0031001984126983973, -9.64939933512099e-18, 9.920634920135198e-07]","[0.0031004547333608927, 0.0, 0.0]","[[2.3960577270780962e-05, 6.042140784393591e-21, 1.4880952380837351e-10], [6.042140784393591e-21, 2.7995547508876204e-05, -3.9229040550327337e-22], [1.4880952380837351e-10, -3.9229040550327337e-22, 3.639597287489525e-05]]","[[2.3960577270780962e-05, 6.042140784393591e-21, 1.4880952380837375e-10], [6.042140784393591e-21, 2.7995547508876204e-05, -3.9231514124370876e-22], [1.4880952380837357e-10, -3.9234591665450466e-22, 3.639197287489524e-05]]","[[2.3960577270780962e-05, -6.042140784393591e-21, -1.4880952380837375e-10], [-6.042140784393591e-21, 2.7995547508876204e-05, -3.9231514124370876e-22], [-1.4880952380837357e-10, -3.9234591665450466e-22, 3.639197287489524e-05]]","[4.698696730472782e-25, 5.023063252778792e-27, -6.528670939395373e-10]","[-0.961314773760168, -2.732400242110881, -1.92039707825291, -1.7185211587111837e-13, 44.29559252899752, 3.552713678800501e-15, -3.8716585916303764e-15, -7.880130119128754e-15, 2.7794292119282128e-14, 7.711578877924295e-15]","[-0.9581421212650091, -2.724674087442563, -1.943888615618944, 1.4757564190619752, 42.921795556443065, 0.16321677348488794, -0.16321677348488817, -0.16321677348489233, -0.1632167734848562, -0.16321677348487665]","[0.0, 0.0, -9.81]",0,0,1.213690206357904e-17,1.0164395367051604e-19,2.607597418235281e-17,2.60123704569559e-17,1.8888834723770898e-19,1.8719428134320037e-19,5.190292640122607e-15,1.9634901343712485e-16,payload_5g_pos_x,rotated,2,-0.001,direct actual force/reaction controls in isolated MjData; actuator lag not bypassed in any rollout
"[0.0, 0.001, 0.0, 0.0]","[-1.91404355326749e-20, -6.162268258608499e-21, 0.001]","[-1.91404355326749e-20, 6.162268258608499e-21, -0.001]","[-3.536e-05, 3.536000000000001e-05, -5.940000000000001e-06]","[-3.536e-05, -3.536000000000001e-05, 5.940000000000001e-06]","[-3.5359999999999993e-05, 3.84601984126984e-05, -5.940000000000001e-06]","[-3.5359999999999993e-05, -3.84601984126984e-05, 5.940000000000001e-06]","[7.914675859144182e-18, 8.673617379884035e-18, 0.0009999999999999966]","[-3.5359999999999905e-05, 3.536000000000034e-05, -5.9400000000000685e-06]","[-0.0031726524951588564, -0.0077261546683171645, 0.02349153736603382, -1.4757564190621473, 1.3737969725544659, -0.1632167734848906, 0.16321677348489047, 0.1632167734848907, 0.16321677348489022, 0.16321677348489055]","[-0.0031726524951588564, -0.0077261546683171645, 0.02349153736603382]","[-0.0023639360494595945, -0.0067193237191736305, 0.01940175975763894]","[2.237793284010081e-16, -1.734723475976807e-18, 0.020667989417989398]","[-1.4757564190621473, 1.3737969725544659, -0.16321677348489055]","[-1.4757564190621473, -1.3737969725544659, 0.16321677348489055]","[-1.4757564190621502, 1.37379697255445, -0.16321677348488958]","[0.0031001984126983973, -9.64939933512099e-18, 9.920634920135198e-07]","[0.0031004547333608927, 0.0, 0.0]","[[2.3960577270780962e-05, 6.042140784393591e-21, 1.4880952380837351e-10], [6.042140784393591e-21, 2.7995547508876204e-05, -3.9229040550327337e-22], [1.4880952380837351e-10, -3.9229040550327337e-22, 3.639597287489525e-05]]","[[2.3960577270780962e-05, 6.042140784393591e-21, 1.4880952380837375e-10], [6.042140784393591e-21, 2.7995547508876204e-05, -3.9231514124370876e-22], [1.4880952380837357e-10, -3.9234591665450466e-22, 3.639197287489524e-05]]","[[2.3960577270780962e-05, -6.042140784393591e-21, -1.4880952380837375e-10], [-6.042140784393591e-21, 2.7995547508876204e-05, -3.9231514124370876e-22], [-1.4880952380837357e-10, -3.9234591665450466e-22, 3.639197287489524e-05]]","[-4.698696730472792e-25, 8.831553564473466e-25, 6.528670939395621e-10]","[-0.961314773760168, -2.732400242110881, -1.92039707825291, -1.7185211587111837e-13, 44.29559252899752, 3.552713678800501e-15, -3.8716585916303764e-15, -7.880130119128754e-15, 2.7794292119282128e-14, 7.711578877924295e-15]","[-0.9644874262553269, -2.740126396779198, -1.8969055408868762, -1.4757564190623191, 45.66938950155198, -0.16321677348488706, 0.1632167734848866, 0.1632167734848828, 0.163216773484918, 0.16321677348489827]","[0.0, 0.0, -9.81]",0,0,8.679779648142644e-18,3.3203691532368573e-19,1.0846479460887053e-17,1.0845286910071601e-17,4.0657581468206416e-19,4.404571325722362e-19,1.5765166949677223e-14,1.97758476261356e-16,payload_5g_pos_x,rotated,2,0.001,direct actual force/reaction controls in isolated MjData; actuator lag not bypassed in any rollout
"[0.0, 0.0, -0.001, 0.0]","[1.91404355326749e-20, 6.162268258608499e-21, -0.001]","[1.91404355326749e-20, -6.162268258608499e-21, 0.001]","[-3.536000000000001e-05, -3.536000000000001e-05, -5.940000000000001e-06]","[-3.536000000000001e-05, 3.536000000000001e-05, 5.940000000000001e-06]","[-3.5360000000000014e-05, -3.84601984126984e-05, -5.940000000000001e-06]","[-3.5360000000000014e-05, 3.84601984126984e-05, 5.940000000000001e-06]","[8.023096076392733e-18, 1.214306433183765e-17, -0.0010000000000000054]","[-3.5359999999999905e-05, -3.5359999999999905e-05, -5.93999999999996e-06]","[0.002531571850335368, 0.008483357486339216, -0.023307408851245937, -1.475756419062145, -1.3737969725544517, -0.1632167734848906, 0.16321677348488983, 0.16321677348489055, 0.1632167734848904, 0.16321677348489014]","[0.002531571850335368, 0.008483357486339216, -0.023307408851245937]","[0.0023639360494599553, 0.006719323719174461, -0.019401759757639025]","[5.030698080332741e-16, 3.7903707950093235e-16, -0.02066798941798979]","[-1.4757564190621453, -1.373796972554452, -0.1632167734848905]","[-1.4757564190621453, 1.373796972554452, 0.1632167734848905]","[-1.4757564190621506, -1.3737969725544497, -0.16321677348488964]","[0.0031001984126983973, -9.64939933512099e-18, 9.920634920135198e-07]","[0.0031004547333608927, 0.0, 0.0]","[[2.3960577270780962e-05, 6.042140784393591e-21, 1.4880952380837351e-10], [6.042140784393591e-21, 2.7995547508876204e-05, -3.9229040550327337e-22], [1.4880952380837351e-10, -3.9229040550327337e-22, 3.639597287489525e-05]]","[[2.3960577270780962e-05, 6.042140784393591e-21, 1.4880952380837375e-10], [6.042140784393591e-21, 2.7995547508876204e-05, -3.9231514124370876e-22], [1.4880952380837357e-10, -3.9234591665450466e-22, 3.639197287489524e-05]]","[[2.3960577270780962e-05, -6.042140784393591e-21, -1.4880952380837375e-10], [-6.042140784393591e-21, 2.7995547508876204e-05, -3.9231514124370876e-22], [-1.4880952380837357e-10, -3.9234591665450466e-22, 3.639197287489524e-05]]","[-2.4782506812224776e-25, -2.270676681778105e-25, 6.528670939395609e-10]","[-0.961314773760168, -2.732400242110881, -1.92039707825291, -1.7185211587111837e-13, 44.29559252899752, 3.552713678800501e-15, -3.8716585916303764e-15, -7.880130119128754e-15, 2.7794292119282128e-14, 7.711578877924295e-15]","[-0.9587832019098327, -2.7239168846245416, -1.943704487104156, -1.475756419062317, 42.921795556443065, -0.16321677348488706, 0.16321677348488597, 0.16321677348488267, 0.16321677348491817, 0.16321677348489785]","[0.0, 0.0, -9.81]",0,0,1.213690206357904e-17,1.0164395367051604e-19,2.432138915634926e-17,2.4281263711154065e-17,8.809142651444724e-20,1.2197274440461925e-19,5.329070518200751e-15,1.966742740888705e-16,payload_5g_pos_x,rotated,3,-0.001,direct actual force/reaction controls in isolated MjData; actuator lag not bypassed in any rollout
"[0.0, 0.0, 0.001, 0.0]","[-1.91404355326749e-20, -6.162268258608499e-21, 0.001]","[-1.91404355326749e-20, 6.162268258608499e-21, -0.001]","[3.536000000000001e-05, 3.536000000000001e-05, 5.940000000000001e-06]","[3.536000000000001e-05, -3.536000000000001e-05, -5.940000000000001e-06]","[3.5360000000000014e-05, 3.84601984126984e-05, 5.940000000000001e-06]","[3.5360000000000014e-05, -3.84601984126984e-05, -5.940000000000001e-06]","[7.914675859144182e-18, 8.673617379884035e-18, 0.0009999999999999966]","[3.5359999999999905e-05, 3.536000000000034e-05, 5.9400000000000685e-06]","[-0.002531571850335035, -0.008483357486338328, 0.023307408851245492, 1.4757564190621448, 1.3737969725544659, 0.16321677348488972, -0.16321677348488897, -0.16321677348488964, -0.16321677348488947, -0.16321677348488928]","[-0.002531571850335035, -0.008483357486338328, 0.023307408851245492]","[-0.0023639360494596153, -0.006719323719173559, 0.019401759757638543]","[1.3357370765021415e-16, -7.37257477290143e-18, 0.02066798941798901]","[1.4757564190621453, 1.3737969725544663, 0.1632167734848895]","[1.4757564190621453, -1.3737969725544663, -0.1632167734848895]","[1.4757564190621506, 1.3737969725544497, 0.16321677348488964]","[0.0031001984126983973, -9.64939933512099e-18, 9.920634920135198e-07]","[0.0031004547333608927, 0.0, 0.0]","[[2.3960577270780962e-05, 6.042140784393591e-21, 1.4880952380837351e-10], [6.042140784393591e-21, 2.7995547508876204e-05, -3.9229040550327337e-22], [1.4880952380837351e-10, -3.9229040550327337e-22, 3.639597287489525e-05]]","[[2.3960577270780962e-05, 6.042140784393591e-21, 1.4880952380837375e-10], [6.042140784393591e-21, 2.7995547508876204e-05, -3.9231514124370876e-22], [1.4880952380837357e-10, -3.9234591665450466e-22, 3.639197287489524e-05]]","[[2.3960577270780962e-05, -6.042140784393591e-21, -1.4880952380837375e-10], [-6.042140784393591e-21, 2.7995547508876204e-05, -3.9231514124370876e-22], [-1.4880952380837357e-10, -3.9234591665450466e-22, 3.639197287489524e-05]]","[4.698696730472789e-25, 4.491122731028419e-25, -6.528670939395571e-10]","[-0.961314773760168, -2.732400242110881, -1.92039707825291, -1.7185211587111837e-13, 44.29559252899752, 3.552713678800501e-15, -3.8716585916303764e-15, -7.880130119128754e-15, 2.7794292119282128e-14, 7.711578877924295e-15]","[-0.9638463456105031, -2.740883599597219, -1.8970896694016646, 1.475756419061973, 45.66938950155198, 0.16321677348489327, -0.16321677348489283, -0.16321677348489752, -0.1632167734848617, -0.16321677348488156]","[0.0, 0.0, -9.81]",0,0,8.679779648142644e-18,3.3203691532368573e-19,1.973247953923618e-17,1.973247953923618e-17,4.2690460541616737e-19,4.675621868843738e-19,1.6653345369377348e-14,1.9569849213363355e-16,payload_5g_pos_x,rotated,3,0.001,direct actual force/reaction controls in isolated MjData; actuator lag not bypassed in any rollout
"[0.0, 0.0, 0.0, -0.001]","[1.91404355326749e-20, 6.162268258608499e-21, -0.001]","[1.91404355326749e-20, -6.162268258608499e-21, 0.001]","[-3.536000000000003e-05, 3.536000000000005e-05, 5.939999999999999e-06]","[-3.536000000000003e-05, -3.536000000000005e-05, -5.939999999999999e-06]","[-3.5360000000000034e-05, 3.225980158730165e-05, 5.939999999999999e-06]","[-3.5360000000000034e-05, -3.225980158730165e-05, -5.939999999999999e-06]","[-7.914675859144182e-18, -8.673617379884035e-18, -0.0009999999999999966]","[-3.5359999999999905e-05, 3.536000000000034e-05, 5.93999999999996e-06]","[0.0022768860390004475, 0.005176418441531272, -0.016141146878026813, -1.4757584464847788, 1.1523190099094833, 0.16322884245194302, -0.16322884245194333, -0.16322884245194294, -0.16322884245194308, -0.16322884245194305]","[0.0022768860390004475, 0.005176418441531272, -0.016141146878026813]","[0.00236393604945984, 0.0067193237191734015, -0.019401759757638998]","[-1.8561541192951836e-16, -3.365363543395006e-16, -0.020667989417989408]","[-1.4757584464847788, 1.1523190099094833, 0.16322884245194308]","[-1.4757584464847788, -1.1523190099094833, -0.16322884245194308]","[-1.4757584464847848, 1.1523190099094665, 0.16322884245194352]","[0.0031001984126983973, -9.64939933512099e-18, 9.920634920135198e-07]","[0.0031004547333608927, 0.0, 0.0]","[[2.3960577270780962e-05, 6.042140784393591e-21, 1.4880952380837351e-10], [6.042140784393591e-21, 2.7995547508876204e-05, -3.9229040550327337e-22], [1.4880952380837351e-10, -3.9229040550327337e-22, 3.639597287489525e-05]]","[[2.3960577270780962e-05, 6.042140784393591e-21, 1.4880952380837375e-10], [6.042140784393591e-21, 2.7995547508876204e-05, -3.9231514124370876e-22], [1.4880952380837357e-10, -3.9234591665450466e-22, 3.639197287489524e-05]]","[[2.3960577270780962e-05, -6.042140784393591e-21, -1.4880952380837375e-10], [-6.042140784393591e-21, 2.7995547508876204e-05, -3.9231514124370876e-22], [-1.4880952380837357e-10, -3.9234591665450466e-22, 3.639197287489524e-05]]","[-4.183068403318583e-25, 2.270680396052294e-25, -6.529153698077726e-10]","[-0.961314773760168, -2.732400242110881, -1.92039707825291, -1.7185211587111837e-13, 44.29559252899752, 3.552713678800501e-15, -3.8716585916303764e-15, -7.880130119128754e-15, 2.7794292119282128e-14, 7.711578877924295e-15]","[-0.9590378877211676, -2.7272238236693496, -1.9365382251309369, -1.4757584464849507, 45.447911538907, 0.16322884245194658, -0.1632288424519472, -0.16322884245195082, -0.1632288424519153, -0.16322884245193534]","[0.0, 0.0, -9.81]",0,0,8.679779648142644e-18,2.913793338554793e-19,1.6289137236621007e-17,1.6356581524173727e-17,5.082197683525802e-19,4.675621868843738e-19,1.687538997430238e-14,2.1174468428641902e-16,payload_5g_pos_x,rotated,4,-0.001,direct actual force/reaction controls in isolated MjData; actuator lag not bypassed in any rollout
"[0.0, 0.0, 0.0, 0.001]","[-1.91404355326749e-20, -6.162268258608499e-21, 0.001]","[-1.91404355326749e-20, 6.162268258608499e-21, -0.001]","[3.536000000000003e-05, -3.536000000000005e-05, -5.939999999999999e-06]","[3.536000000000003e-05, 3.536000000000005e-05, 5.939999999999999e-06]","[3.5360000000000034e-05, -3.225980158730165e-05, -5.939999999999999e-06]","[3.5360000000000034e-05, 3.225980158730165e-05, 5.939999999999999e-06]","[-1.3335686721571705e-17, -7.752045533271357e-18, 0.0010000000000000063]","[3.536000000000034e-05, -3.5359999999999905e-05, -5.9400000000000685e-06]","[-0.0022768860390004475, -0.005176418441531272, 0.01614114687802637, 1.475758446484797, -1.152319009909462, -0.16322884245194746, 0.16322884245194774, 0.1632288424519474, 0.16322884245194755, 0.16322884245194746]","[-0.0022768860390004475, -0.005176418441531272, 0.01614114687802637]","[-0.002363936049459824, -0.00671932371917339, 0.01940175975763849]","[5.724587470723463e-17, 2.42861286636753e-16, 0.02066798941798893]","[1.475758446484797, -1.152319009909462, -0.16322884245194752]","[1.475758446484797, 1.152319009909462, 0.16322884245194752]","[1.4757584464847848, -1.1523190099094665, -0.16322884245194352]","[0.0031001984126983973, -9.64939933512099e-18, 9.920634920135198e-07]","[0.0031004547333608927, 0.0, 0.0]","[[2.3960577270780962e-05, 6.042140784393591e-21, 1.4880952380837351e-10], [6.042140784393591e-21, 2.7995547508876204e-05, -3.9229040550327337e-22], [1.4880952380837351e-10, -3.9229040550327337e-22, 3.639597287489525e-05]]","[[2.3960577270780962e-05, 6.042140784393591e-21, 1.4880952380837375e-10], [6.042140784393591e-21, 2.7995547508876204e-05, -3.9231514124370876e-22], [1.4880952380837357e-10, -3.9234591665450466e-22, 3.639197287489524e-05]]","[[2.3960577270780962e-05, -6.042140784393591e-21, -1.4880952380837375e-10], [-6.042140784393591e-21, 2.7995547508876204e-05, -3.9231514124370876e-22], [-1.4880952380837357e-10, -3.9234591665450466e-22, 3.639197287489524e-05]]","[6.403514452568889e-25, -4.491126445302609e-25, 6.529153698077902e-10]","[-0.961314773760168, -2.732400242110881, -1.92039707825291, -1.7185211587111837e-13, 44.29559252899752, 3.552713678800501e-15, -3.8716585916303764e-15, -7.880130119128754e-15, 2.7794292119282128e-14, 7.711578877924295e-15]","[-0.9635916597991685, -2.737576660552412, -1.9042559313748837, 1.4757584464846252, 43.143273519088055, -0.1632288424519439, 0.16322884245194388, 0.16322884245193953, 0.16322884245197533, 0.16322884245195518]","[0.0, 0.0, -9.81]",0,0,1.331654628603903e-17,3.1170812458958252e-19,2.3635607360183997e-17,2.3852447794681098e-17,3.2526065174565133e-19,2.913793338554793e-19,1.2212453270876722e-14,2.1055206189668496e-16,payload_5g_pos_x,rotated,4,0.001,direct actual force/reaction controls in isolated MjData; actuator lag not bypassed in any rollout
