time_sec,time_post,control_step,phase,position_1,position_2,position_3,reference_position_1,reference_position_2,reference_position_3,attitude_deg_1,attitude_deg_2,attitude_deg_3,position_error,linear_velocity_1,linear_velocity_2,linear_velocity_3,desired_velocity_1,desired_velocity_2,desired_velocity_3,velocity_error_1,velocity_error_2,velocity_error_3,desired_velocity_before_1,desired_velocity_before_2,desired_velocity_before_3,velocity_error_before_1,velocity_error_before_2,velocity_error_before_3,policy_input_time,angular_velocity_1,angular_velocity_2,angular_velocity_3,control_input_1,control_input_2,control_input_3,control_input_4,policy_action_1,policy_action_2,policy_action_3,policy_action_4,motor_thrust_1,motor_thrust_2,motor_thrust_3,motor_thrust_4,motor_thrust_command_1,motor_thrust_command_2,motor_thrust_command_3,motor_thrust_command_4,motor_command_1,motor_command_2,motor_command_3,motor_command_4,motor_omega_rad_s_1,motor_omega_rad_s_2,motor_omega_rad_s_3,motor_omega_rad_s_4,reaction_torque_nm_1,reaction_torque_nm_2,reaction_torque_nm_3,reaction_torque_nm_4,wrench_command_1,wrench_command_2,wrench_command_3,wrench_command_4,wrench_actual_1,wrench_actual_2,wrench_actual_3,wrench_actual_4,allocation_error_1,allocation_error_2,allocation_error_3,allocation_error_4,motor_effectiveness_1,motor_effectiveness_2,motor_effectiveness_3,motor_effectiveness_4,motor_thrust_before_effectiveness_1,motor_thrust_before_effectiveness_2,motor_thrust_before_effectiveness_3,motor_thrust_before_effectiveness_4,motor_thrust_applied_1,motor_thrust_applied_2,motor_thrust_applied_3,motor_thrust_applied_4,reaction_torque_before_effectiveness_nm_1,reaction_torque_before_effectiveness_nm_2,reaction_torque_before_effectiveness_nm_3,reaction_torque_before_effectiveness_nm_4,position_before_1,position_before_2,position_before_3,velocity_before_1,velocity_before_2,velocity_before_3,raw_observation_1,raw_observation_2,raw_observation_3,raw_observation_4,raw_observation_5,raw_observation_6,raw_observation_7,raw_observation_8,raw_observation_9,raw_observation_10,raw_observation_11,raw_observation_12,raw_observation_13,raw_observation_14,raw_observation_15,quaternion_1,quaternion_2,quaternion_3,quaternion_4,reward,terminated,truncated
0.0,0.01,0,HOVER,5.330979546691594e-10,5.152798743246478e-10,0.9999999199178689,0.0,0.0,1.0,-0.00046935116500162446,0.0004855813683129458,1.3714613123864733e-05,8.00855632188745e-08,1.6687577958928697e-07,1.6129817917431065e-07,-1.45040139339998e-05,-2.1323917726028373e-09,-2.0611195472996994e-09,3.20328519709534e-07,1.690081713618898e-07,1.6335929872161034e-07,-1.4824342453709334e-05,-0.0,-0.0,-0.0,0.0,0.0,0.0,0.0,-0.0011700661852955818,0.0012105269124731421,3.4194632462458685e-05,-0.0049551003612577915,0.005126500967890024,0.0014628937933593988,-0.0004227717872709036,-0.0049551003612577915,0.005126500967890024,0.0014628937933593988,-0.0004227717872709036,0.10638938350201452,0.10646559132419185,0.10639267890289941,0.10627170430813153,0.10638908315367132,0.10680969669981318,0.10640726310770622,0.1057403711451739,0.5453512958333647,0.5465037342603619,0.5454011349816277,0.5435712326455806,1581.5211457935025,1582.1269605662812,1581.547345277634,1580.585400724285,0.0006319529380019662,-0.0006324056124656996,0.0006319725126832225,-0.0006312539235903013,-3.7163252709433433e-05,3.844875725917518e-05,1.4628937933593989e-06,0.4253464141063646,-6.7383665545268055e-06,6.971384351097971e-06,2.6591462918786925e-07,0.4255193580372373,-3.0424886154906628e-05,3.147737290807721e-05,1.1969791641715296e-06,-0.00017294393087269322,1.0,1.0,1.0,1.0,0.10638938350201452,0.10646559132419185,0.10639267890289941,0.10627170430813153,0.10638938350201452,0.10646559132419185,0.10639267890289941,0.10627170430813153,0.0006319529380019662,-0.0006324056124656996,0.0006319725126832225,-0.0006312539235903013,0.0,0.0,1.0,0.0,0.0,0.0,0.0,0.0,0.0,0.0,0.0,0.0,1.0,0.0,0.0,0.0,0.0,0.0,0.0,0.0,1.0,0.9999999999826266,-4.0958621021282645e-06,4.237496477275623e-06,1.1969993891715466e-07,-3.045189156878037e-09,False,False
0.01,0.02,1,HOVER,1.2017498995930964e-08,1.1615568951128807e-08,0.9999996464244703,0.0,0.0,1.0,-0.00281315227435079,0.0029106822980418797,8.212265299807058e-05,3.5397033344271715e-07,2.291370448061155e-06,2.2147027653350895e-06,-3.685508808539383e-05,-4.8069996298995316e-08,-4.646227418871604e-08,1.4143020630186243e-06,2.3394404443601505e-06,2.2611650395238056e-06,-3.8269390148412454e-05,-2.1323917726028373e-09,-2.0611195472996994e-09,3.20328519709534e-07,1.690081713618898e-07,1.6335929872161034e-07,-1.4824342453709334e-05,0.01,-0.0049404543824493885,0.005111911334097385,0.00014433743490371853,-0.004954490810632706,0.005128461867570877,0.0014627876225858927,-0.00042134872637689114,-0.004954490810632706,0.005128461867570877,0.0014627876225858927,-0.00042134872637689114,0.10638933578210617,0.10652798861524085,0.10639537867005724,0.10617535123337765,0.10638912024779569,0.1068099507176852,0.10640757284187155,0.10574048182945918,0.5453513975270408,0.5465044298365934,0.5454019840755613,0.5435715366397421,1581.5207664032982,1582.6228925538858,1581.5688091047803,1579.8190044143553,0.0006319526545457107,-0.0006327762523745306,0.00063198854930014,-0.0006306815863262633,-3.7158681079745294e-05,3.846346400678158e-05,1.4627876225858927e-06,0.4253471256368116,-1.2253848332263208e-05,1.2681140939283311e-05,4.833651450567846e-07,0.4254880543007819,-2.4904832747482087e-05,2.578232306749827e-05,9.79422477529108e-07,-0.0001409286639703078,1.0,1.0,1.0,1.0,0.10638933578210617,0.10652798861524085,0.10639537867005724,0.10617535123337765,0.10638933578210617,0.10652798861524085,0.10639537867005724,0.10617535123337765,0.0006319526545457107,-0.0006327762523745306,0.00063198854930014,-0.0006306815863262633,5.330979431507093e-10,5.152798868249248e-10,0.9999999199178701,1.6687577958928697e-07,1.6129817917431065e-07,-1.45040139339998e-05,5.330979546691594e-10,5.152798743246478e-10,-8.008213114862883e-08,1.690081745664429e-07,1.6335930297373125e-07,-1.482434254285181e-05,1.0,-4.09586209570989e-06,4.237496341374936e-06,1.1969993352067831e-07,-0.0011700661852955818,0.0012105269124731421,3.4194632462458685e-05,2.393651641341421e-07,1.0,0.9999999993758141,-2.4549402812834986e-05,2.5400477973152076e-05,7.172788979673196e-07,-5.8057889526731307e-08,False,False
0.02,0.03,2,HOVER,7.773643062591873e-08,7.513152411320334e-08,0.9999991102578178,0.0,0.0,1.0,-0.008302621320609709,0.008592026223864402,0.00024191607462364549,8.96286142514983e-07,1.0630862155808647e-05,1.0274170083381471e-05,-6.554818997810352e-05,-3.109457131163174e-07,-3.005261024693842e-07,3.5589687161774464e-06,1.0941807868924964e-05,1.0574696185850856e-05,-6.910715869428097e-05,-4.8069996298995316e-08,-4.646227418871604e-08,1.4143020630186243e-06,2.3394404443601505e-06,2.2611650395238056e-06,-3.8269390148412454e-05,0.02,-0.010838926769793034,0.011218289844691753,0.00031658829539082944,-0.004952514078468084,0.005134706851094961,0.0014625631738454103,-0.0004163465928286314,-0.004952514078468084,0.005134706851094961,0.0014625631738454103,-0.0004163465928286314,0.10638932930343203,0.10657923925813051,0.1063977797295196,0.10609655745776592,0.10638930004149318,0.10681081179125637,0.1064086246885695,0.1057408901822667,0.5453518904319696,0.5465067877076374,0.5454048675642241,0.5435726581790558,1581.5207148955358,1583.0301668111472,1581.5878979948163,1579.1921217580723,0.0006319526160623863,-0.0006330806811932952,0.0006320028115933463,-0.0006302135512991295,-3.714385558851063e-05,3.8510301383212205e-05,1.4625631738454104e-06,0.4253496267035857,-1.6766450237564335e-05,1.7363979866215785e-05,6.611951633079313e-07,0.42546290574884804,-2.0377405350946295e-05,2.114632151699642e-05,8.013680105374791e-07,-0.00011327904526231558,1.0,1.0,1.0,1.0,0.10638932930343203,0.10657923925813051,0.1063977797295196,0.10609655745776592,0.10638932930343203,0.10657923925813051,0.1063977797295196,0.10609655745776592,0.0006319526160623863,-0.0006330806811932952,0.0006320028115933463,-0.0006302135512991295,1.2017499074748829e-08,1.161556854717901e-08,0.9999996464244842,2.291370448061155e-06,2.2147027653350895e-06,-3.685508808539383e-05,1.2017498995930964e-08,1.1615568951128807e-08,-3.535755297434662e-07,2.3394404706778005e-06,2.261165036543389e-06,-3.8269390643108636e-05,1.0,-2.4549402951379307e-05,2.5400477170478553e-05,7.172789082687814e-07,-0.0049404543824493885,0.005111911334097385,0.00014433743490371853,1.4333106719277566e-06,1.0,0.999999994561998,-7.245419995261109e-05,7.49794200860532e-05,2.1165486159844097e-06,-3.0870946763302064e-07,False,False
0.03,0.04,3,HOVER,2.9638360388162255e-07,2.864198620500247e-07,0.9999982559243108,0.0,0.0,1.0,-0.01797769256684865,0.018609866915681905,0.0005221750775060206,1.79211595263674e-06,3.152710259820727e-05,3.0464263938214087e-05,-9.92882751395813e-05,-1.1855343856574871e-06,-1.1456794614980825e-06,6.976302775463239e-06,3.271263698386476e-05,3.160994339971217e-05,-0.00010626457791504454,-3.109457131163174e-07,-3.005261024693842e-07,3.5589687161774464e-06,1.0941807868924964e-05,1.0574696185850856e-05,-6.910715869428097e-05,0.03,-0.018478142097592354,0.019134240224957466,0.0005396304186433554,-0.004949139431118965,0.0051447185687720776,0.001462216256186366,-0.00040830462239682674,-0.004949139431118965,0.0051447185687720776,0.001462216256186366,-0.00040830462239682674,0.10638937488491873,0.10662145371930916,0.1064000538157833,0.10603218069161016,0.10638958076086594,0.1068121836256552,0.10641032525998154,0.10574155804229898,0.5453526600244255,0.5465105441794399,0.5454095294218507,0.5435744924511154,1581.521077284537,1583.3655894756669,1581.6059773052523,1578.6798378904348,0.0006319528868164173,-0.0006333314350926964,0.0006320163196657527,-0.0006298311533081643,-3.711854573339224e-05,3.858538926579058e-05,1.4622162561863661e-06,0.42535364768880163,-2.0456194293581517e-05,2.1211301495014864e-05,8.06618081309338e-07,0.4254430631116214,-1.6662351439810722e-05,1.7374087770775714e-05,6.555981748770281e-07,-8.941542281976078e-05,1.0,1.0,1.0,1.0,0.10638937488491873,0.10662145371930916,0.1064000538157833,0.10603218069161016,0.10638937488491873,0.10662145371930916,0.1064000538157833,0.10603218069161016,0.0006319528868164173,-0.0006333314350926964,0.0006320163196657527,-0.0006298311533081643,7.773642827907935e-08,7.513152561734605e-08,0.999999110257821,1.0630862155808647e-05,1.0274170083381471e-05,-6.554818997810352e-05,7.773643062591873e-08,7.513152411320334e-08,-8.897421821529861e-07,1.094180788641097e-05,1.0574695807008538e-05,-6.9107161834836e-05,1.0,-7.245419692480937e-05,7.497941987821832e-05,2.11654855775123e-06,-0.010838926769793034,0.011218289844691753,0.00031658829539082944,4.2222322917950805e-06,1.0,0.9999999744958972,-0.0001568856898564271,0.00016240100936856404,4.582315370376654e-06,-1.0139451571137766e-06,False,False
0.04,0.05,4,HOVER,8.406045708397869e-07,8.122137842292432e-07,0.9999970397554989,0.0,0.0,1.0,-0.03268848527142925,0.03385210053955592,0.0009450181712097182,3.1826647297503677e-06,7.303277883089641e-05,7.055390680230858e-05,-0.0001369647993386295,-3.362418218470857e-06,-3.2488551856921507e-06,1.1840977951482756e-05,7.639519704936726e-05,7.380276198800073e-05,-0.00014880577729011225,-1.1855343856574871e-06,-1.1456794614980825e-06,6.976302775463239e-06,3.271263698386476e-05,3.160994339971217e-05,-0.00010626457791504454,0.04,-0.027540208771824837,0.028538109734654427,0.0008042050758376718,-0.004944267682731152,0.005158114712685347,0.0014617231208831072,-0.0003976053558290005,-0.004944267682731152,0.005158114712685347,0.0014617231208831072,-0.0003976053558290005,0.10638947525705136,0.10665634768587864,0.10640232996443152,0.10597964646861875,0.10638992860375385,0.10681399386750559,0.10641261072402992,0.1057424641267962,0.545353613635229,0.5465155011133623,0.5454157946387524,0.5435769809991773,1581.5218752784617,1583.6428160914588,1581.6240728970347,1578.2617235156702,0.0006319534830268851,-0.0006335387052541191,0.0006320298399887232,-0.0006295191000235954,-3.708200762048363e-05,3.86858603451401e-05,1.4617231208831072e-06,0.42535899732208554,-2.3470293356797883e-05,2.4379249715649354e-05,9.255177378938257e-07,0.4254277993759803,-1.361171426368575e-05,1.4306610629490746e-05,5.362053829892814e-07,-6.880205389475647e-05,1.0,1.0,1.0,1.0,0.10638947525705136,0.10665634768587864,0.10640232996443152,0.10597964646861875,0.10638947525705136,0.10665634768587864,0.10640232996443152,0.10597964646861875,0.0006319534830268851,-0.0006335387052541191,0.0006320298399887232,-0.0006295191000235954,2.963835964143718e-07,2.8641986537452063e-07,0.9999982559243061,3.152710259820727e-05,3.0464263938214087e-05,-9.92882751395813e-05,2.9638360388162255e-07,2.864198620500247e-07,-1.744075689202873e-06,3.271263631177135e-05,3.160994310746901e-05,-0.0001062645751517266,1.0,-0.00015688569692429155,0.00016240100376307964,4.58231534139486e-06,-0.018478142097592354,0.019134240224957466,0.0005396304186433554,9.113674423133489e-06,1.0,0.9999999156433299,-0.0002852632468521859,0.00029541294106613745,8.33110914296962e-06,-2.5859024250167707e-06,False,False
0.05,0.06,5,HOVER,1.972234258573735e-06,1.9052166635447065e-06,0.9999954281915961,0.0,0.0,1.0,-0.05312921790819475,0.05505025184236303,0.0015260380460402519,5.331134080782234e-06,0.00014460791917944165,0.00013965597462961023,-0.00017763092527247132,-7.888936687565797e-06,-7.620866757878593e-06,1.8287233490177357e-05,0.00015249685586700743,0.00014727684138748882,-0.00019591815876264867,-3.362418218470857e-06,-3.2488551856921507e-06,1.1840977951482756e-05,7.639519704936726e-05,7.380276198800073e-05,-0.00014880577729011225,0.05,-0.037764012813568115,0.03916841745376587,0.001102732727304101,-0.004937739577144384,0.005174603778868914,0.0014610623475164175,-0.0003845077008008957,-0.004937739577144384,0.005174603778868914,0.0014610623475164175,-0.0003845077008008957,0.10638962789679109,0.10668531640079854,0.1064047065205161,0.10593684702737004,0.10639031731873089,0.10681618714948594,0.10641544080215615,0.10574360087922664,0.5453546792957192,0.5465215068818754,0.5454235527685587,0.5435801030644107,1581.5230888179053,1583.8729471646718,1581.6429666145305,1577.921041628547,0.000631954389706939,-0.0006337107794207433,0.0006320439567318657,-0.000629264871342578,-3.7033046828582884e-05,3.880952834151685e-05,1.4610623475164175e-06,0.4253655461495996,-2.592902995576709e-05,2.6995239439362578e-05,1.022695675483411e-06,0.42541649784547575,-1.1104016872815794e-05,1.1814288902154274e-05,4.3836667203300646e-07,-5.095169587615578e-05,1.0,1.0,1.0,1.0,0.10638962789679109,0.10668531640079854,0.1064047065205161,0.10593684702737004,0.10638962789679109,0.10668531640079854,0.1064047065205161,0.10593684702737004,0.000631954389706939,-0.0006337107794207433,0.0006320439567318657,-0.000629264871342578,8.406045546177143e-07,8.122137964230377e-07,0.9999970397555121,7.303277883089641e-05,7.055390680230858e-05,-0.0001369647993386295,8.406045708397869e-07,8.122137842292432e-07,-2.960244501082343e-06,7.639519753865898e-05,7.38027592888102e-05,-0.0001488057750975713,0.9999999403953552,-0.0002852632605936378,0.00029541293042711914,8.33110880193999e-06,-0.027540208771824837,0.028538109734654427,0.0008042050758376718,1.649367914069444e-05,1.0,0.9999997770333561,-0.0004636462326388647,0.0004803978345598387,1.3539926080872863e-05,-5.6373278255260115e-06,False,False
0.06,0.07,6,HOVER,4.054848886880791e-06,3.91602316085482e-06,0.9999933962440082,0.0,0.0,1.0,-0.07986593552862908,0.08280884739139811,0.0022746086273427108,8.682547442500388e-06,0.00025687321723740744,0.0002479806532424012,-0.00022048755511534852,-1.62193959234413e-05,-1.5664091958332277e-05,2.641502391353967e-05,0.00027309261316084876,0.0002636447452007335,-0.0002469025790288882,-7.888936687565797e-06,-7.620866757878593e-06,1.8287233490177357e-05,0.00015249685586700743,0.00014727684138748882,-0.00019591815876264867,0.06,-0.048934824764728546,0.05081281065940857,0.0014290048275142908,-0.0049293749034404755,0.005193971563130617,0.001460227882489562,-0.00036919047124683857,-0.0049293749034404755,0.005193971563130617,0.001460227882489562,-0.00036919047124683857,0.10638982696738279,0.10670949478771175,0.10640725957784514,0.10590205740978414,0.10639072610205716,0.10681872045741496,0.10641879108505452,0.10574496711985001,0.5453557999722544,0.5465284436831754,0.5454327368632523,0.5435838554006155,1581.5246714981229,1584.0650090949184,1581.6632633844774,1577.6440874217,0.0006319555721862538,-0.0006338543990390078,0.0006320591218924001,-0.0006290582210141179,-3.6970311775803566e-05,3.895478672347963e-05,1.4602278824895621e-06,0.4253732047643766,-2.7930618553733636e-05,2.9163278439526662e-05,1.1020740255282243e-06,0.42540863874272383,-9.03969322206993e-06,9.791508283952967e-06,3.5815385696133785e-07,-3.543397834721018e-05,1.0,1.0,1.0,1.0,0.10638982696738279,0.10670949478771175,0.10640725957784514,0.10590205740978414,0.10638982696738279,0.10670949478771175,0.10640725957784514,0.10590205740978414,0.0006319555721862538,-0.0006338543990390078,0.0006320591218924001,-0.0006290582210141179,1.972234171891449e-06,1.9052166894696483e-06,0.9999954281916275,0.00014460791917944165,0.00013965597462961023,-0.00017763092527247132,1.972234258573735e-06,1.9052166635447065e-06,-4.5718084038526285e-06,0.00015249685384333134,0.00014727683446835726,-0.00019591815362218767,0.9999997615814209,-0.0004636462253984064,0.00048039783723652363,1.3539925930672325e-05,-0.037764012813568115,0.03916841745376587,0.001102732727304101,2.6634388632373884e-05,1.0,0.9999994958084427,-0.0006969758653225992,0.000722629396664635,2.035334870664233e-05,-1.1029593177283406e-05,False,False
0.07,0.08,7,HOVER,7.564138741145143e-06,7.3028431870625354e-06,0.9999909260895947,0.0,0.0,1.0,-0.11335910368599916,0.11762935453837359,0.0031941138667889364,1.388825271778699e-05,0.0004214097628478046,0.0004066326636655626,-0.00026487198312460827,-3.025655508316209e-05,-2.921137219698176e-05,3.6295642308559195e-05,0.0004516663179309667,0.00043584403586254434,-0.00030116762543316747,-1.62193959234413e-05,-1.5664091958332277e-05,2.641502391353967e-05,0.00027309261316084876,0.0002636447452007335,-0.0002469025790288882,0.07,-0.060875773429870605,0.0632990151643753,0.001777932746335864,-0.004918965976685286,0.005216056946665049,0.0014592318329960108,-0.0003517728764563799,-0.004918965976685286,0.005216056946665049,0.0014592318329960108,-0.0003517728764563799,0.10639006463370154,0.10672980596443515,0.1064100492757164,0.10587386672759168,0.10639113809256791,0.10682155882161,0.10642264965069143,0.10574656699690255,0.5453569294399685,0.5465362157434099,0.5454433142016034,0.5435882493934269,1581.5265610265988,1584.2263417266736,1581.6854412780779,1577.4196463330875,0.0006319569839241872,-0.0006339750474287448,0.0006320756926977554,-0.0006288907683618945,-3.689224482513964e-05,3.912042709998786e-05,1.4592318329960108e-06,0.42538191356177185,-2.9555174700165478e-05,3.096828873703616e-05,1.1668608313033027e-06,0.4254037866014448,-7.337070124974161e-06,8.152138362951704e-06,2.923710016927081e-07,-2.187303967293719e-05,1.0,1.0,1.0,1.0,0.10639006463370154,0.10672980596443515,0.1064100492757164,0.10587386672759168,0.10639006463370154,0.10672980596443515,0.1064100492757164,0.10587386672759168,0.0006319569839241872,-0.0006339750474287448,0.0006320756926977554,-0.0006288907683618945,4.054848980860325e-06,3.916022989583069e-06,0.9999933962440216,0.00025687321723740744,0.0002479806532424012,-0.00022048755511534852,4.054848886880791e-06,3.91602316085482e-06,-6.603755991818616e-06,0.0002730926207732409,0.00026364473160356283,-0.00024690257851034403,0.9999995231628418,-0.0006969758542254567,0.0007226294255815446,2.0353349100332707e-05,-0.048934824764728546,0.05081281065940857,0.0014290048275142908,3.969940735260025e-05,1.0,0.9999989834198241,-0.0009892726692238495,0.0010264815197615538,2.8889342025465893e-05,-1.9916865101311778e-05,False,False
0.08,0.09,8,HOVER,1.3096509064780548e-05,1.263942067453172e-05,0.999988005753039,0.0,0.0,1.0,-0.15398208012382825,0.1599298187704671,0.004282130647129058,2.179760227255102e-05,0.0006505966258838908,0.0006274442567173388,-0.0003102506246485959,-5.238603507073474e-05,-5.0557682723846204e-05,4.797698948433293e-05,0.0007029826609546254,0.000678001939441185,-0.00035822761413292883,-3.025655508316209e-05,-2.921137219698176e-05,3.6295642308559195e-05,0.0004516663179309667,0.00043584403586254434,-0.00030116762543316747,0.08,-0.07344084978103638,0.07648750394582748,0.002145345089957118,-0.004906288348138332,0.005240733735263348,0.0014581100549548864,-0.00033232453279197216,-0.004906288348138332,0.005240733735263348,0.0014581100549548864,-0.00033232453279197216,0.106390332232487,0.10674700066632166,0.10641312449261467,0.10585112179097922,0.1063915408865219,0.10682467343510932,0.10642701451689249,0.10574840889508037,0.5453580336941636,0.5465447441641097,0.5454552793050595,0.5435933080621934,1581.5286885269172,1584.3629129409196,1581.7098888269552,1577.2385487567112,0.0006319585734609728,-0.0006340771839579507,0.0006320939594861311,-0.0006287556634384166,-3.679716261103749e-05,3.930550301447511e-05,1.4581100549548864e-06,0.42539163773360406,-3.086797728091848e-05,3.247961799454505e-05,1.2196855507366246e-06,0.4254015791824025,-5.929185330119012e-06,6.825885019930059e-06,2.3842450421826183e-07,-9.941448798456154e-06,1.0,1.0,1.0,1.0,0.106390332232487,0.10674700066632166,0.10641312449261467,0.10585112179097922,0.106390332232487,0.10674700066632166,0.10641312449261467,0.10585112179097922,0.0006319585734609728,-0.0006340771839579507,0.0006320939594861311,-0.0006287556634384166,7.564138770790522e-06,7.30284304924544e-06,0.9999909260894229,0.0004214097628478046,0.0004066326636655626,-0.00026487198312460827,7.564138741145143e-06,7.3028431870625354e-06,-9.073910405277275e-06,0.0004516663320828229,0.00043584403465501964,-0.0003011676308233291,0.9999989867210388,-0.0009892727248370647,0.0010264815064147115,2.888934250222519e-05,-0.060875773429870605,0.0632990151643753,0.001777932746335864,5.574780152528547e-05,1.0,0.9999981224840558,-0.0013437974975830534,0.0013955989967274292,3.924396858676426e-05,-3.3784602259975025e-05,False,False
0.09,0.1,9,HOVER,2.1376248696469702e-05,2.0621460862457752e-05,0.9999846278406039,0.0,0.0,1.0,-0.20203616314445363,0.21006075401427055,0.0055305781024366845,3.3443862530115166e-05,0.0009574793235164989,0.0009228373422626562,-0.00035621533344740863,-8.55049918981868e-05,-8.248584102541737e-05,6.148863969324125e-05,0.0010429843154146857,0.0010053231832880735,-0.0004177039731406499,-5.238603507073474e-05,-5.0557682723846204e-05,4.797698948433293e-05,0.0007029826609546254,0.000678001939441185,-0.00035822761413292883,0.09,-0.08650919795036316,0.09026549756526947,0.0025278227403759956,-0.004891104530543089,0.005267910193651915,0.0014569126069545746,-0.00031088083051145077,-0.004891104530543089,0.005267910193651915,0.0014569126069545746,-0.00031088083051145077,0.1063906208497183,0.10676168930903858,0.10641652622784466,0.1058328807168563,0.1063919244372396,0.10682804030745907,0.1064318910964587,0.10575050374358697,0.5453590851921317,0.5465539632360328,0.5454686469603715,0.5435990614127464,1581.5309831291652,1584.4795742832607,1581.736931907012,1577.0933030276383,0.0006319602878473267,-0.0006341644344956892,0.0006321141657933973,-0.0006286473114581264,-3.668328397907317e-05,3.9509326452389356e-05,1.4569126069545745e-06,0.4254023595847443,-3.1922143132947535e-05,3.375391242026182e-05,1.2627076869083445e-06,0.42540171710345787,-4.761140846125633e-06,5.755414032127534e-06,1.9420492004623004e-07,6.424812864502805e-07,1.0,1.0,1.0,1.0,0.1063906208497183,0.10676168930903858,0.10641652622784466,0.1058328807168563,0.1063906208497183,0.10676168930903858,0.10641652622784466,0.1058328807168563,0.0006319602878473267,-0.0006341644344956892,0.0006321141657933973,-0.0006286473114581264,1.3096508767683684e-05,1.2639420680961551e-05,0.9999880057526289,0.0006505966258838908,0.0006274442567173388,-0.0003102506246485959,1.3096509064780548e-05,1.263942067453172e-05,-1.1994246960966848e-05,0.0007029826520010829,0.0006780019612051547,-0.00035822761128656566,0.999998152256012,-0.0013437975430861115,0.0013955989852547646,3.9243968785740435e-05,-0.07344084978103638,0.07648750394582748,0.002145345089957118,7.47372760088183e-05,1.0,0.9999967642501167,-0.001763182689062043,0.0018330369183710098,5.149522011619266e-05,-5.448203847926782e-05,False,True
