time,time_post,phase,phase_post,reference_0,reference_1,reference_2,reference_post_0,reference_post_1,reference_post_2,observation_0,observation_1,observation_2,observation_3,observation_4,observation_5,observation_6,observation_7,observation_8,observation_9,observation_10,observation_11,observation_12,observation_13,observation_14,action_0,action_1,action_2,action_3,action_applied_0,action_applied_1,action_applied_2,action_applied_3,reward,terminated,truncated,position_before_0,position_before_1,position_before_2,quaternion_before_0,quaternion_before_1,quaternion_before_2,quaternion_before_3,velocity_before_0,velocity_before_1,velocity_before_2,omega_before_0,omega_before_1,omega_before_2,position_0,position_1,position_2,quaternion_0,quaternion_1,quaternion_2,quaternion_3,velocity_0,velocity_1,velocity_2,omega_0,omega_1,omega_2,motor_thrust_command_0,motor_thrust_command_1,motor_thrust_command_2,motor_thrust_command_3,motor_thrust_0,motor_thrust_1,motor_thrust_2,motor_thrust_3,wrench_command_0,wrench_command_1,wrench_command_2,wrench_command_3,wrench_actual_0,wrench_actual_1,wrench_actual_2,wrench_actual_3,motor_omega_0,motor_omega_1,motor_omega_2,motor_omega_3,reward_terms_position,reward_terms_velocity,reward_terms_tilt,reward_terms_angular_velocity,reward_terms_yaw,reward_terms_action,reward_terms_action_rate,reward_terms_crash,reward_terms_total,reward_raw_position_sq,reward_raw_position_sq_xy,reward_raw_position_sq_z,reward_raw_velocity_sq,reward_raw_tilt_error,reward_raw_angular_velocity_sq,reward_raw_yaw_error_sq,reward_raw_action_sq,reward_raw_action_rate_sq,reward_costs_position_xy,reward_costs_position_z
0.0,0.01,STEP,STEP,0.5,0.0,1.0,0.5,0.0,1.0,-0.5,0.0,0.0,0.0,0.0,0.0,1.0,0.0,0.0,0.0,0.0,0.0,0.0,0.0,1.0,-0.05926556885242462,1.0,0.4315676987171173,-0.010935027152299881,-0.05926556885242462,1.0,0.4315676987171173,-0.010935027152299881,-2.50006585327545,False,False,0.0,0.0,1.0,1.0,0.0,0.0,0.0,0.0,0.0,0.0,0.0,0.0,0.0,1.082292390811519e-07,1.3326626637782407e-08,0.9999967910897379,0.9999996179643599,-0.00010490085440928154,0.0008668780755327647,3.9866619109609046e-05,3.3848565910586504e-05,4.1536778478058285e-06,-0.0006636572863124253,-0.029955867479884147,0.24763890378132872,0.011388507379222024,0.07329573967057008,0.14303552666952846,0.17307665090811566,0.03068236917563593,0.10010107399034297,0.11281264827297599,0.1178730314441566,0.09033979418384466,-0.00044449176639318463,0.0075,0.0004315676987171173,0.4200902864238501,-0.0001662002005416571,0.0014228553121008198,8.804067808741278e-05,0.4211265478913202,1531.0703871592152,1632.1481360360585,1671.4548330031785,1450.751402299254,-2.4999989177695108,-2.2080198606471954e-09,-4.574890722571122e-06,-6.235207876281715e-05,-6.328433977347239e-09,-0.0,-0.0,0.0,-2.50006585327545,0.2499998917810699,0.2499998917707728,1.0297105069984222e-11,4.4160397212943907e-07,1.524963574190374e-06,0.062352078762817155,6.328433977347239e-09,1.1898826360702515,1.1898826610462117,2.499998917707728,6.178263041990534e-11
0.01,0.02,STEP,STEP,0.5,0.0,1.0,0.5,0.0,1.0,-0.49999988079071045,1.3326626913112705e-08,-3.208910356988781e-06,3.384856609045528e-05,4.153677764406893e-06,-0.0006636572652496397,0.9999996423721313,-0.00010490085696801543,0.0008668780792504549,3.98666197725106e-05,-0.029955867677927017,0.24763891100883484,0.011388507671654224,7.955145701998845e-05,1.0,-0.049607351422309875,1.0,0.41810789704322815,-0.010564655065536499,-0.049607351422309875,1.0,0.41810789704322815,-0.010564655065536499,-2.5012391530800175,False,False,1.082292390811519e-07,1.3326626637782407e-08,0.9999967910897379,0.9999996179643599,-0.00010490085440928154,0.0008668780755327647,3.9866619109609046e-05,3.3848565910586504e-05,4.1536778478058285e-06,-0.0006636572863124253,-0.029955867479884147,0.24763890378132872,0.011388507379222024,2.424053493936132e-06,2.8930119457855486e-07,0.9999821848994253,0.9999863811976627,-0.000592014299833957,0.005179898870868616,0.00023576674791064275,0.000461310834238358,5.443297058019309e-05,-0.0020635874089916214,-0.11641358939981583,1.041287642376611,0.0472185141543956,0.07226333697193994,0.14313610390977788,0.1730686666895571,0.03180736489595691,0.09483663704358365,0.11816804209707055,0.1275107802035758,0.07814096183547789,-0.00037205513566732404,0.0075,0.00041810789704322814,0.4202754724672318,-0.000259963091227086,0.0025703517540701312,0.00015466817508878945,0.4186564211797079,1488.0786682571254,1673.7317129091064,1745.075591214244,1346.2414374742273,-2.499975761428925,-2.2370818143103137e-08,-0.00016309099946180315,-0.001100061666042139,-2.1661477059978265e-07,-0.0,-0.0,0.0,-2.5012391530800175,0.2499975762698436,0.24999757595246577,3.1737780848836275e-10,4.474163628620627e-06,5.436366648726772e-05,1.100061666042139,2.1661477059978265e-07,1.17738676071167,0.0002745845995377749,2.499975759524658,1.9042668509301765e-09
0.02,0.03,STEP,STEP,0.5,0.0,1.0,0.5,0.0,1.0,-0.4999975860118866,2.893011981086602e-07,-1.781510036380496e-05,0.0004613108467310667,5.4432970500783995e-05,-0.0020635873079299927,0.9999864101409912,-0.0005920142866671085,0.00517989881336689,0.00023576675448566675,-0.11641358584165573,1.0412876605987549,0.04721851274371147,0.0004654189106076956,0.9999998807907104,-0.018395977094769478,0.9595275521278381,0.3675887882709503,0.0016124173998832703,-0.018395977094769478,0.9595275521278381,0.3675887882709503,0.0016124173998832703,-2.5064318938491486,False,False,2.424053493936132e-06,2.8930119457855486e-07,0.9999821848994253,0.9999863811976627,-0.000592014299833957,0.005179898870868616,0.00023576674791064275,0.000461310834238358,5.443297058019309e-05,-0.0020635874089916214,-0.11641358939981583,1.041287642376611,0.0472185141543956,1.5612771677221084e-05,1.794257974784353e-06,0.9999519604268341,0.9998829434584384,-0.001612246996974108,0.015199886025229923,0.0006808122576110748,0.0021308070522280025,0.00023958164641917887,-0.0036577064998070687,-0.2260696532960473,2.263448760905866,0.10034044178870746,0.07215039321639946,0.14298281786827274,0.1719734283280958,0.0392573692871737,0.09057220451396276,0.12257622923806902,0.13535393965240475,0.07037246947318795,-0.0001379698282107711,0.0071964566409587856,0.0003675887882709503,0.4263640086999417,-0.0002624056806677542,0.0034289221723069864,0.00019588602600335668,0.4188748428776245,1452.6950941219918,1707.573026336733,1803.939765114645,1276.7439560450073,-2.4998438885998118,-8.988277448928196e-08,-0.0014018152533553918,-0.005184375985646049,-1.7241275608735726e-06,-0.0,-0.0,0.0,-2.5064318938491486,0.2499843897831014,0.2499843874753008,2.307800589962181e-09,1.7976554897856392e-05,0.00046727175111846393,5.1843759856460485,1.7241275608735726e-06,1.0561556816101074,0.005312630441039801,2.499843874753008,1.3846803539773087e-08
0.03,0.04,STEP,STEP,0.5,0.0,1.0,0.5,0.0,1.0,-0.49998438358306885,1.7942579688678961e-06,-4.803957199328579e-05,0.0021308071445673704,0.00023958164092618972,-0.0036577065475285053,0.9998829364776611,-0.0016122469678521156,0.015199885703623295,0.0006808122852817178,-0.22606965899467468,2.263448715209961,0.10034044086933136,0.0013130600564181805,0.9999991655349731,0.029363540932536125,0.541302502155304,0.3218700885772705,-0.02164211869239807,0.029363540932536125,0.541302502155304,0.3218700885772705,-0.02164211869239807,-2.5196643144997757,False,False,1.5612771677221084e-05,1.794257974784353e-06,0.9999519604268341,0.9998829434584384,-0.001612246996974108,0.015199886025229923,0.0006808122576110748,0.0021308070522280025,0.00023958164641917887,-0.0036577064998070687,-0.2260696532960473,2.263448760905866,0.10034044178870746,5.921266757719718e-05,6.511048300844847e-06,0.999905096079744,0.9994720779754562,-0.003132814864413409,0.032306453228310036,0.0014296496969505275,0.00626571285090172,0.0006651522718988966,-0.005414564770689699,-0.3218904013030715,3.714478016367513,0.16381988007242754,0.08696647866139323,0.11728738796031604,0.1474953334649408,0.06298754056715095,0.08991503583748374,0.12161287488456876,0.1375371869830512,0.0690117843866627,0.00022022655699402094,0.004059768766164779,0.0003218700885772705,0.414736740653801,-0.0001760304008019309,0.0035433927083050065,0.0002187557274828627,0.4180768820917664,1447.1948470866353,1700.2057346447261,1820.1772027114278,1264.2958868753421,-2.49940796285009,-3.450954836538061e-07,-0.006321128695006043,-0.01392779731763553,-7.080541560205936e-06,-0.0,-0.0,0.0,-2.5196643144997757,0.24994079988771065,0.24994079088095655,9.006754079960542e-09,6.901909673076122e-05,0.0021070428983353475,13.927797317635529,7.080541560205936e-06,0.3979393243789673,0.17982414364814758,2.4994079088095655,5.4040524479763254e-08
0.04,0.05,STEP,STEP,0.5,0.0,1.0,0.5,0.0,1.0,-0.49994078278541565,6.511048468382796e-06,-9.490391676081344e-05,0.0062657129019498825,0.0006651522708125412,-0.005414564628154039,0.9994720816612244,-0.003132814774289727,0.032306455075740814,0.0014296496519818902,-0.3218904137611389,3.714478015899658,0.16381987929344177,0.0026609255000948906,0.9999964833259583,0.050478607416152954,0.1409461796283722,0.3104412257671356,-0.10241016000509262,0.050478607416152954,0.1409461796283722,0.3104412257671356,-0.10241016000509262,-2.544001241036956,False,False,5.921266757719718e-05,6.511048300844847e-06,0.999905096079744,0.9994720779754562,-0.003132814864413409,0.032306453228310036,0.0014296496969505275,0.00626571285090172,0.0006651522718988966,-0.005414564770689699,-0.3218904013030715,3.714478016367513,0.16381988007242754,0.0001656582574309125,1.7366577540318805e-05,0.9998332339269305,0.9983876499058058,-0.004978335085442305,0.05648913080308466,0.002508943293787735,0.014138625444969324,0.0014123031142689888,-0.008665651364453075,-0.37942995989556855,5.1129758767056535,0.23374463259160022,0.09650195842159441,0.08532028538958888,0.11680581788749739,0.07572465829877308,0.09109787537617071,0.11475636585919465,0.13371677354094788,0.07021206293143686,0.00037858955562114716,0.0010570963472127915,0.0003104412257671356,0.37435271999745373,-6.80726853951796e-05,0.0030816549746265735,0.00023668654755133333,0.40978307770775013,1457.0854018920984,1647.3032754719322,1791.7229680211353,1275.2810288565565,-2.4983438617337925,-1.3849442156497766e-06,-0.019294834314665728,-0.026341125963505678,-2.003408077611559e-05,-0.0,-0.0,0.0,-2.544001241036956,0.24983439729774848,0.24983436948682536,2.781092312703358e-08,0.0002769888431299553,0.006431611438221909,26.34112596350568,2.003408077611559e-05,0.12927550077438354,0.16738513112068176,2.498343694868254,1.6686553876220148e-07
0.05,0.06,STEP,STEP,0.5,0.0,1.0,0.5,0.0,1.0,-0.4998343288898468,1.736657759465743e-05,-0.0001667660690145567,0.014138625003397465,0.001412303070537746,-0.008665651082992554,0.9983876347541809,-0.0049783349968492985,0.05648913234472275,0.0025089432019740343,-0.37942996621131897,5.11297607421875,0.23374463617801666,0.0044759297743439674,0.9999899864196777,-0.005064966157078743,-0.13163913786411285,0.28911224007606506,-0.15555714070796967,-0.005064966157078743,-0.13163913786411285,0.28911224007606506,-0.15555714070796967,-2.581137074717804,False,False,0.0001656582574309125,1.7366577540318805e-05,0.9998332339269305,0.9983876499058058,-0.004978335085442305,0.05648913080308466,0.002508943293787735,0.014138625444969324,0.0014123031142689888,-0.008665651364453075,-0.37942995989556855,5.1129758767056535,0.23374463259160022,0.0003784938516949072,3.782864132423673e-05,0.9997117729884799,0.9962061512595005,-0.006986856889349224,0.08665454891433662,0.003934104217461626,0.026725030157081425,0.002517956324996121,-0.014930056664490004,-0.4104080699433965,6.265750330236411,0.30830500012332124,0.10636273043330356,0.0680641103291472,0.09186293153415395,0.08148945734941052,0.09380945915867485,0.10573261132818079,0.12581344789863105,0.07221218830543691,-3.798724617809057e-05,-0.0009872935339808463,0.00028911224007606505,0.3477792296460152,-5.361353406795836e-05,0.0023166155778702614,0.00024756795809670784,0.3975677066909236,1479.6033628538444,1576.294768254756,1732.219050216193,1293.4379336466482,-2.4962170068179304,-4.71736966478191e-06,-0.04534696210043642,-0.0395231139578334,-4.527447193882038e-05,-0.0,-0.0,0.0,-2.581137074717804,0.2496217339117171,0.24962165083690693,8.307481016980351e-08,0.0009434739329563819,0.015115654033478807,39.5231139578334,4.527447193882038e-05,0.12513843178749084,0.08066737651824951,2.4962165083690695,4.98448861018821e-07
0.06,0.07,STEP,STEP,0.5,0.0,1.0,0.5,0.0,1.0,-0.49962151050567627,3.782864223467186e-05,-0.00028822702006436884,0.026725029572844505,0.0025179563090205193,-0.014930056408047676,0.9962061643600464,-0.006986856926232576,0.08665455132722855,0.0039341039955616,-0.410408079624176,6.265750408172607,0.3083049952983856,0.006728580221533775,0.9999773502349854,-0.08801475167274475,-0.30396413803100586,0.24099896848201752,-0.1571648269891739,-0.08801475167274475,-0.30396413803100586,0.24099896848201752,-0.1571648269891739,-2.631689537648653,False,False,0.0003784938516949072,3.782864132423673e-05,0.9997117729884799,0.9962061512595005,-0.006986856889349224,0.08665454891433662,0.003934104217461626,0.026725030157081425,0.002517956324996121,-0.014930056664490004,-0.4104080699433965,6.265750330236411,0.30830500012332124,0.0007489586466345502,7.162606126937695e-05,0.9995066238636782,0.9925767054278682,-0.009188934224100283,0.12113748576165306,0.005723362047742384,0.044673915951859246,0.004008395636964731,-0.024708336497074865,-0.45994102811843685,7.08226670282359,0.38457090527024507,0.11767492003781595,0.06514823690525284,0.07609888167297285,0.08805334788937146,0.0980127240521706,0.0979071666393494,0.11626109591340188,0.07500248444600724,-0.0006601106375455857,-0.002279731035232544,0.0002409989684820175,0.3469753865054131,-0.00016462385179177993,0.0014549662260994437,0.000245703163148482,0.3871834710509291,1514.1028117380974,1513.2421997289987,1658.9861217435694,1318.471816790563,-2.4925175347471966,-1.311163947254452e-05,-0.08855236181297724,-0.050517942180450755,-8.858726855594854e-05,-0.0,-0.0,0.0,-2.631689537648653,0.2492518508427244,0.2492516074227125,2.434200118918595e-07,0.002622327894508904,0.029517453937659078,50.51794218045075,8.858726855594854e-05,0.18292208015918732,0.03889404609799385,2.492516074227125,1.4605200713511569e-06
0.07,0.08,STEP,STEP,0.5,0.0,1.0,0.5,0.0,1.0,-0.49925103783607483,7.162606198107824e-05,-0.0004933761083520949,0.04467391595244408,0.0040083955973386765,-0.02470833621919155,0.9925767183303833,-0.009188934229314327,0.12113748490810394,0.005723361857235432,-0.459941029548645,7.082266807556152,0.3845708966255188,0.009411942213773727,0.9999557137489319,-0.13973012566566467,-0.4275568425655365,0.16389083862304688,-0.12082002311944962,-0.13973012566566467,-0.4275568425655365,0.16389083862304688,-0.12082002311944962,-2.6950277498848387,False,False,0.0007489586466345502,7.162606126937695e-05,0.9995066238636782,0.9925767054278682,-0.009188934224100283,0.12113748576165306,0.005723362047742384,0.044673915951859246,0.004008395636964731,-0.024708336497074865,-0.45994102811843685,7.08226670282359,0.38457090527024507,0.0013336166354511075,0.00012297584341650392,0.9991844678930131,0.9873230299847282,-0.011826154326735292,0.15808475977542555,0.007911084777795735,0.06846255420338027,0.005954138623586913,-0.037606309248986884,-0.5693105256488903,7.539016761712587,0.4583173582599148,0.12826993285568,0.06912472140536281,0.06809948650107771,0.09965364767815471,0.1033198694189122,0.09244557309210007,0.10694297888982396,0.07929472550241404,-0.001047975942492485,-0.0032066763192415237,0.00016389083862304688,0.36514778844027523,-0.0003368531811892648,0.0005930432518774344,0.00022882394530247894,0.38200314690325027,1557.0108504335885,1468.3037815508992,1585.919036119099,1356.3521236219838,-2.486685760765078,-3.0684037950650536e-05,-0.15078389519648258,-0.057370943008880314,-0.000156466876447141,-0.0,-0.0,0.0,-2.6950277498848387,0.24866884211355483,0.2486681770209373,6.650926175265365e-07,0.006136807590130107,0.05026129839882753,57.37094300888031,0.000156466876447141,0.24378705024719238,0.025216246023774147,2.486681770209373,3.9905557051592194e-06
0.08,0.09,STEP,STEP,0.5,0.0,1.0,0.5,0.0,1.0,-0.498666375875473,0.0001229758490808308,-0.0008155321120284498,0.0684625506401062,0.005954138468950987,-0.03760631009936333,0.9873230457305908,-0.01182615477591753,0.15808476507663727,0.007911085151135921,-0.5693105459213257,7.5390167236328125,0.458317369222641,0.012508345767855644,0.9999217391014099,-0.16149094700813293,-0.5201411843299866,0.0684848502278328,-0.06690941751003265,-0.16149094700813293,-0.5201411843299866,0.0684848502278328,-0.06690941751003265,-2.7688023398204815,False,False,0.0013336166354511075,0.00012297584341650392,0.9991844678930131,0.9873230299847282,-0.011826154326735292,0.15808475977542555,0.007911084777795735,0.06846255420338027,0.005954138623586913,-0.037606309248986884,-0.5693105256488903,7.539016761712587,0.4583173582599148,0.0021933408202898354,0.00019725559424200778,0.9987184011156903,0.9804965076866649,-0.015234776203234669,0.19566086011883566,0.010551200208936,0.09849607553991345,0.00850421140330135,-0.05289272177135628,-0.7539193003576931,7.643582829723794,0.5250413041764531,0.1370574811772776,0.07612293027127724,0.0647587824778601,0.11416389731856877,0.10923658929051397,0.08940884014948292,0.09879346811297288,0.08530803712082655,-0.001211182102560997,-0.0039010588824748994,6.848485022783279e-05,0.3921030912449837,-0.0005142004403101115,-0.0002242326581538192,0.00019788028999107358,0.3827469346737963,1604.0690454090109,1442.949226299973,1520.4592829474855,1408.2566545352122,-2.4781249433085373,-6.285719262369243e-05,-0.2310916235304313,-0.05926842115739155,-0.00025449463149745743,-0.0,-0.0,0.0,-2.7688023398204815,0.24781315132913384,0.24781150883343359,1.642495700263806e-06,0.012571438524738484,0.07703054117681044,59.26842115739155,0.00025449463149745743,0.30579322576522827,0.02105404995381832,2.4781150883343357,9.854974201582837e-06
0.09,0.1,STEP,STEP,0.5,0.0,1.0,0.5,0.0,1.0,-0.4978066682815552,0.00019725559104699641,-0.0012815989321097732,0.09849607199430466,0.008504210971295834,-0.05289272218942642,0.9804965257644653,-0.015234775841236115,0.19566085934638977,0.01055120024830103,-0.7539193034172058,7.643582820892334,0.5250412821769714,0.015952210873365402,0.9998727440834045,-0.16448289155960083,-0.5865251421928406,-0.03911982849240303,-0.00724087655544281,-0.16448289155960083,-0.5865251421928406,-0.03911982849240303,-0.00724087655544281,-2.848829864291324,False,False,0.0021933408202898354,0.00019725559424200778,0.9987184011156903,0.9804965076866649,-0.015234776203234669,0.19566086011883566,0.010551200208936,0.09849607553991345,0.00850421140330135,-0.05289272177135628,-0.7539193003576931,7.643582829723794,0.5250413041764531,0.0033926258970735364,0.0003018657582093238,0.9980888119522935,0.9723808399050885,-0.019741674962717125,0.2321588937209167,0.013711911661806199,0.13510269985992523,0.011896837826879645,-0.06987108280252535,-1.0097496566834987,7.418577758785816,0.5805722202458043,0.14366648046491323,0.08474841290784987,0.06400928553996318,0.12951318280955237,0.11528976496027782,0.08855793464757714,0.09211849852773184,0.09289713798700752,-0.0012336216866970062,-0.004398938566446304,-3.911982849240303e-05,0.42193736172227864,-0.0006658075906571018,-0.0009726326587882242,0.00015416195366934455,0.3888633361225943,1651.4494990168155,1435.7946100768822,1465.586065667552,1472.0508205583883,-2.4662116672019216,-0.00011638121235858735,-0.3257249139843208,-0.05639195443524517,-0.0003849474574779533,-0.0,-0.0,0.0,-2.848829864291324,0.24662262777609364,0.24661897513633996,3.6526397536962345e-06,0.02327624247171747,0.10857497132810694,56.39195443524517,0.0003849474574779533,0.3726491630077362,0.019554883241653442,2.4661897513633995,2.1915838522177406e-05
0.1,0.11,STEP,STEP,0.5,0.0,1.0,0.5,0.0,1.0,-0.49660736322402954,0.00030186574440449476,-0.0019111880101263523,0.13510270416736603,0.011896837502717972,-0.06987108290195465,0.9723808169364929,-0.01974167488515377,0.23215889930725098,0.013711911626160145,-1.0097496509552002,7.418577671051025,0.580572247505188,0.019618818536400795,0.9998075366020203,-0.1547137051820755,-0.6265266537666321,-0.15947112441062927,0.05451957881450653,-0.1547137051820755,-0.6265266537666321,-0.15947112441062927,0.05451957881450653,-2.929425595987245,False,False,0.0033926258970735364,0.0003018657582093238,0.9980888119522935,0.9723808399050885,-0.019741674962717125,0.2321588937209167,0.013711911661806199,0.13510269985992523,0.011896837826879645,-0.06987108280252535,-1.0097496566834987,7.418577758785816,0.5805722202458043,0.004998575657771707,0.0004471307515346376,0.9972822996823693,0.9634558866535566,-0.02560609552582551,0.2660677653567856,0.01746501023698676,0.1784930272179183,0.01646033153403608,-0.08796968767981263,-1.3221916962341362,6.895702536110526,0.6210105723783146,0.1479245736916823,0.09489424489633802,0.06506072569118432,0.1449380451280487,0.12105044142082999,0.0896959306604567,0.08697836427135244,0.10183245125715894,-0.0011603527888655663,-0.004698949903249741,-0.00015947112441062926,0.4528175894072533,-0.0007755316019233708,-0.001633704973316187,9.801251722092676e-05,0.3995571876097981,1695.8973097734859,1445.3581063686586,1422.4528196046112,1545.0548293934287,-2.450310415637536,-0.00019934684615055342,-0.4286863673401873,-0.049684558479117284,-0.0005449076842540126,-0.0,-0.0,0.0,-2.929425595987245,0.24503399592176014,0.2450266100267437,7.38589501645025e-06,0.03986936923011068,0.14289545578006244,49.684558479117285,0.0005449076842540126,0.44487541913986206,0.019994346424937248,2.450266100267437,4.43153700987015e-05
0.11,0.12,STEP,STEP,0.5,0.0,1.0,0.5,0.0,1.0,-0.4950014352798462,0.0004471307620406151,-0.002717700321227312,0.17849302291870117,0.01646033115684986,-0.08796969056129456,0.9634559154510498,-0.025606095790863037,0.266067773103714,0.017465010285377502,-1.3221917152404785,6.895702362060547,0.6210106015205383,0.023341137915849686,0.9997275471687317,-0.13305899500846863,-0.635918915271759,-0.29680266976356506,0.1211508959531784,-0.13305899500846863,-0.635918915271759,-0.29680266976356506,0.1211508959531784,-3.0040841486049814,False,False,0.004998575657771707,0.0004471307515346376,0.9972822996823693,0.9634558866535566,-0.02560609552582551,0.2660677653567856,0.01746501023698676,0.1784930272179183,0.01646033153403608,-0.08796968767981263,-1.3221916962341362,6.895702536110526,0.6210105723783146,0.0070796239270844025,0.0006471978502005996,0.9962908546650753,0.9543305887260166,-0.03299072897960536,0.2961188998857316,0.021870901986718136,0.22875010599083914,0.022612988834650006,-0.10665287971527944,-1.6706161926667176,6.114940896156741,0.6424217248084494,0.14982322035686363,0.10735657662766099,0.06826001392069321,0.16069343707137146,0.12615358668966264,0.09282254763705236,0.08347036823832725,0.11197039202319573,-0.0009979424625635148,-0.004769391864538192,-0.00029680266976356507,0.48613324797658924,-0.0008320931500748643,-0.0021860372266190617,2.869623069038632e-05,0.414416894588238,1734.799000128576,1471.4322824762883,1392.5302701771113,1625.5580938342653,-2.429791706683912,-0.0003210639750320901,-0.5326487464088502,-0.0405961662991963,-0.0007264652379903597,-0.0,-0.0,0.0,-3.0040841486049814,0.24298467377203747,0.24297091601292187,1.3757759115593843e-05,0.06421279500641801,0.17754958213628338,40.596166299196305,0.0007264652379903597,0.5248669385910034,0.02385682612657547,2.4297091601292187,8.254655469356306e-05
0.12,0.13,STEP,STEP,0.5,0.0,1.0,0.5,0.0,1.0,-0.4929203689098358,0.0006471978267654777,-0.0037091453559696674,0.2287501096725464,0.02261298894882202,-0.1066528782248497,0.954330563545227,-0.032990727573633194,0.2961188852787018,0.021870901808142662,-1.6706161499023438,6.114941120147705,0.6424217224121094,0.02694975584745407,0.9996367692947388,-0.09624303132295609,-0.6077148914337158,-0.45458903908729553,0.20304511487483978,-0.09624303132295609,-0.6077148914337158,-0.45458903908729553,0.20304511487483978,-3.0663234252458667,False,False,0.0070796239270844025,0.0006471978502005996,0.9962908546650753,0.9543305887260166,-0.03299072897960536,0.2961188998857316,0.021870901986718136,0.22875010599083914,0.022612988834650006,-0.10665287971527944,-1.6706161926667176,6.114940896156741,0.6424217248084494,0.009704626127045864,0.0009209750390118353,0.9951126054508889,0.9456553433299443,-0.041943739469258376,0.3213252770412679,0.026958499313069182,0.28590441502427133,0.03087115319478806,-0.1252249720129023,-2.0294026943311216,5.126412024749643,0.6405757066534539,0.1499709186367585,0.12377747299274308,0.07530418945170772,0.17802777635621062,0.13039776643625614,0.09823311023392843,0.08196875446562102,0.12340175003711026,-0.0007218227349221706,-0.004557861685752868,-0.00045458903908729556,0.5270803574374199,-0.0008223704579803114,-0.002602044978463298,-5.5053935852819504e-05,0.43400138117291587,1766.8440628018595,1515.898692600464,1379.5928126443723,1713.8740286936165,-2.4040473381152956,-0.0004918782812278952,-0.6300552656778755,-0.030808912779210725,-0.0009200303922563184,-0.0,-0.0,0.0,-3.0663234252458667,0.24041428846172103,0.24039040183624236,2.3886625478681233e-05,0.09837565624557904,0.21001842189262518,30.808912779210726,0.0009200303922563184,0.6264586448669434,0.03375408425927162,2.4039040183624234,0.00014331975287208741
0.13,0.14,STEP,STEP,0.5,0.0,1.0,0.5,0.0,1.0,-0.4902953803539276,0.0009209750569425523,-0.004887394607067108,0.2859044075012207,0.030871152877807617,-0.1252249777317047,0.945655345916748,-0.0419437400996685,0.32132527232170105,0.02695849910378456,-2.029402732849121,5.1264119148254395,0.6405757069587708,0.03032735176384449,0.9995400309562683,-0.0389835461974144,-0.5381923913955688,-0.628291666507721,0.3160158395767212,-0.0389835461974144,-0.5381923913955688,-0.628291666507721,0.3160158395767212,-3.1104579733948077,False,False,0.009704626127045864,0.0009209750390118353,0.9951126054508889,0.9456553433299443,-0.041943739469258376,0.3213252770412679,0.026958499313069182,0.28590441502427133,0.03087115319478806,-0.1252249720129023,-2.0294026943311216,5.126412024749643,0.6405757066534539,0.012943269669160876,0.0012932552580840514,0.993754804497604,0.9380274591781764,-0.052380427500846406,0.34101546069273914,0.032699116365459045,0.3501003057622706,0.041876250832797536,-0.14259907807222555,-2.3671750943727314,3.9916288929949846,0.6109431559579708,0.15005784799356436,0.14585988103483336,0.08883850798582464,0.19880948277413826,0.13391380302925746,0.10647221151195385,0.08320021415596758,0.1365299201271856,-0.00029237659648060797,-0.004036442935466766,-0.000628291666507721,0.5835657197883606,-0.0007302886465236453,-0.002855669222706682,-0.0001537753998562515,0.46011614882436447,1793.1951230111565,1582.179581730149,1390.2085579417023,1812.69344769759,-2.372493325498482,-0.000723291707728477,-0.7142115216999152,-0.0219098706866228,-0.0011199638020592266,-0.0,-0.0,0.0,-3.1104579733948077,0.23726493353659345,0.2372259310697303,3.9002466863147165e-05,0.1446583415456954,0.23807050723330508,21.909870686622803,0.0011199638020592266,0.7857871651649475,0.05104701593518257,2.372259310697303,0.000234014801178883
0.14,0.15,STEP,STEP,0.5,0.0,1.0,0.5,0.0,1.0,-0.4870567321777344,0.0012932552490383387,-0.006245195399969816,0.3501003086566925,0.04187624901533127,-0.14259907603263855,0.9380274415016174,-0.05238042771816254,0.34101545810699463,0.032699115574359894,-2.3671751022338867,3.991628885269165,0.6109431385993958,0.0334596149623394,0.99944007396698,0.04453645646572113,-0.4411843717098236,-0.7987105250358582,0.461531400680542,0.04453645646572113,-0.4411843717098236,-0.7987105250358582,0.461531400680542,-3.132750277976043,False,False,0.012943269669160876,0.0012932552580840514,0.993754804497604,0.9380274591781764,-0.052380427500846406,0.34101546069273914,0.032699116365459045,0.3501003057622706,0.041876250832797536,-0.14259907807222555,-2.3671750943727314,3.9916288929949846,0.6109431559579708,0.016866095285555757,0.0017957972884241739,0.9922362323852866,0.9318755676651974,-0.06414212960554855,0.3549249450106589,0.03901278005361461,0.4213031255779427,0.05634740839988986,-0.15767799538889152,-2.671023255648686,2.8036437923976507,0.5522308225101706,0.15150074627550106,0.17193715403615606,0.10942947821821544,0.2,0.13706530176684378,0.11775261633886752,0.0877820032728483,0.14771366878933215,0.00033402342349290846,-0.003308882787823677,-0.0007987105250358582,0.656323500340271,-0.0006831380088690333,-0.0028016840276413875,-0.0002412767417257351,0.4903135901678918,1816.6728059772304,1670.525024947572,1429.2506471453175,1895.1118246569342,-2.334577604250719,-0.0010276685214249352,-0.7805155762869254,-0.015299742628196248,-0.0013296862887770798,-0.0,-0.0,0.0,-3.132750277976043,0.23348187086010205,0.23342159477252677,6.0276087575272965e-05,0.20553370428498705,0.26017185876230847,15.299742628196247,0.0013296862887770798,1.047576904296875,0.06660351157188416,2.3342159477252675,0.0003616565254516378
0.15,0.16,STEP,STEP,0.5,0.0,1.0,0.5,0.0,1.0,-0.4831339120864868,0.0017957972595468163,-0.0077637676149606705,0.4213031232357025,0.05634740740060806,-0.15767799317836761,0.9318755865097046,-0.0641421303153038,0.3549249470233917,0.03901277855038643,-2.671023368835449,2.8036437034606934,0.5522308349609375,0.03645678237080574,0.9993352293968201,0.15713420510292053,-0.35339656472206116,-0.9415140748023987,0.6050657629966736,0.15713420510292053,-0.35339656472206116,-0.9415140748023987,0.6050657629966736,-3.132298203065788,False,False,0.016866095285555757,0.0017957972884241739,0.9922362323852866,0.9318755676651974,-0.06414212960554855,0.3549249450106589,0.03901278005361461,0.4213031255779427,0.05634740839988986,-0.15767799538889152,-2.671023255648686,2.8036437923976507,0.5522308225101706,0.021541181042095767,0.002467773439090608,0.9905855882168462,0.9273340854155505,-0.0771424773835248,0.3633194879077201,0.0458201038421866,0.49914657012963026,0.0750426439687416,-0.16951439867348755,-2.9557003513441815,1.6825788233559977,0.4684103281452805,0.1528051403465345,0.19457344126995102,0.13198817390411555,0.2,0.13989044406237974,0.13105972482150577,0.09538732909073877,0.157005187018805,0.001178506538271904,-0.0026504742354154587,-0.0009415140748023987,0.7280906814983368,-0.0006561058138368514,-0.0024907094458078813,-0.00031355560380192206,0.5233426849934293,1837.612167182495,1771.8183169105068,1492.6104174674583,1962.5902844923232,-2.289821100338729,-0.0014175691412181364,-0.8277120726623737,-0.011786644299255342,-0.0015608166242121696,-0.0,-0.0,0.0,-3.132298203065788,0.22901756249356203,0.22892893134433925,8.86311492227857e-05,0.28351382824362725,0.27590402422079124,11.786644299255341,0.0015608166242121696,1.402133584022522,0.061379916965961456,2.2892893134433927,0.0005317868953367142
0.16,0.17,STEP,STEP,0.5,0.0,1.0,0.5,0.0,1.0,-0.47845882177352905,0.002467773389071226,-0.009414412081241608,0.49914658069610596,0.07504264265298843,-0.16951440274715424,0.9273340702056885,-0.07714247703552246,0.3633194863796234,0.04582010209560394,-2.955700397491455,1.6825788021087646,0.46841034293174744,0.03949689492583275,0.9992197155952454,0.28530871868133545,-0.3070451319217682,-1.0,0.6995218992233276,0.28530871868133545,-0.3070451319217682,-1.0,0.6995218992233276,-3.11005558748564,False,False,0.021541181042095767,0.002467773439090608,0.9905855882168462,0.9273340854155505,-0.0771424773835248,0.3633194879077201,0.0458201038421866,0.49914657012963026,0.0750426439687416,-0.16951439867348755,-2.9557003513441815,1.6825788233559977,0.4684103281452805,0.02703007189356263,0.003355781915707915,0.9888389605904877,0.924269567214583,-0.09130255837763561,0.36684927655500116,0.05302092271677647,0.5827281665511439,0.0986718384506298,-0.17758314592069446,-3.214830329957505,0.7086685098822396,0.3654321644745133,0.15289490376045334,0.2,0.15058938687029447,0.2,0.14222921303709724,0.1431491112557984,0.10486467842832084,0.16468984135369336,0.0021398153901100157,-0.0023028384894132614,-0.001,0.7753187496116638,-0.0005594506084822129,-0.0020825956337043655,-0.0003608256631957978,0.5549328440749098,1854.8739488516087,1861.6460980454647,1569.3731582051075,2017.8369747298937,-2.2378655544569472,-0.0019042201075518779,-0.8574872932513757,-0.010970885774145922,-0.0018276338956195364,-0.0,-0.0,0.0,-3.11005558748564,0.223836382965975,0.2237118141652743,0.00012456880070068658,0.38084402151037555,0.28582909775045856,10.970885774145922,0.0018276338956195364,1.6650086641311646,0.030919725075364113,2.237118141652743,0.0007474128042041196
0.17,0.18,STEP,STEP,0.5,0.0,1.0,0.5,0.0,1.0,-0.4729699194431305,0.003355782013386488,-0.01116103958338499,0.5827281475067139,0.09867183864116669,-0.17758314311504364,0.9242695569992065,-0.09130255877971649,0.36684927344322205,0.05302092432975769,-3.2148303985595703,0.7086685299873352,0.36543217301368713,0.04273781552910805,0.999086320400238,0.4139350652694702,-0.3043975234031677,-1.0,0.7218483090400696,0.4139350652694702,-0.3043975234031677,-1.0,0.7218483090400696,-3.0680129699200105,False,False,0.02703007189356263,0.003355781915707915,0.9888389605904877,0.924269567214583,-0.09130255837763561,0.36684927655500116,0.05302092271677647,0.5827281665511439,0.0986718384506298,-0.17758314592069446,-3.214830329957505,0.7086685098822396,0.3654321644745133,0.0333817067746308,0.004512575152695506,0.9870343018147774,0.9224063656978279,-0.10642893886686389,0.3663113375344368,0.06045975095491594,0.6705803500155626,0.12777537191809946,-0.1819024437103581,-3.4201625710021135,-0.09009773884016742,0.2496038890217176,0.1487237854337311,0.2,0.1603421076512022,0.2,0.14340183016346117,0.15321900249760959,0.11446167636245744,0.17102618999850466,0.0031045129895210266,-0.002282981425523758,-0.001,0.7864819545200348,-0.0003936060235403419,-0.0016527522517286323,-0.0003943072146629622,0.5821086990220329,1863.5048983023603,1935.1908649414129,1645.0102731837424,2063.069139033166,-2.178538605047235,-0.0024954652526180156,-0.8730666902075683,-0.011767931716042665,-0.002144277696546261,-0.0,-0.0,0.0,-3.0680129699200105,0.21792110423649563,0.21775299490706534,0.00016810932943028568,0.4990930505236031,0.2910222300691894,11.767931716042664,0.002144277696546261,1.7850650548934937,0.01705021597445011,2.1775299490706534,0.0010086559765817142
0.18,0.19,STEP,STEP,0.5,0.0,1.0,0.5,0.0,1.0,-0.46661829948425293,0.00451257498934865,-0.012965697795152664,0.6705803275108337,0.1277753710746765,-0.1819024384021759,0.9224063754081726,-0.10642893612384796,0.36631134152412415,0.06045975163578987,-3.4201626777648926,-0.09009774029254913,0.24960388243198395,0.046289797872304916,0.9989280700683594,0.5401822924613953,-0.33036473393440247,-1.0,0.6805271506309509,0.5401822924613953,-0.33036473393440247,-1.0,0.6805271506309509,-3.0086165105353437,False,False,0.0333817067746308,0.004512575152695506,0.9870343018147774,0.9224063656978279,-0.10642893886686389,0.3663113375344368,0.06045975095491594,0.6705803500155626,0.12777537191809946,-0.1819024437103581,-3.4201625710021135,-0.09009773884016742,0.2496038890217176,0.04062715329030933,0.005994420820081587,0.985205671725788,0.9214448612284606,-0.1221703342110477,0.3624942437403254,0.06790950161467477,0.7606872405148322,0.1625472332222022,-0.18314482352201955,-3.5346482590444057,-0.721888375539218,0.12451950179096105,0.1382404386459191,0.18737471523356147,0.16049516483673454,0.2,0.14246309698191392,0.15932796228263704,0.12251905946451933,0.1762399565561827,0.004051367193460464,-0.0024777355045080183,-0.001,0.7658213753154754,-0.0001071978888862804,-0.0013030450039686926,-0.0004192794286107758,0.6005500752852531,1856.596680192034,1979.3384695806158,1707.1362484973583,2100.1021029765307,-2.111906686645843,-0.003193043536465874,-0.8779660038366572,-0.01303036624823057,-0.002520410268146999,-0.0,-0.0,0.0,-3.0086165105353437,0.21127821752421835,0.2110593453751332,0.0002188721490851489,0.6386087072931748,0.2926553346122191,13.03036624823057,0.002520410268146999,1.8640550374984741,0.018320096656680107,2.1105934537513322,0.0013132328945108934
0.19,0.2,STEP,STEP,0.5,0.0,1.0,0.5,0.0,1.0,-0.4593728482723236,0.00599442096427083,-0.01479432824999094,0.7606872320175171,0.16254723072052002,-0.18314482271671295,0.921444833278656,-0.1221703365445137,0.36249423027038574,0.06790950149297714,-3.5346481800079346,-0.7218883633613586,0.12451950460672379,0.05018260329961777,0.9987400770187378,0.6612517237663269,-0.37862423062324524,-1.0,0.6142321825027466,0.6612517237663269,-0.37862423062324524,-1.0,0.6142321825027466,-2.93387777087988,False,False,0.04062715329030933,0.005994420820081587,0.985205671725788,0.9214448612284606,-0.1221703342110477,0.3624942437403254,0.06790950161467477,0.7606872405148322,0.1625472332222022,-0.18314482352201955,-3.5346482590444057,-0.721888375539218,0.12451950179096105,0.04877569983012757,0.007856977515688429,0.9833775572906335,0.9211769143012465,-0.13795310214707135,0.3560439145003474,0.07506507252846013,0.8508502631595101,0.20276266077676866,-0.1823783822822885,-3.510020405569721,-1.2262265380675241,-0.00758575999238964,0.12609220071134836,0.1701077356052229,0.15606966073925416,0.2,0.139460812336142,0.16127319003600832,0.12845611236535898,0.18052388973823075,0.004959387928247452,-0.0028396817296743393,-0.001,0.7326738912513733,0.00029153732050503974,-0.001069679655439107,-0.00043884812113206427,0.6097140044757401,1834.4341293414452,1993.3307194936708,1752.217123808924,2130.422129434592,-2.0383088452044884,-0.003991603706238935,-0.8747899646683861,-0.013823932313931557,-0.0029634249868354303,-0.0,-0.0,0.0,-2.93387777087988,0.20394140676109931,0.20366510115947314,0.00027630560162617235,0.7983207412477871,0.291596654889462,13.823932313931556,0.0029634249868354303,1.9578913450241089,0.021381810307502747,2.0366510115947314,0.001657833609757034
0.2,0.21,STEP,STEP,0.5,0.0,1.0,0.5,0.0,1.0,-0.45122429728507996,0.007856977172195911,-0.01662244275212288,0.8508502840995789,0.2027626633644104,-0.1823783814907074,0.9211769104003906,-0.13795310258865356,0.35604390501976013,0.07506506890058517,-3.5100204944610596,-1.226226568222046,-0.007585760205984116,0.05441046506166458,0.9985186457633972,0.7855847477912903,-0.44757845997810364,-1.0,0.5668556094169617,0.7855847477912903,-0.44757845997810364,-1.0,0.5668556094169617,-2.8450472488548364,False,False,0.04877569983012757,0.007856977515688429,0.9833775572906335,0.9211769143012465,-0.13795310214707135,0.3560439145003474,0.07506507252846013,0.8508502631595101,0.20276266077676866,-0.1823783822822885,-3.510020405569721,-1.2262265380675241,-0.00758575999238964,0.057816613143687155,0.010151676941535386,0.9815643215126992,0.9215385212690717,-0.15300087544894336,0.34742367973309485,0.08157372548673698,0.9392644972517662,0.24788845876394386,-0.180508372595264,-3.3067715432532143,-1.649650276817467,-0.14466535920014523,0.11723319681692218,0.15393496109615334,0.1530845213622341,0.2,0.1353613351482032,0.1599384092268695,0.13284564153912087,0.18404031817246178,0.005891885608434677,-0.003356838449835777,-0.001,0.7089856047084808,0.0007631806432223092,-0.0009410653383205205,-0.0004500841992293227,0.6121857040866554,1803.9948712387413,1983.7327176052406,1785.2077958487262,2155.2460675299453,-1.958331287012172,-0.004881248781814836,-0.8646748867645628,-0.013677012141225698,-0.003482814155061271,-0.0,-0.0,0.0,-2.8450472488548364,0.19596907839773206,0.19562920415644494,0.0003398742412871243,0.9762497563629672,0.2882249622548543,13.677012141225697,0.003482814155061271,2.1387951374053955,0.022457927465438843,1.9562920415644494,0.0020392454477227455
0.21,0.22,STEP,STEP,0.5,0.0,1.0,0.5,0.0,1.0,-0.44218337535858154,0.010151676833629608,-0.018435679376125336,0.9392644762992859,0.2478884607553482,-0.18050837516784668,0.9215385317802429,-0.1530008763074875,0.3474236726760864,0.0815737247467041,-3.3067715167999268,-1.6496503353118896,-0.14466536045074463,0.058981120586395264,0.9982591271400452,0.9315486550331116,-0.5316721796989441,-1.0,0.5609994530677795,0.9315486550331116,-0.5316721796989441,-1.0,0.5609994530677795,-2.7426260896397747,False,False,0.057816613143687155,0.010151676941535386,0.9815643215126992,0.9215385212690717,-0.15300087544894336,0.34742367973309485,0.08157372548673698,0.9392644972517662,0.24788845876394386,-0.180508372595264,-3.3067715432532143,-1.649650276817467,-0.14466535920014523,0.06772503528887401,0.01292354307624922,0.9797741269930451,0.9226024502636566,-0.16639836305995684,0.3369471360184292,0.08708002679973137,1.0247954327976918,0.29723092269604606,-0.17793582112899886,-2.9004013523140433,-2.029173360406404,-0.28333927922955326,0.11321998362027369,0.14100217643993335,0.15563369547158706,0.2,0.13127320187221989,0.15647130809385146,0.13691625292055454,0.1869247333114894,0.0069866149127483365,-0.003987541347742081,-0.001,0.7060575265338898,0.0012761909183834613,-0.0008771707787557179,-0.00044672712447864447,0.6115854961981153,1773.4211545469768,1958.7343893151433,1815.565328930654,2175.570189061115,-1.8727411464498496,-0.005851065284653013,-0.8473307262003302,-0.012610153678242472,-0.0040929980266992795,-0.0,-0.0,0.0,-2.7426260896397747,0.18743774902054233,0.18702866308164887,0.0004090859388934663,1.1702130569306026,0.28244357540011006,12.61015367824247,0.0040929980266992795,2.4651784896850586,0.028411511331796646,1.8702866308164887,0.002454515633360798
0.22,0.23,STEP,STEP,0.5,0.0,1.0,0.5,0.0,1.0,-0.4322749674320221,0.012923543341457844,-0.020225873216986656,1.024795413017273,0.29723092913627625,-0.17793582379817963,0.9226024746894836,-0.16639836132526398,0.33694714307785034,0.08708002418279648,-2.9004013538360596,-2.0291733741760254,-0.2833392918109894,0.06393291056156158,0.9979541897773743,1.0,-0.6241312026977539,-1.0,0.6029835343360901,1.0,-0.6241312026977539,-1.0,0.6029835343360901,-2.62675544478889,False,False,0.06772503528887401,0.01292354307624922,0.9797741269930451,0.9226024502636566,-0.16639836305995684,0.3369471360184292,0.08708002679973137,1.0247954327976918,0.29723092269604606,-0.17793582112899886,-2.9004013523140433,-2.029173360406404,-0.28333927922955326,0.07846925950433668,0.01621057091754395,0.9780152801192116,0.9245294796809083,-0.17720723852133308,0.32482395902036565,0.09128105752525002,1.1070645515081494,0.35010644238021976,-0.17434199881583087,-2.296825091334642,-2.3899481320068334,-0.41909888986352617,0.11974120538423894,0.137716543834063,0.15960849402469948,0.2,0.1291627413891311,0.1530354867353695,0.14097412408819798,0.18928955873426195,0.0075,-0.004680984020233154,-0.001,0.727049567168045,0.001699354150846352,-0.0008641712801953335,-0.0004287977891542762,0.6124619109469606,1757.5466969794866,1933.859544854867,1845.6184821751153,2192.2101723879778,-1.7824094453723698,-0.006892807873765867,-0.8214780584281249,-0.011162901453352178,-0.004812231661277047,-0.0,-0.0,0.0,-2.62675544478889,0.1784342757005317,0.17795094779229495,0.00048332790823673395,1.3785615747531734,0.2738260194760416,11.162901453352179,0.004812231661277047,2.753129005432129,0.014996921643614769,1.7795094779229494,0.0028999674494204035
0.23,0.24,STEP,STEP,0.5,0.0,1.0,0.5,0.0,1.0,-0.42153075337409973,0.01621057093143463,-0.02198472060263157,1.1070646047592163,0.35010644793510437,-0.17434199154376984,0.924529492855072,-0.17720723152160645,0.32482394576072693,0.09128105640411377,-2.2968251705169678,-2.3899481296539307,-0.4190988838672638,0.0693146288394928,0.9975948333740234,1.0,-0.7006565928459167,-1.0,0.6746756434440613,1.0,-0.7006565928459167,-1.0,0.6746756434440613,-2.497722320134943,False,False,0.07846925950433668,0.01621057091754395,0.9780152801192116,0.9245294796809083,-0.17720723852133308,0.32482395902036565,0.09128105752525002,1.1070645515081494,0.35010644238021976,-0.17434199881583087,-2.296825091334642,-2.3899481320068334,-0.41909888986352617,0.09001732185936484,0.020044319099965603,0.9763032543011306,0.9274892411745269,-0.18466908484551461,0.3111677221182818,0.09399832615286445,1.186230874892025,0.4058929453349537,-0.16878221473351732,-1.5463017030256765,-2.7491082470738117,-0.5479397613353197,0.13276112961608288,0.14261964687921175,0.16451159706984833,0.2,0.12981319699721877,0.1511362723029771,0.14518564269775588,0.19122770663256872,0.0075,-0.005254924446344376,-0.001,0.7628956217220306,0.001960925478465201,-0.0008739398429802219,-0.0004001489270889926,0.6173628186305204,1762.4461303772348,1920.0631232452001,1876.6050353608591,2205.8338384683857,-1.6882449255757903,-0.008001901038150669,-0.7855681331157607,-0.010248883092961562,-0.005658477312279437,-0.0,-0.0,0.0,-2.497722320134943,0.16904910686026578,0.1684875711035489,0.000561535756716884,1.6003802076301337,0.2618560443719202,10.248883092961561,0.005658477312279437,2.9461069107055664,0.010995893739163876,1.684875711035489,0.003369214540301304
0.24,0.25,STEP,STEP,0.5,0.0,1.0,0.5,0.0,1.0,-0.40998268127441406,0.020044319331645966,-0.023696744814515114,1.1862308979034424,0.405892938375473,-0.16878221929073334,0.9274892210960388,-0.18466907739639282,0.31116771697998047,0.09399832785129547,-1.5463017225265503,-2.74910831451416,-0.5479397773742676,0.07515192776918411,0.9971721172332764,1.0,-0.7391642928123474,-1.0,0.7373659610748291,1.0,-0.7391642928123474,-1.0,0.7373659610748291,-2.356113128041639,False,False,0.09001732185936484,0.020044319099965603,0.9763032543011306,0.9274892411745269,-0.18466908484551461,0.3111677221182818,0.09399832615286445,1.186230874892025,0.4058929453349537,-0.16878221473351732,-1.5463017030256765,-2.7491082470738117,-0.5479397613353197,0.10233959047890125,0.024449679974176422,0.97466435860465,0.9315873739123138,-0.18828544138614495,0.2960300230438746,0.09518289124536095,1.262507017127222,0.46386028133151763,-0.1601582580984215,-0.7076287340630538,-3.110729979949048,-0.6672546012979749,0.14263961808777093,0.14841373781521558,0.17030568800585225,0.2,0.13211673406626284,0.15064201730337912,0.14968197305874612,0.19281575565115322,0.0075,-0.005543732196092606,-0.001,0.7942407805374145,0.0021120715438647996,-0.0008700334947063073,-0.0003662548510273687,0.6252564800795413,1779.7483428514854,1916.4670802651021,1909.4752954723067,2216.987952858081,-1.591167249862759,-0.009173704982647754,-0.7385110918879941,-0.010622608136378804,-0.006638473171859713,-0.0,-0.0,0.0,-2.356113128041639,0.1593734828762414,0.15873158815132762,0.000641894724913775,1.8347409965295507,0.2461703639626647,10.622608136378805,0.006638473171859713,3.0900723934173584,0.005412918981164694,1.5873158815132762,0.0038513683494826503
0.25,0.26,STEP,STEP,0.5,0.0,1.0,0.5,0.0,1.0,-0.39766040444374084,0.024449680000543594,-0.02533564157783985,1.2625069618225098,0.46386027336120605,-0.16015826165676117,0.9315873980522156,-0.1882854402065277,0.2960300147533417,0.0951828882098198,-0.7076287269592285,-3.110729932785034,-0.667254626750946,0.08138670772314072,0.9966825842857361,1.0,-0.7453646659851074,-0.9966767430305481,0.7599361538887024,1.0,-0.7453646659851074,-0.9966767430305481,0.7599361538887024,-2.2029344887083044,False,False,0.10233959047890125,0.024449679974176422,0.97466435860465,0.9315873739123138,-0.18828544138614495,0.2960300230438746,0.09518289124536095,1.262507017127222,0.46386028133151763,-0.1601582580984215,-0.7076287340630538,-3.110729979949048,-0.6672546012979749,0.11540697404548608,0.029442500432644618,0.9731343812838269,0.9368393436548628,-0.18773409970687077,0.2794458820613561,0.09485752994110322,1.335811930399649,0.5229648610767045,-0.1476708073736943,0.18405446654028348,-3.4705203783815364,-0.7763834735157973,0.14592958750427232,0.15076631660218248,0.17293800222795824,0.2,0.13459675908797836,0.15066454741405946,0.15385218746126927,0.19411670394866595,0.0075,-0.005590234994888306,-0.000996676743030548,0.8055258769443512,0.002217026664418713,-0.0008554753241433125,-0.0003346138905920579,0.633230197911973,1798.2939794683314,1916.631053689908,1939.7819465469877,2226.1201693322737,-1.4921171332597738,-0.010398462133347062,-0.6800045591627919,-0.012681159041363407,-0.007733175111028143,-0.0,-0.0,0.0,-2.2029344887083044,0.14950041791357851,0.14877865644457572,0.0007217614690027904,2.0796924266694123,0.2266681863875973,12.681159041363406,0.007733175111028143,3.1264359951019287,0.0005589022766798735,1.487786564445757,0.004330568814016743
0.26,0.27,STEP,STEP,0.5,0.0,1.0,0.5,0.0,1.0,-0.38459303975105286,0.029442500323057175,-0.02686561830341816,1.335811972618103,0.5229648351669312,-0.14767080545425415,0.9368393421173096,-0.18773409724235535,0.2794458866119385,0.09485752880573273,0.18405446410179138,-3.470520496368408,-0.7763834595680237,0.08782517910003662,0.9961358904838562,0.9511259198188782,-0.7361197471618652,-0.9631875157356262,0.7347891926765442,0.9511259198188782,-0.7361197471618652,-0.9631875157356262,0.7347891926765442,-2.0397836918824397,False,False,0.11540697404548608,0.029442500432644618,0.9731343812838269,0.9368393436548628,-0.18773409970687077,0.2794458820613561,0.09485752994110322,1.335811930399649,0.5229648610767045,-0.1476708073736943,0.18405446654028348,-3.4705203783815364,-0.7763834735157973,0.12918758723026685,0.03502604668010478,0.9717545005776849,0.943182630616491,-0.1827764596569856,0.26141219926739356,0.09307498682674575,1.4057465198446806,0.5818125980624471,-0.13095264038867002,1.1111047277543808,-3.833346904735621,-0.876719682771246,0.14629737042582225,0.14929572211975697,0.16910243752987733,0.2,0.1367010954117666,0.15041623390489642,0.15659747476225347,0.1951823097570298,0.007133444398641586,-0.005520898103713989,-0.0009631875157356262,0.7929523963382721,0.0022861411036886386,-0.0008792681198157111,-0.0003106618425181626,0.6388971138359463,1813.9661475785247,1914.8235630761478,1959.645837641613,2233.596995803461,-1.3920735435271743,-0.01165888885672185,-0.610461432783343,-0.016697739610242818,-0.008892087104957301,-0.0,-0.0,0.0,-2.0397836918824397,0.13952647764776382,0.13872866941014783,0.0007978082376160046,2.33177777134437,0.20348714426111433,16.697739610242817,0.008892087104957301,2.9141581058502197,0.004228042438626289,1.3872866941014783,0.004786849425696027
0.27,0.28,STEP,STEP,0.5,0.0,1.0,0.5,0.0,1.0,-0.37081241607666016,0.03502604737877846,-0.02824549935758114,1.405746579170227,0.5818126201629639,-0.1309526413679123,0.943182647228241,-0.18277646601200104,0.26141220331192017,0.0930749848484993,1.1111047267913818,-3.8333468437194824,-0.8767196536064148,0.09415817260742188,0.9955572485923767,0.768955409526825,-0.7744266986846924,-0.9381923079490662,0.6884288787841797,0.768955409526825,-0.7744266986846924,-0.9381923079490662,0.6884288787841797,-1.868933395349484,False,False,0.12918758723026685,0.03502604668010478,0.9717545005776849,0.943182630616491,-0.1827764596569856,0.26141219926739356,0.09307498682674575,1.4057465198446806,0.5818125980624471,-0.13095264038867002,1.1111047277543808,-3.833346904735621,-0.876719682771246,0.14364453464235324,0.041188325588343434,0.9705678898866373,0.950488658188516,-0.17330186036294712,0.2417612064074773,0.08994050770446663,1.4717689277931771,0.6388211170268502,-0.10987579846183504,2.0357159612670266,-4.233469520400567,-0.9716307188643447,0.15324701330857313,0.1500782865394828,0.1526666898934427,0.2,0.13966939127421543,0.15035496304430662,0.15588353751618808,0.19605505753005906,0.005767165571451187,-0.0058082002401351925,-0.0009381923079490662,0.7697722393920898,0.0021889779809287193,-0.0010424757001588339,-0.00030209112519673524,0.6419629493647692,1835.9772906995586,1914.3774759018766,1954.4864285131573,2239.71850357085,-1.292054453184714,-0.012931344437322682,-0.5308920943731437,-0.023010469908958782,-0.010045033445344709,-0.0,-0.0,0.0,-1.868933395349484,0.12955194496076144,0.12868569585503634,0.0008662491057251048,2.5862688874645365,0.17696403145771455,23.010469908958783,0.010045033445344709,2.545168161392212,0.03742755576968193,1.2868569585503633,0.005197494634350629
0.28,0.29,STEP,STEP,0.5,0.0,1.0,0.5,0.0,1.0,-0.3563554584980011,0.041188325732946396,-0.029432110488414764,1.4717689752578735,0.6388211250305176,-0.10987579822540283,0.9504886865615845,-0.17330186069011688,0.2417612075805664,0.08994051069021225,2.0357160568237305,-4.233469486236572,-0.9716306924819946,0.1000572070479393,0.9949817061424255,0.7066435217857361,-0.8911733627319336,-0.918981671333313,0.6445714235305786,0.7066435217857361,-0.8911733627319336,-0.918981671333313,0.6445714235305786,-1.6932975838533832,False,False,0.14364453464235324,0.041188325588343434,0.9705678898866373,0.950488658188516,-0.17330186036294712,0.2417612064074773,0.08994050770446663,1.4717689277931771,0.6388211170268502,-0.10987579846183504,2.0357159612670266,-4.233469520400567,-0.9716307188643447,0.1587345442109182,0.04790094567806132,0.96961754175349,0.9585653743443681,-0.15941301185319245,0.22000980019913757,0.08564813235716759,1.5331512560881444,0.6923133154708713,-0.08458961247054508,2.9089586702237034,-4.731843941721171,-1.064136951642255,0.1580694646619713,0.1409007085111112,0.1384969316808322,0.2,0.14296892898561311,0.14863162028384946,0.15270079647013035,0.1967697966388956,0.00529982641339302,-0.006683800220489502,-0.000918981671333313,0.7478435117652893,0.0020459953999477625,-0.0013578550501175488,-0.0002954062473139896,0.6410711423784885,1860.3203804475322,1901.815344008217,1931.4307219757516,2244.730370235217,-1.193104681732429,-0.01418502951680421,-0.44290092319062313,-0.03198477508572348,-0.011122174327803552,-0.0,-0.0,0.0,-1.6932975838533832,0.11967970568088325,0.11875661191178233,0.0009230937691009223,2.837005903360842,0.14763364106354104,31.984775085723477,0.011122174327803552,2.553534746170044,0.019805079326033592,1.1875661191178233,0.0055385626146055335
0.29,0.3,STEP,STEP,0.5,0.0,1.0,0.5,0.0,1.0,-0.341265469789505,0.04790094494819641,-0.030382458120584488,1.5331512689590454,0.6923133134841919,-0.08458961546421051,0.958565354347229,-0.15941300988197327,0.22000980377197266,0.08564813435077667,2.908958673477173,-4.731843948364258,-1.0641369819641113,0.10526633262634277,0.9944440722465515,0.7328386306762695,-1.0,-0.8940510153770447,0.6002852916717529,0.7328386306762695,-1.0,-0.8940510153770447,0.6002852916717529,-1.5166625099888342,False,False,0.1587345442109182,0.04790094567806132,0.96961754175349,0.9585653743443681,-0.15941301185319245,0.22000980019913757,0.08564813235716759,1.5331512560881444,0.6923133154708713,-0.08458961247054508,2.9089586702237034,-4.731843941721171,-1.064136951642255,0.17440565223225102,0.05511876439929431,0.9689432208062518,0.9671646867720985,-0.14124266526605805,0.19538455549395306,0.08042296714247091,1.5889381016944673,0.7406386841340442,-0.0555087381497609,3.7290216843395396,-5.381614844612158,-1.1540479313558782,0.15796520879150341,0.12715499390196666,0.12962819465025266,0.2,0.14566432733948104,0.1446827522350326,0.14845778370786486,0.19735509997239625,0.005496289730072022,-0.0075,-0.0008940510153770447,0.7257004458358765,0.001960993504158702,-0.0017634682043502822,-0.0002846195024908929,0.6361599632547748,1880.114528708059,1872.9154014025144,1900.5465280330732,2248.8337396036604,-1.0962847160754432,-0.015381755857316022,-0.34874769010217604,-0.044199207685891216,-0.012049140268007857,-0.0,-0.0,0.0,-1.5166625099888342,0.11001428102110002,0.10904975748721078,0.0009645235338892288,3.0763511714632044,0.11624923003405868,44.19920768589122,0.012049140268007857,2.6967220306396484,0.01511222030967474,1.0904975748721077,0.005787141203335373
0.3,0.31,STEP,STEP,0.5,0.0,1.0,0.5,0.0,1.0,-0.32559433579444885,0.05511876568198204,-0.031056778505444527,1.5889381170272827,0.7406386733055115,-0.05550873652100563,0.9671646952629089,-0.14124266803264618,0.19538456201553345,0.08042296767234802,3.7290217876434326,-5.381614685058594,-1.154047966003418,0.10954827070236206,0.9939814805984497,0.7970860600471497,-1.0,-0.8581783771514893,0.5522254705429077,0.7970860600471497,-1.0,-0.8581783771514893,0.5522254705429077,-1.3442986202677607,False,False,0.17440565223225102,0.05511876439929431,0.9689432208062518,0.9671646867720985,-0.14124266526605805,0.19538455549395306,0.08042296714247091,1.5889381016944673,0.7406386841340442,-0.0555087381497609,3.7290216843395396,-5.381614844612158,-1.1540479313558782,0.1905953265004904,0.06278101784194631,0.9685800120352214,0.9759412091353226,-0.11878419473796077,0.16699488000676863,0.0744431423535018,1.638016020761307,0.7823058605931625,-0.023108914520990877,4.5317876002187685,-6.197288940447733,-1.2405367336247974,0.15006025517201188,0.11623045794025669,0.12853777532975136,0.2,0.14645914148309355,0.1394147892511457,0.1447992923724138,0.1978343862796042,0.005978145450353622,-0.0075,-0.0008581783771514893,0.7016705352714538,0.0020067408876330677,-0.0021241088182492335,-0.0002731850055509409,0.6285076093862572,1885.9363151214893,1834.0935589415615,1873.7706847412514,2252.193294296843,-1.0026503757083305,-0.016478164828597267,-0.25198184920812505,-0.060482420452364856,-0.012705810070343004,-0.0,-0.0,0.0,-1.3442986202677607,0.10065992382831578,0.09967270818460894,0.0009872156437068338,3.2956329657194536,0.08399394973604168,60.482420452364856,0.012705810070343004,2.676769256591797,0.007724324241280556,0.9967270818460894,0.005923293862241002
0.31,0.32,STEP,STEP,0.5,0.0,1.0,0.5,0.0,1.0,-0.3094046711921692,0.06278102099895477,-0.031419988721609116,1.6380159854888916,0.7823058366775513,-0.023108914494514465,0.9759411811828613,-0.11878419667482376,0.1669948846101761,0.07444313913583755,4.531787395477295,-6.197288990020752,-1.2405366897583008,0.1124815046787262,0.9936538338661194,0.877636730670929,-1.0,-0.8015483021736145,0.5013423562049866,0.877636730670929,-1.0,-0.8015483021736145,0.5013423562049866,-1.1837767413226574,False,False,0.1905953265004904,0.06278101784194631,0.9685800120352214,0.9759412091353226,-0.11878419473796077,0.16699488000676863,0.0744431423535018,1.638016020761307,0.7823058605931625,-0.023108914520990877,4.5317876002187685,-6.197288940447733,-1.2405367336247974,0.20722894326466226,0.07081282200559338,0.9685575660452796,0.9843853804276061,-0.09180238127485414,0.13402112164394897,0.06779442857611045,1.6791055304111646,0.8159397422978475,0.011983766176258761,5.371330641719348,-7.162484682487725,-1.3229659015103088,0.14181140116920665,0.10321476260934755,0.12883269207618023,0.2,0.14561425319793436,0.13264612355416247,0.14187338189896326,0.1982268450395316,0.006582275480031967,-0.0075,-0.0008015483021736145,0.6762289781024933,0.002186347903340103,-0.0024508649128903498,-0.000257708880970971,0.6183606036905918,1879.7475239639532,1783.7141505844181,1852.2517798339763,2254.943865040799,-0.9132252341412037,-0.017426483279851017,-0.15833602952661516,-0.08190261846610346,-0.012886375908884133,-0.0,-0.0,0.0,-1.1837767413226574,0.09171797407531916,0.0907293474223222,0.0009886266529969513,3.4852966559702034,0.05277867650887172,81.90261846610346,0.012886375908884133,2.6640701293945312,0.012284466996788979,0.907293474223222,0.005931759917981708
0.32,0.33,STEP,STEP,0.5,0.0,1.0,0.5,0.0,1.0,-0.2927710711956024,0.07081282138824463,-0.03144243359565735,1.679105520248413,0.815939724445343,0.011983766220510006,0.9843853712081909,-0.09180238097906113,0.1340211182832718,0.06779442727565765,5.371330738067627,-7.162484645843506,-1.3229658603668213,0.11327452212572098,0.993563711643219,0.954102098941803,-1.0,-0.7130003571510315,0.445706307888031,0.954102098941803,-1.0,-0.7130003571510315,0.445706307888031,-1.0459078457726985,False,False,0.20722894326466226,0.07081282200559338,0.9685575660452796,0.9843853804276061,-0.09180238127485414,0.13402112164394897,0.06779442857611045,1.6791055304111646,0.8159397422978475,0.011983766176258761,5.371330641719348,-7.162484682487725,-1.3229659015103088,0.2242181866056322,0.07912589272098978,0.9688974699251083,0.9917652342331179,-0.0598322887778199,0.09571917576409232,0.06049509713339904,1.7107870822696192,0.8402211795550532,0.048831194550956594,6.300121525639001,-8.267541450071525,-1.3996965421908978,0.13452843307040346,0.08847826378473772,0.12966017882155118,0.2,0.14359022077261313,0.12427475330286716,0.139640551238317,0.19854819727881273,0.007155765742063522,-0.0075,-0.0007130003571510315,0.6484109539440155,0.0024862970453845157,-0.0027655781781545947,-0.00023517754071025363,0.60605372259261,1864.8900842164303,1720.5253974921059,1835.763950338235,2257.195841897393,-0.8289693592421521,-0.018175742784973775,-0.07645238033609779,-0.11000292327669182,-0.012307440132782892,-0.0,-0.0,0.0,-1.0459078457726985,0.08328388287503903,0.08231651549797948,0.000967367377059544,3.6351485569947553,0.025484126778699264,110.00292327669182,0.012307440132782892,2.6173343658447266,0.016783060505986214,0.8231651549797948,0.005804204262357264
0.33,0.34,STEP,STEP,0.5,0.0,1.0,0.5,0.0,1.0,-0.2757818102836609,0.07912589609622955,-0.031102530658245087,1.710787057876587,0.8402211666107178,0.04883119463920593,0.9917652606964111,-0.059832289814949036,0.09571917355060577,0.06049509719014168,6.300121307373047,-8.267541885375977,-1.3996965885162354,0.1107114776968956,0.9938526153564453,0.9968592524528503,-1.0,-0.5834266543388367,0.3807315230369568,0.9968592524528503,-1.0,-0.5834266543388367,0.3807315230369568,-0.9457502511413541,False,False,0.2242181866056322,0.07912589272098978,0.9688974699251083,0.9917652342331179,-0.0598322887778199,0.09571917576409232,0.06049509713339904,1.7107870822696192,0.8402211795550532,0.048831194550956594,6.300121525639001,-8.267541450071525,-1.3996965421908978,0.24146006129274564,0.08761903126141181,0.9696095024361158,0.9970482843708663,-0.0222310722640311,0.05138566864552198,0.05253580794997293,1.7315695211068967,0.8538779402954426,0.08607363961657198,7.361273415210487,-9.51451741614033,-1.4683403088823495,0.12959246139914782,0.07263541477238827,0.1292593316211321,0.2,0.14102836913189407,0.11430619835146508,0.13774471802283583,0.19881132066581628,0.007476444393396378,-0.0075,-0.0005834266543388366,0.6159235615184784,0.0028715851144631337,-0.00310377208438464,-0.0002040059252635556,0.5918906061720113,1846.018883794869,1643.7998174388692,1821.7175204138905,2259.0396046051064,-0.7507414395124734,-0.018674246073931994,-0.01880824509693572,-0.14687041121821104,-0.010655909239802063,-0.0,-0.0,0.0,-0.9457502511413541,0.07544357688811953,0.07451999454593908,0.0009235823421804535,3.7348492147863985,0.006269415032311907,146.87041121821105,0.010655909239802063,2.479071617126465,0.022839242592453957,0.7451999454593907,0.0055414940530827215
0.34,0.35000000000000003,STEP,STEP,0.5,0.0,1.0,0.5,0.0,1.0,-0.25853994488716125,0.08761902898550034,-0.03039049729704857,1.731569528579712,0.8538779616355896,0.08607363700866699,0.9970482587814331,-0.022231072187423706,0.05138566717505455,0.05253580957651138,7.361273288726807,-9.514517784118652,-1.468340277671814,0.10304423421621323,0.9946767687797546,0.9816537499427795,-1.0,-0.40751147270202637,0.29873722791671753,0.9816537499427795,-1.0,-0.40751147270202637,0.29873722791671753,-0.9039521407001256,False,False,0.24146006129274564,0.08761903126141181,0.9696095024361158,0.9970482843708663,-0.0222310722640311,0.05138566864552198,0.05253580794997293,1.7315695211068967,0.8538779402954426,0.08607363961657198,7.361273415210487,-9.51451741614033,-1.4683403088823495,0.25883659591677677,0.09617874458320155,0.9706863970358036,0.9987992149884722,0.02171411057350318,0.00030976686321106106,0.04391502686898501,1.739961676993947,0.8557180090282971,0.12174775518211661,8.581677424431872,-10.922470208916229,-1.5262291278244022,0.12755341339873666,0.05578869155002336,0.12560748106343717,0.2,0.13856215389235976,0.10271415189600311,0.13552454981434037,0.1990267626397186,0.007362403124570847,-0.0075,-0.0004075114727020264,0.5749264139583588,0.003297737860665686,-0.003512526845022437,-0.0001642660123243884,0.5758276182424218,1827.7794035024401,1552.1483887426223,1805.2108524450096,2260.5491498352894,-0.6792571076985426,-0.01887271232137413,-0.0028295913210471977,-0.19527491823228582,-0.007717811126875868,-0.0,-0.0,0.0,-0.9039521407001256,0.06826942569735128,0.06741013837860874,0.000859287318742543,3.7745424642748255,0.0009431971070157325,195.2749182322858,0.007717811126875868,2.2189536094665527,0.037900421768426895,0.6741013837860874,0.005155723912455258
0.35000000000000003,0.36,STEP,STEP,0.5,0.0,1.0,0.5,0.0,1.0,-0.24116340279579163,0.09617874771356583,-0.029313603416085243,1.7399616241455078,0.8557180166244507,0.12174775451421738,0.998799204826355,0.021714109927415848,0.00030976685229688883,0.043915025889873505,8.581677436828613,-10.922470092773438,-1.5262291431427002,0.08773811161518097,0.9961435794830322,0.9008716940879822,-0.9814043045043945,-0.18651849031448364,0.1930646449327469,0.9008716940879822,-0.9814043045043945,-0.18651849031448364,0.1930646449327469,-0.9483558006631153,False,False,0.25883659591677677,0.09617874458320155,0.9706863970358036,0.9987992149884722,0.02171411057350318,0.00030976686321106106,0.04391502686898501,1.739961676993947,0.8557180090282971,0.12174775518211661,8.581677424431872,-10.922470208916229,-1.5262291278244022,0.2762154899421216,0.10468070580237805,0.9720965150567339,0.995052379242242,0.07263906276014974,-0.058254166829942,0.03465228957269466,1.7345899274679015,0.8447543574978895,0.15307297459305935,9.972132864851599,-12.527129998847654,-1.5709971693539249,0.12694335338367618,0.03854891891357543,0.11840149822707927,0.2,0.13643795665572173,0.089516803755113,0.13237774577327133,0.1992031613597544,0.0067565377056598664,-0.007360532283782958,-0.00018651849031448364,0.5220901224663734,0.0037344124173630624,-0.00402150992886113,-0.00011823132035409362,0.5575356675438605,1812.0095384636993,1443.8554093946884,1781.7041395313026,2261.7850609384022,-0.6150471979231616,-0.018729217382677698,-0.05201988835034213,-0.2588404519884002,-0.0037190450185335764,-0.0,-0.0,0.0,-0.9483558006631153,0.06181616158110779,0.06103755710912871,0.0007786044719790786,3.7458434765355397,0.017339962783447377,258.8404519884002,0.0037190450185335764,1.8467873334884644,0.0668761283159256,0.6103755710912872,0.004671626831874471
0.36,0.37,STEP,STEP,0.5,0.0,1.0,0.5,0.0,1.0,-0.22378450632095337,0.10468070209026337,-0.02790348418056965,1.73458993434906,0.8447543382644653,0.15307296812534332,0.9950523972511292,0.07263906300067902,-0.058254167437553406,0.034652289003133774,9.972132682800293,-12.527130126953125,-1.5709971189498901,0.060946181416511536,0.9981410503387451,0.7592718005180359,-0.8691061735153198,0.06545156985521317,0.06786376982927322,0.7592718005180359,-0.8691061735153198,0.06545156985521317,0.06786376982927322,-1.1151691234615029,False,False,0.2762154899421216,0.10468070580237805,0.9720965150567339,0.995052379242242,0.07263906276014974,-0.058254166829942,0.03465228957269466,1.7345899274679015,0.8447543574978895,0.15307297459305935,9.972132864851599,-12.527129998847654,-1.5709971693539249,0.2934523626788988,0.11299302916446229,0.9737753294026744,0.9831702685845407,0.13093215609971923,-0.12497657022233728,0.024776003833188075,1.7143860207841708,0.8204170568191612,0.17643528413119278,11.532406632132481,-14.357003431106925,-1.6016381194465064,0.1234520200372554,0.02575911426159358,0.1118022138220169,0.1984763367937708,0.1340603940187336,0.07588961495778823,0.12858116371234898,0.19907139928300904,0.005694538503885269,-0.006518296301364898,6.545156985521317e-05,0.45948968491463665,0.004161373797335954,-0.00454881017230041,-7.317757166770537e-05,0.5376025719718798,1794.2900761066987,1326.3617599417462,1753.160829129696,2260.861895541613,-0.5584199113145313,-0.018216664924332264,-0.19657423563276025,-0.3416851949153334,-0.00027311667454586643,-0.0,-0.0,0.0,-1.1151691234615029,0.05611708447062841,0.05542935112269018,0.000687733347938233,3.643332984866453,0.06552474521092008,341.6851949153334,0.00027311667454586643,1.3407286405563354,0.11182556301355362,0.5542935112269018,0.004126400087629397
0.37,0.38,STEP,STEP,0.5,0.0,1.0,0.5,0.0,1.0,-0.20654763281345367,0.1129930317401886,-0.026224670931696892,1.714385986328125,0.820417046546936,0.17643527686595917,0.9831702709197998,0.13093215227127075,-0.12497656792402267,0.024776004254817963,11.5324068069458,-14.357003211975098,-1.6016380786895752,0.01652549020946026,0.9998634457588196,0.5689586400985718,-0.7269198894500732,0.31608983874320984,-0.05640168488025665,0.5689586400985718,-0.7269198894500732,0.31608983874320984,-0.05640168488025665,-1.4459722023030157,False,False,0.2934523626788988,0.11299302916446229,0.9737753294026744,0.9831702685845407,0.13093215609971923,-0.12497657022233728,0.024776003833188075,1.7143860207841708,0.8204170568191612,0.17643528413119278,11.532406632132481,-14.357003431106925,-1.6016381194465064,0.31039667162351764,0.12098343847067135,0.9756130980154832,0.9598125658943537,0.19634552498095073,-0.20000742597484006,0.014328388819769626,1.6791592305999856,0.7831445068797742,0.18653219022551948,13.201553058202789,-16.368155225576135,-1.613304007563758,0.12101992441322526,0.017310798734701302,0.10426544314980907,0.1547607912621361,0.13167178409865468,0.06294076966319022,0.12407147297867575,0.19094580619824036,0.0042671898007392885,-0.0054518991708755495,0.00031608983874320984,0.3973569575598717,0.004256909067049844,-0.004794327066343552,1.1028686422445092e-05,0.509629832938761,1776.4120903368287,1207.6281944484417,1718.9777116217967,2203.8530387859005,-0.5094324710866838,-0.017338426491777147,-0.4713272137507576,-0.44480025845792,-0.0030738325158771377,-0.0,-0.0,0.0,-1.4459722023030157,0.05118113550402935,0.05058641451562692,0.0005947209884024276,3.4676852983554296,0.15710907125025253,444.80025845792,0.0030738325158771377,0.9552204012870789,0.13469748198986053,0.5058641451562692,0.0035683259304145655
0.38,0.39,STEP,STEP,0.5,0.0,1.0,0.5,0.0,1.0,-0.18960332870483398,0.12098343670368195,-0.024386901408433914,1.6791592836380005,0.7831445336341858,0.1865321844816208,0.959812581539154,0.1963455229997635,-0.20000742375850677,0.01432838849723339,13.201553344726562,-16.368154525756836,-1.6133040189743042,-0.055413756519556046,0.9984634518623352,0.35794949531555176,-0.5742274522781372,0.5203139781951904,-0.15116257965564728,0.35794949531555176,-0.5742274522781372,0.5203139781951904,-0.15116257965564728,-1.983488300594509,False,False,0.31039667162351764,0.12098343847067135,0.9756130980154832,0.9598125658943537,0.19634552498095073,-0.20000742597484006,0.014328388819769626,1.6791592305999856,0.7831445068797742,0.18653219022551948,13.201553058202789,-16.368155225576135,-1.613304007563758,0.32690421412823223,0.12853254756861984,0.9774425874682431,0.9212699139068634,0.26740938622320415,-0.28238718597372053,0.003382763310241355,1.6301018313553404,0.7347786988541066,0.17771580826956104,14.83983640557525,-18.441525229992738,-1.596300916512607,0.120862844745919,0.016158768919341558,0.09792288325222223,0.11503201325469362,0.12969503135722,0.052684370186062396,0.11920302616541739,0.17669910544078216,0.0026846212148666383,-0.004306705892086029,0.0005203139781951904,0.3499765101721764,0.004013596121374436,-0.004755485808486799,0.0001159166164610096,0.47828153314948196,1761.5565273705913,1107.0076229400634,1681.707421107529,2103.356203584973,-0.4678806898712112,-0.01614357312693336,-0.9075018158545644,-0.5628587739687543,-0.02910344777304575,-0.0,-0.0,0.0,-1.983488300594509,0.04699160373117226,0.0464827668710444,0.0005088368601278639,3.228714625386672,0.3025006052848548,562.8587739687542,0.02910344777304575,0.7514417171478271,0.11852696537971497,0.464827668710444,0.003053021160767184
0.39,0.4,STEP,STEP,0.5,0.0,1.0,0.5,0.0,1.0,-0.17309579253196716,0.1285325437784195,-0.022557413205504417,1.6301017999649048,0.7347787022590637,0.17771580815315247,0.9212698936462402,0.26740938425064087,-0.2823871970176697,0.003382763359695673,14.839836120605469,-18.441524505615234,-1.5963009595870972,-0.16977103054523468,0.9854835271835327,0.17026984691619873,-0.42888811230659485,0.6558051705360413,-0.1999669224023819,0.17026984691619873,-0.42888811230659485,0.6558051705360413,-0.1999669224023819,-12.779113809501952,True,False,0.32690421412823223,0.12853254756861984,0.9774425874682431,0.9212699139068634,0.26740938622320415,-0.28238718597372053,0.003382763310241355,1.6301018313553404,0.7347786988541066,0.17771580826956104,14.83983640557525,-18.441525229992738,-1.596300916512607,0.34285039973325804,0.13554665671890645,0.9790466840548834,0.8640565099174068,0.3413704628901384,-0.3698764409334181,-0.007998323446253288,1.5696499705047107,0.678327132311653,0.1455155865281864,16.319995570473875,-20.46249627789179,-1.546494819128154,0.1227102486372479,0.02201690305784932,0.0952793761944833,0.08556781090922856,0.12842158806509937,0.0463480670226393,0.1147519638632305,0.15910841440446133,0.0012770238518714904,-0.003216660842299461,0.0006558051705360413,0.3255743387988091,0.003503352518027243,-0.004469931645341392,0.00022403939877730153,0.4486300333554305,1751.9565438632922,1041.0535415034688,1647.2690353748608,1977.7573391840049,-0.43332317881127386,-0.014725517571291162,-1.5200542469483982,-0.6874476555686125,-0.12356321060237735,-0.0,-0.0,-10.0,-12.779113809501952,0.043507934460765736,0.043068893011669857,0.0004390414490958786,2.9451035142582325,0.5066847489827994,687.4476555686125,0.12356321060237735,0.6830040216445923,0.07708690315485,0.43068893011669857,0.0026342486945752715
